,material,exp_label,rA,rB,rX,nA,nB,nX,chiA,chiB,chiX,rA_rB_ratio,rB_rX_ratio,rA_rX_ratio,delta_chi_AX,delta_chi_BX,delta_chi_AO,delta_chi_BO,rX_rB_ratio,chi_AX_ratio,chi_BX_ratio,log_rA_rB_ratio,t_sisso,t,tau,t_jess,p_t_sisso,dataset
0,PbZrS3,0.0,1.49,0.72,1.84,2.0,4.0,-2.0,2.33,1.33,2.58,2.0694444444444446,0.3913043478260869,0.8097826086956521,-0.25,-1.25,-1.11,-2.11,2.555555555555556,0.2252252252252252,0.5924170616113744,0.7272801869294039,2.4520942685576266,0.919793559655214,4.246469405915466,0.3496872812382884,0.5833990876652481,train
1,CsCdBr3,1.0,1.88,0.95,1.96,1.0,2.0,-1.0,0.79,1.69,2.96,1.9789473684210528,0.4846938775510204,0.9591836734693876,-2.17,-1.27,-2.65,-1.75,2.0631578947368423,0.8188679245283019,0.7257142857142858,0.6825650712294085,2.327290132955413,0.9330917111786649,3.962438053999392,1.052864588679536,0.77439708339266,train
2,RbMnF3,1.0,1.72,0.83,1.33,1.0,2.0,-1.0,0.82,1.55,3.98,2.072289156626506,0.6240601503759398,1.2932330827067668,-3.16,-2.43,-2.62,-1.89,1.602409638554217,1.2061068702290076,1.2857142857142858,0.7286538690168551,2.020520688839402,0.9984634792831594,3.4464062805024263,0.9366417371392488,0.966911421199383,train
3,BaVSe3,0.0,1.61,0.58,1.98,2.0,4.0,-2.0,0.89,1.63,2.55,2.775862068965518,0.2929292929292929,0.8131313131313131,-1.6599999999999997,-0.92,-2.55,-1.81,3.4137931034482767,0.6509803921568627,0.5082872928176796,1.0209613544380438,3.718556639739203,0.991609273021687,4.851534810123166,1.2699868805289685,0.0002278331250976,train
4,NdYbSe3,0.0,1.27,0.868,1.98,3.0,3.0,-2.0,1.14,1.1,2.55,1.463133640552995,0.4383838383838384,0.6414141414141414,-1.41,-1.4499999999999995,-2.3,-2.34,2.28110599078341,0.6130434782608696,0.6196581196581195,0.3805804647922866,2.860402537916664,0.8069181277131815,4.814543273368671,0.7983045488986124,0.0694615615988063,train
5,RbVF3,1.0,1.72,0.79,1.33,1.0,2.0,-1.0,0.82,1.63,3.98,2.1772151898734178,0.5939849624060151,1.2932330827067668,-3.16,-2.35,-2.62,-1.81,1.6835443037974682,1.2061068702290076,1.298342541436464,0.7780466243464316,2.068892345008541,1.0173024128545398,3.481853713214037,0.9450321391201602,0.9544657730162612,train
6,AgCuF3,1.0,1.28,0.73,1.33,1.0,2.0,-1.0,1.93,1.9,3.98,1.7534246575342467,0.5488721804511277,0.962406015037594,-2.05,-2.08,-1.51,-1.54,1.8219178082191785,1.357615894039735,1.3506493506493509,0.561570822771226,2.298898140719753,0.8958996834007227,3.944274929412707,0.9005206636831636,0.8077259448974435,train
7,CsFeCl3,0.0,1.88,0.78,1.81,1.0,2.0,-1.0,0.79,1.83,3.16,2.41025641025641,0.430939226519337,1.0386740331491713,-2.37,-1.33,-2.65,-1.61,2.3205128205128203,0.8943396226415095,0.8260869565217391,0.8797331361403574,2.647463432176089,1.0074249402213424,4.060271403247239,1.0906600494829273,0.2540370872461946,train
8,NaMgBr3,0.0,1.39,0.72,1.96,1.0,2.0,-1.0,0.93,1.31,2.96,1.930555555555556,0.3673469387755102,0.7091836734693877,-2.03,-1.65,-2.51,-2.13,2.722222222222222,0.8087649402390438,0.7746478873239436,0.6578078141146367,2.735350904811815,0.8838857029719773,4.657054424168544,0.9228138092673024,0.1534264526567974,train
9,RbCdF3,1.0,1.72,0.95,1.33,1.0,2.0,-1.0,0.82,1.69,3.98,1.810526315789473,0.7142857142857142,1.2932330827067668,-3.16,-2.29,-2.62,-1.75,1.4,1.2061068702290076,1.3085714285714285,0.5936175852129121,2.056954701332557,0.9459127698472036,3.449987670328356,0.8718453310535412,0.957906043176602,train
10,KBaBr3,0.0,1.64,1.35,1.96,1.0,2.0,-1.0,0.82,0.89,2.96,1.2148148148148146,0.6887755102040817,0.836734693877551,-2.14,-2.07,-2.62,-2.55,1.4518518518518515,0.816793893129771,0.8117647058823529,0.1945916493857687,5.944190177996851,0.7690606720722943,6.6947446925744325,0.7738252917908527,2.1296823180691503e-10,train
11,NaBeCl3,0.0,1.39,0.45,1.81,1.0,2.0,-1.0,0.93,1.57,3.16,3.088888888888889,0.2486187845303867,0.7679558011049723,-2.23,-1.59,-2.51,-1.87,4.022222222222223,0.8884462151394423,0.8502673796791443,1.127811443360372,4.972799405088006,1.0012156635434786,5.761056720731464,1.0461724018498737,8.416558882026213e-08,train
12,NaCdI3,0.0,1.39,0.95,2.2,1.0,2.0,-1.0,0.93,1.69,2.66,1.463157894736842,0.4318181818181817,0.6318181818181817,-1.73,-0.9700000000000002,-2.51,-1.75,2.315789473684211,0.6892430278884463,0.5542857142857144,0.3805970415301508,3.050513362002487,0.805879282201752,5.160164849946643,1.002094519598227,0.0194564885916545,train
13,GdScS3,1.0,1.107,0.745,1.84,3.0,3.0,-2.0,1.2,1.36,2.58,1.4859060402684563,0.404891304347826,0.6016304347826087,-1.38,-1.22,-2.24,-2.08,2.469798657718121,0.6160714285714285,0.5865384615384615,0.3960247143290773,2.841037039321975,0.8061311154068603,4.725960102988987,0.8467208554097817,0.0788221026450547,train
14,NaMnCl3,0.0,1.39,0.83,1.81,1.0,2.0,-1.0,0.93,1.55,3.16,1.6746987951807228,0.4585635359116021,0.7679558011049723,-2.23,-1.61,-2.51,-1.89,2.180722891566265,0.8884462151394423,0.851851851851852,0.5156333253340938,2.5370114088210998,0.8571012877304022,4.428571145159333,0.8939211594361254,0.4308776319386267,train
15,RbCuF3,1.0,1.72,0.73,1.33,1.0,2.0,-1.0,0.82,1.9,3.98,2.356164383561644,0.5488721804511277,1.2932330827067668,-3.16,-2.08,-2.62,-1.54,1.8219178082191785,1.2061068702290076,1.3506493506493509,0.857035035665062,2.2025579825780293,1.046932580219235,3.5711220828533565,0.9348929661587796,0.8923159426607538,train
16,KHgI3,0.0,1.64,1.02,2.2,1.0,2.0,-1.0,0.82,2.0,2.66,1.6078431372549018,0.4636363636363636,0.7454545454545454,-1.8400000000000003,-0.6600000000000001,-2.62,-1.44,2.156862745098039,0.7022900763358779,0.4583333333333334,0.4748936145399272,2.6237913561992783,0.8432599004751286,4.542553956828831,1.2921012215469003,0.2877353930774655,train
17,DyScS3,1.0,1.083,0.745,1.84,3.0,3.0,-2.0,1.22,1.36,2.58,1.4536912751677853,0.404891304347826,0.5885869565217391,-1.36,-1.22,-2.22,-2.08,2.469798657718121,0.6126126126126126,0.5865384615384615,0.3741060286214311,2.947507210441417,0.7995660842667976,5.127119021075469,0.8351102271355476,0.0389618720726595,train
18,BaNbSe3,0.0,1.61,0.68,1.98,2.0,4.0,-2.0,0.89,1.6,2.55,2.367647058823529,0.3434343434343435,0.8131313131313131,-1.6599999999999997,-0.9499999999999996,-2.55,-1.84,2.9117647058823524,0.6509803921568627,0.5163043478260867,0.8618966598083562,2.8991036244347548,0.9543307289231272,4.405804001382068,1.203264304818494,0.0538121068227689,train
19,AgZnF3,1.0,1.28,0.74,1.33,1.0,2.0,-1.0,1.93,1.65,3.98,1.7297297297297298,0.556390977443609,0.962406015037594,-2.05,-2.33,-1.51,-1.79,1.7972972972972974,1.357615894039735,1.3016759776536313,0.5479651707154475,2.3132651911899544,0.8915716656065162,3.953939036901511,0.9298872259168096,0.7913677049280068,train
20,NaCuF3,1.0,1.39,0.73,1.33,1.0,2.0,-1.0,0.93,1.9,3.98,1.904109589041096,0.5488721804511277,1.045112781954887,-3.05,-2.08,-2.51,-1.54,1.8219178082191785,1.2151394422310755,1.3506493506493509,0.6440144919823007,2.199806124565002,0.9336579076053508,3.778543183496333,0.8399845219166278,0.894153497369156,train
21,NaCoF3,1.0,1.39,0.745,1.33,1.0,2.0,-1.0,0.93,1.88,3.98,1.8657718120805369,0.5601503759398496,1.045112781954887,-3.05,-2.1,-2.51,-1.56,1.7852348993288591,1.2151394422310755,1.3461538461538465,0.6236748077451779,2.1976404216367325,0.9269085733335046,3.776812864175656,0.8366972096226168,0.8955796768010232,train
22,PbAgBr3,0.0,1.49,1.15,1.96,2.0,1.0,-1.0,2.33,1.93,2.96,1.2956521739130435,0.586734693877551,0.7602040816326531,-0.6299999999999999,-1.03,-1.11,-1.51,1.704347826086957,0.5675675675675674,0.6821192052980133,0.2590141775822091,5.239783175317199,0.7844130354349382,7.708836275386713,0.6526826909903406,1.6190509547975552e-08,train
23,LaYS3,0.0,1.36,0.9,1.84,3.0,3.0,-2.0,1.1,1.22,2.58,1.511111111111111,0.4891304347826087,0.7391304347826088,-1.48,-1.36,-2.34,-2.22,2.0444444444444443,0.6324786324786326,0.6126126126126126,0.4128452154057869,2.63575241584254,0.8258202188351321,4.025153834227502,0.8526002108486396,0.2703703705561644,train
24,PbNaF3,0.0,1.49,1.02,1.33,2.0,1.0,-1.0,2.33,0.93,3.98,1.46078431372549,0.7669172932330827,1.1203007518796992,-1.65,-3.05,-1.11,-2.51,1.303921568627451,1.4864864864864862,1.2151394422310755,0.3789734926611878,3.768584903691729,0.8485302748530983,5.013085095964013,1.0380115590914505,0.0001647031334557,train
25,LaTmS3,0.0,1.36,0.88,1.84,3.0,3.0,-2.0,1.1,1.25,2.58,1.5454545454545456,0.4782608695652173,0.7391304347826088,-1.48,-1.33,-2.34,-2.19,2.090909090909092,0.6324786324786326,0.6073059360730594,0.4353180712578456,2.5592827825033204,0.8318924263265669,3.741428659202975,0.8663741829605003,0.3918184673576748,train
26,TlPbI3,0.0,1.7,1.19,2.2,1.0,2.0,-1.0,1.62,2.33,2.66,1.4285714285714286,0.5409090909090909,0.7727272727272726,-1.04,-0.33,-1.82,-1.11,1.84873949579832,0.5714285714285714,0.2972972972972972,0.3566749439387324,3.1292214095813136,0.8134877266290764,4.853986998737075,1.5635867992351085,0.0114213907055488,train
27,KBeCl3,0.0,1.64,0.45,1.81,1.0,2.0,-1.0,0.82,1.57,3.16,3.644444444444444,0.2486187845303867,0.9060773480662982,-2.3400000000000003,-1.59,-2.62,-1.87,4.022222222222223,0.8931297709923665,0.8502673796791443,1.2932039380538785,5.593244561517255,1.0794356372578129,5.840373588145921,1.1338505116694844,1.8383267022735398e-09,train
28,KCdF3,1.0,1.64,0.95,1.33,1.0,2.0,-1.0,0.82,1.69,3.98,1.7263157894736842,0.7142857142857142,1.2330827067669172,-3.16,-2.29,-2.62,-1.75,1.4,1.2061068702290076,1.3085714285714285,0.5459895362236576,2.1658945263424187,0.921101943097113,3.561811124465435,0.8489772567963991,0.9145697430737312,train
29,CsGeI3,0.0,1.88,0.73,2.2,1.0,2.0,-1.0,0.79,2.01,2.66,2.5753424657534247,0.3318181818181818,0.8545454545454544,-1.87,-0.6500000000000004,-2.65,-1.4300000000000002,3.0136986301369864,0.7056603773584906,0.4545454545454547,0.945982521681558,3.390473212205684,0.9846426397612744,4.736098258806184,1.528611252821842,0.0019723850476859,train
30,CsHgBr3,1.0,1.88,1.02,1.96,1.0,2.0,-1.0,0.79,2.0,2.96,1.843137254901961,0.5204081632653061,0.9591836734693876,-2.17,-0.96,-2.65,-1.44,1.92156862745098,0.8188679245283019,0.6666666666666666,0.6114691495456782,2.2814550926666137,0.9111734495066826,3.935845400484277,1.1191960672242462,0.8262087336452573,train
31,PbTaS3,0.0,1.49,0.68,1.84,2.0,4.0,-2.0,2.33,1.5,2.58,2.191176470588235,0.3695652173913044,0.8097826086956521,-0.25,-1.08,-1.11,-1.94,2.705882352941176,0.2252252252252252,0.5567010309278351,0.7844386007693523,2.6188941051319325,0.9343934574275188,4.292492875266822,0.3780287177613834,0.29503855116888,train
32,RbGeI3,0.0,1.72,0.73,2.2,1.0,2.0,-1.0,0.82,2.01,2.66,2.356164383561644,0.3318181818181818,0.7818181818181817,-1.8400000000000003,-0.6500000000000004,-2.62,-1.4300000000000002,3.0136986301369864,0.7022900763358779,0.4545454545454547,0.857035035665062,3.2058521394740525,0.946029202907891,4.762902904771165,1.4616512264775352,0.006804792777878,train
33,NaMnF3,1.0,1.39,0.83,1.33,1.0,2.0,-1.0,0.93,1.55,3.98,1.6746987951807228,0.6240601503759398,1.045112781954887,-3.05,-2.43,-2.51,-1.89,1.602409638554217,1.2151394422310755,1.2857142857142858,0.5156333253340938,2.316544490284759,0.8904330044754732,3.850257892147285,0.841555761201919,0.7874885481015856,train
34,LaLuS3,1.0,1.36,0.861,1.84,3.0,3.0,-2.0,1.1,1.27,2.58,1.5795586527293846,0.4679347826086956,0.7391304347826088,-1.48,-1.31,-2.34,-2.17,2.137049941927991,0.6324786324786326,0.6036866359447005,0.4571454743023669,2.502034242029846,0.8377443167746249,3.502844255914527,0.8776993696592241,0.4938098807801154,train
35,MnLiI3,0.0,0.96,0.76,2.2,2.0,1.0,-1.0,1.55,0.98,2.66,1.263157894736842,0.3454545454545454,0.4363636363636363,-1.11,-1.6800000000000002,-1.89,-2.46,2.894736842105264,0.5873015873015874,0.6829268292682927,0.2336148511815051,5.323698981831122,0.7548861679436348,9.708757340788733,0.6491849868313458,9.653772923395194e-09,train
36,LaErS3,0.0,1.36,0.89,1.84,3.0,3.0,-2.0,1.1,1.24,2.58,1.5280898876404496,0.483695652173913,0.7391304347826088,-1.48,-1.34,-2.34,-2.2,2.067415730337079,0.6324786324786326,0.6090909090909091,0.4240185160039122,2.595365019057939,0.8288452013217077,3.87890034691701,0.8606709961421993,0.3316052102101484,train
37,RbHgF3,1.0,1.72,1.02,1.33,1.0,2.0,-1.0,0.82,2.0,3.98,1.6862745098039216,0.7669172932330827,1.2932330827067668,-3.16,-1.98,-2.62,-1.44,1.303921568627451,1.2061068702290076,1.375,0.522521663529182,2.206787421678478,0.9177366447879254,3.531107401296274,0.805009798065189,0.889435662443005,train
38,TlSrCl3,0.0,1.7,1.18,1.81,1.0,2.0,-1.0,1.62,0.95,3.16,1.4406779661016949,0.6519337016574586,0.9392265193370164,-1.54,-2.21,-1.82,-2.49,1.5338983050847457,0.8461538461538461,0.8875502008032128,0.3651138125845969,3.048291001308878,0.8300839645302047,4.479730854949973,0.7913679007477308,0.0197511991195773,train
39,NaCrF3,1.0,1.39,0.8,1.33,1.0,2.0,-1.0,0.93,1.66,3.98,1.7374999999999998,0.6015037593984962,1.045112781954887,-3.05,-2.3200000000000003,-2.51,-1.78,1.6625,1.2151394422310755,1.303370786516854,0.5524472984568101,2.248442040112236,0.9029743143976632,3.807596382683888,0.8418477045035225,0.8572021328810128,train
40,LiMgI3,0.0,0.92,0.72,2.2,1.0,2.0,-1.0,0.98,1.31,2.66,1.277777777777778,0.3272727272727272,0.4181818181818181,-1.6800000000000002,-1.35,-2.46,-2.13,3.055555555555556,0.6829268292682927,0.6338028169014085,0.2451224580329851,4.455073563377392,0.755540655691115,7.268369542619249,0.8141001753463071,2.1037631898912238e-06,train
41,CsBaBr3,0.0,1.88,1.35,1.96,1.0,2.0,-1.0,0.79,0.89,2.96,1.3925925925925924,0.6887755102040817,0.9591836734693876,-2.17,-2.07,-2.65,-2.55,1.4518518518518515,0.8188679245283019,0.8117647058823529,0.3311671843915196,3.361545523125429,0.8203313835437808,4.656956277132744,0.8275095635474452,0.0023921993749781,train
42,NaNiF3,1.0,1.39,0.69,1.33,1.0,2.0,-1.0,0.93,1.91,3.98,2.0144927536231885,0.5187969924812029,1.045112781954887,-3.05,-2.0700000000000003,-2.51,-1.53,1.9275362318840583,1.2151394422310755,1.3529411764705883,0.7003674285334324,2.23896565131744,0.9521461830034764,3.803873239505231,0.8551668038927809,0.8651797006293372,train
43,CsSnCl3,1.0,1.88,1.15,1.81,1.0,2.0,-1.0,0.79,1.96,3.16,1.6347826086956525,0.6353591160220994,1.0386740331491713,-2.37,-1.2000000000000002,-2.65,-1.48,1.573913043478261,0.8943396226415095,0.810810810810811,0.4915098344666993,2.382550467909048,0.8814968226936747,3.899955564009785,0.9723076274466456,0.6980255691331648,train
44,CsBaF3,0.0,1.88,1.35,1.33,1.0,2.0,-1.0,0.79,0.89,3.98,1.3925925925925924,1.0150375939849623,1.413533834586466,-3.19,-3.09,-2.65,-2.55,0.9851851851851852,1.2037735849056603,1.211764705882353,0.3311671843915196,3.536464018221856,0.8469471959821036,4.190289610466078,0.8413619058089298,0.0007497649814331,train
45,NdLuSe3,0.0,1.27,0.861,1.98,3.0,3.0,-2.0,1.14,1.27,2.55,1.475029036004646,0.4348484848484849,0.6414141414141414,-1.41,-1.2799999999999998,-2.3,-2.17,2.29965156794425,0.6130434782608696,0.5898617511520736,0.3886776750249063,2.824188701891496,0.8089063103580221,4.684630413797386,0.8406965481665899,0.0879096612217912,train
46,RbMnBr3,0.0,1.72,0.83,1.96,1.0,2.0,-1.0,0.82,1.55,2.96,2.072289156626506,0.423469387755102,0.8775510204081632,-2.14,-1.41,-2.62,-1.89,2.36144578313253,0.816793893129771,0.746031746031746,0.7286538690168551,2.536245941324347,0.9326736593367386,4.205442425080739,1.0211390510945193,0.4322387225878308,train
47,KFeF3,1.0,1.64,0.78,1.33,1.0,2.0,-1.0,0.82,1.83,3.98,2.102564102564102,0.5864661654135338,1.2330827067669172,-3.16,-2.15,-2.62,-1.61,1.7051282051282053,1.2061068702290076,1.3354037267080745,0.7431576011346065,2.0857115513624684,0.9953139479911932,3.534358639364549,0.8989453651340306,0.9491526905574008,train
48,PbHfS3,0.0,1.49,0.71,1.84,2.0,4.0,-2.0,2.33,1.3,2.58,2.098591549295775,0.3858695652173912,0.8097826086956521,-0.25,-1.28,-1.11,-2.14,2.591549295774649,0.2252252252252252,0.5981308411214953,0.7412664289041438,2.4890589421007907,0.9234005932224894,4.25372814933002,0.3477050375661822,0.5173032604802047,train
49,KTiI3,0.0,1.64,0.86,2.2,1.0,2.0,-1.0,0.82,1.54,2.66,1.9069767441860463,0.3909090909090909,0.7454545454545454,-1.8400000000000003,-1.12,-2.62,-1.9,2.558139534883721,0.7022900763358779,0.5894736842105264,0.6455191315706906,2.630560397979682,0.8873519214150046,4.512314943358371,1.0571777253499373,0.2778247024875007,train
50,PbLiBr3,0.0,1.49,0.76,1.96,2.0,1.0,-1.0,2.33,0.98,2.96,1.9605263157894737,0.3877551020408163,0.7602040816326531,-0.6299999999999999,-1.98,-1.11,-2.46,2.5789473684210527,0.5675675675675674,0.8048780487804879,0.673212965659128,3.083029600791073,0.89688402213333,4.403334050783789,0.6324464726099892,0.0156134070828345,train
51,CuTaS3,0.0,0.77,0.64,1.84,1.0,5.0,-2.0,1.9,1.5,2.58,1.203125,0.3478260869565217,0.4184782608695652,-0.6800000000000002,-1.08,-1.54,-1.94,2.8750000000000004,0.4415584415584416,0.5567010309278351,0.184922338494012,5.282932599399943,0.7441747370183422,8.381109590642879,0.5902569222430237,1.2409884673131104e-08,train
52,PrLuS3,0.0,1.179,0.861,1.84,3.0,3.0,-2.0,1.13,1.27,2.58,1.3693379790940767,0.4679347826086956,0.6407608695652174,-1.4500000000000002,-1.31,-2.31,-2.17,2.137049941927991,0.6277056277056278,0.6036866359447005,0.3143273961096401,3.2981557883861767,0.7903594038570603,6.206270086675791,0.8218055795367767,0.0036565774350683,train
53,RbCaF3,1.0,1.72,1.0,1.33,1.0,2.0,-1.0,0.82,1.0,3.98,1.72,0.7518796992481203,1.2932330827067668,-3.16,-2.98,-2.62,-2.44,1.33,1.2061068702290076,1.221311475409836,0.5423242908253617,2.1536299975205,0.9256142125543452,3.501534133907845,0.9140908633227912,0.9210105969073564,train
54,BaSnS3,0.0,1.61,0.69,1.84,2.0,4.0,-2.0,0.89,1.96,2.58,2.333333333333333,0.3749999999999999,0.875,-1.69,-0.6200000000000001,-2.55,-1.48,2.6666666666666674,0.6627450980392157,0.4189189189189189,0.8472978603872034,2.668403786755407,0.9642389486967026,4.174371672004535,1.5254613905630563,0.2265338572644483,train
55,PbAgF3,0.0,1.49,1.15,1.33,2.0,1.0,-1.0,2.33,1.93,3.98,1.2956521739130435,0.8646616541353382,1.1203007518796992,-1.65,-2.05,-1.11,-1.51,1.156521739130435,1.4864864864864862,1.357615894039735,0.2590141775822091,5.892979821619573,0.8040508652841859,7.161010188430192,0.8803747443882877,2.9162542191589125e-10,train
56,TlEuCl3,0.0,1.7,1.17,1.81,1.0,2.0,-1.0,1.62,1.2,3.16,1.452991452991453,0.6464088397790054,0.9392265193370164,-1.54,-1.96,-1.82,-2.24,1.5470085470085473,0.8461538461538461,0.8749999999999999,0.3736245022525056,2.98314358005796,0.8328694811897019,4.435916914183786,0.8054122455460855,0.0306646284677304,train
57,BaNaF3,0.0,1.61,1.02,1.33,2.0,1.0,-1.0,0.89,0.93,3.98,1.5784313725490198,0.7669172932330827,1.2105263157894737,-3.09,-3.05,-2.55,-2.51,1.303921568627451,1.211764705882353,1.2151394422310755,0.456431551700192,3.155820224607277,0.8846379461234429,4.220320606640562,0.882181092425434,0.009540762811702,train
58,RbMgI3,0.0,1.72,0.72,2.2,1.0,2.0,-1.0,0.82,1.31,2.66,2.388888888888889,0.3272727272727272,0.7818181818181817,-1.8400000000000003,-1.35,-2.62,-2.13,3.055555555555556,0.7022900763358779,0.6338028169014085,0.8708283577973978,3.268883021368325,0.9492690289452468,4.7987929197258605,1.0518448341086266,0.0044509273408558,train
59,ErScS3,1.0,1.062,0.745,1.84,3.0,3.0,-2.0,1.24,1.36,2.58,1.425503355704698,0.404891304347826,0.5771739130434783,-1.34,-1.22,-2.2,-2.08,2.469798657718121,0.6090909090909091,0.5865384615384615,0.3545249834223247,3.060181257136131,0.7938216820192429,5.53244661508292,0.82434418484502,0.018224537102504,train
60,AgCaCl3,0.0,1.28,1.0,1.81,1.0,2.0,-1.0,1.93,1.0,3.16,1.28,0.5524861878453039,0.7071823204419889,-1.2300000000000002,-2.16,-1.51,-2.44,1.81,0.8145695364238412,0.8852459016393444,0.2468600779315258,4.463908454081369,0.7775677785575543,5.995123535264568,0.7154882318515245,1.990621913953692e-06,train
61,RbBaBr3,0.0,1.72,1.35,1.96,1.0,2.0,-1.0,0.82,0.89,2.96,1.274074074074074,0.6887755102040817,0.8775510204081632,-2.14,-2.07,-2.62,-2.55,1.4518518518518515,0.816793893129771,0.8117647058823529,0.2422196983750234,4.67867172021387,0.7861509092294565,5.711845496553089,0.7910214093862049,5.215018976985373e-07,train
62,LaYbSe3,0.0,1.36,0.868,1.98,3.0,3.0,-2.0,1.1,1.1,2.55,1.566820276497696,0.4383838383838384,0.686868686868687,-1.4499999999999995,-1.4499999999999995,-2.34,-2.34,2.28110599078341,0.6196581196581195,0.6196581196581195,0.4490482640697475,2.580230623885737,0.8292635527883158,3.748713162655246,0.8292635527883159,0.3563138137823736,train
63,CsMnI3,0.0,1.88,0.83,2.2,1.0,2.0,-1.0,0.79,1.55,2.66,2.265060240963856,0.3772727272727272,0.8545454545454544,-1.87,-1.11,-2.65,-1.89,2.6506024096385548,0.7056603773584906,0.5873015873015874,0.8176013550333515,2.8411096255728103,0.9521461830034764,4.420974825265802,1.1440320430355897,0.0787849122325412,train
64,KCaI3,0.0,1.64,1.0,2.2,1.0,2.0,-1.0,0.82,1.0,2.66,1.64,0.4545454545454545,0.7454545454545454,-1.8400000000000003,-1.66,-2.62,-2.44,2.2,0.7022900763358779,0.680327868852459,0.494696241836107,2.5892683562403054,0.8485302748530982,4.515165674016445,0.8759223585901935,0.3414544160803131,train
65,NaZnF3,1.0,1.39,0.74,1.33,1.0,2.0,-1.0,0.93,1.65,3.98,1.8783783783783785,0.556390977443609,1.045112781954887,-3.05,-2.33,-2.51,-1.79,1.7972972972972974,1.2151394422310755,1.3016759776536313,0.6304088399265221,2.1976069700592324,0.9291474829309284,3.776916648125745,0.867376961349692,0.8956015686616733,train
66,BaLiBr3,0.0,1.61,0.76,1.96,2.0,1.0,-1.0,0.89,0.98,2.96,2.118421052631579,0.3877551020408163,0.8214285714285715,-2.07,-1.98,-2.55,-2.46,2.5789473684210527,0.8117647058823529,0.8048780487804879,0.7506710246981321,3.147543103681824,0.9280799881205763,4.223020425546073,0.9360207794627844,0.0100900051708283,train
67,KCaF3,1.0,1.64,1.0,1.33,1.0,2.0,-1.0,0.82,1.0,3.98,1.64,0.7518796992481203,1.2330827067669172,-3.16,-2.98,-2.62,-2.44,1.33,1.2061068702290076,1.221311475409836,0.494696241836107,2.3107375406098165,0.9013358069791492,3.645165674016445,0.8901147095307179,0.7943207525291167,train
68,SrNaBr3,0.0,1.44,1.02,1.96,2.0,1.0,-1.0,0.95,0.93,2.96,1.4117647058823528,0.5204081632653061,0.7346938775510204,-2.01,-2.03,-2.49,-2.51,1.92156862745098,0.8072289156626504,0.8087649402390438,0.3448404862917294,3.896085713953525,0.8067681584173751,6.109497609131067,0.8052359261739567,7.239610195050235e-05,train
69,BaLiCl3,0.0,1.61,0.76,1.81,2.0,1.0,-1.0,0.89,0.98,3.16,2.118421052631579,0.4198895027624309,0.8895027624309393,-2.27,-2.18,-2.55,-2.46,2.381578947368421,0.8901960784313726,0.8861788617886179,0.7506710246981321,3.0100575158007925,0.94097715304721,4.025652004493442,0.9452427807242724,0.0255750548586508,train
70,AgMgCl3,0.0,1.28,0.72,1.81,1.0,2.0,-1.0,1.93,1.31,3.16,1.777777777777778,0.3977900552486187,0.7071823204419889,-1.2300000000000002,-1.85,-1.51,-2.13,2.5138888888888893,0.8145695364238412,0.8685446009389672,0.5753641449035619,2.618903798974816,0.8636227105718292,4.603719552695295,0.8099535133084429,0.2950239863175028,train
71,AgCdBr3,0.0,1.28,0.95,1.96,1.0,2.0,-1.0,1.93,1.69,2.96,1.3473684210526318,0.4846938775510204,0.653061224489796,-1.03,-1.27,-1.51,-1.75,2.0631578947368423,0.6821192052980133,0.7257142857142858,0.2981533723190764,3.688672151600868,0.7872961313069984,5.582202608444495,0.740001708651439,0.0002767151222103,train
72,CsCdF3,1.0,1.88,0.95,1.33,1.0,2.0,-1.0,0.79,1.69,3.98,1.9789473684210528,0.7142857142857142,1.413533834586466,-3.19,-2.29,-2.65,-1.75,1.4,1.2037735849056603,1.3085714285714285,0.6825650712294085,1.928028911729836,0.9955344233473848,3.2992801592625494,0.915806363736801,0.9821094560136212,train
73,TbScS3,1.0,1.095,0.745,1.84,3.0,3.0,-2.0,1.1,1.36,2.58,1.4697986577181208,0.404891304347826,0.5951086956521738,-1.48,-1.22,-2.34,-2.08,2.469798657718121,0.6324786324786326,0.5865384615384615,0.3851254238710416,2.8915914053685547,0.802848599836829,4.919045318283533,0.8657310949060161,0.0565591437826187,train
74,NaCaI3,0.0,1.39,1.0,2.2,1.0,2.0,-1.0,0.93,1.0,2.66,1.39,0.4545454545454545,0.6318181818181817,-1.73,-1.66,-2.51,-2.44,2.2,0.6892430278884463,0.680327868852459,0.3293037471426003,3.3887188207867336,0.7932874184173496,5.421026976040088,0.8036828230747651,0.0019955794052687,train
75,RbTiI3,0.0,1.72,0.86,2.2,1.0,2.0,-1.0,0.82,1.54,2.66,2.0,0.3909090909090909,0.7818181818181817,-1.8400000000000003,-1.12,-2.62,-1.9,2.558139534883721,0.7022900763358779,0.5894736842105264,0.6931471805599453,2.648962595244451,0.9058384197778172,4.443529616661648,1.0792022612947278,0.2519949885316208,train
76,BaNaCl3,0.0,1.61,1.02,1.81,2.0,1.0,-1.0,0.89,0.93,3.16,1.5784313725490198,0.56353591160221,0.8895027624309393,-2.27,-2.23,-2.55,-2.51,1.7745098039215683,0.8901960784313726,0.8884462151394423,0.456431551700192,3.128402822788785,0.8545269552407525,4.69090884193468,0.856210011936206,0.0114848277213404,train
77,KMnF3,1.0,1.64,0.83,1.33,1.0,2.0,-1.0,0.82,1.55,3.98,1.9759036144578312,0.6240601503759398,1.2330827067669172,-3.16,-2.43,-2.62,-1.89,1.602409638554217,1.2061068702290076,1.2857142857142858,0.6810258200276005,2.0463148522699184,0.9722742732691748,3.503773370075809,0.9120740850175636,0.9607581405431708,train
78,KMnI3,0.0,1.64,0.83,2.2,1.0,2.0,-1.0,0.82,1.55,2.66,1.9759036144578312,0.3772727272727272,0.7454545454545454,-1.8400000000000003,-1.11,-2.62,-1.89,2.6506024096385548,0.7022900763358779,0.5873015873015874,0.6810258200276005,2.7023668975543216,0.896137584003272,4.551966141160147,1.071593446850209,0.1866521077665575,train
79,CeYbSe3,0.0,1.34,0.868,1.98,3.0,3.0,-2.0,1.12,1.1,2.55,1.543778801843318,0.4383838383838384,0.6767676767676768,-1.4299999999999995,-1.4499999999999995,-2.32,-2.34,2.28110599078341,0.6163793103448274,0.6196581196581195,0.4342331782846069,2.628578047879331,0.8242979027716193,3.946657673926479,0.8199362789103427,0.2807047531650287,train
80,CaLiCl3,0.0,1.34,0.76,1.81,2.0,1.0,-1.0,1.0,0.98,3.16,1.7631578947368425,0.4198895027624309,0.7403314917127072,-2.16,-2.18,-2.44,-2.46,2.381578947368421,0.8852459016393444,0.8861788617886179,0.5671064596645805,3.0015699508612546,0.8666894830697988,4.599663275942904,0.8657770411414654,0.0270827931070316,train
81,UVS3,1.0,1.17,0.79,1.84,4.0,2.0,-2.0,1.38,1.63,2.58,1.481012658227848,0.4293478260869565,0.6358695652173912,-1.2000000000000002,-0.9500000000000002,-2.06,-1.81,2.329113924050633,0.5825242718446603,0.5248618784530388,0.3927260823307346,2.9893219757909746,0.8092763394511487,1.4135478321668966,0.8981850839488478,0.0294144476051209,train
82,UCrS3,1.0,1.17,0.8,1.84,4.0,2.0,-2.0,1.38,1.66,2.58,1.4625,0.4347826086956521,0.6358695652173912,-1.2000000000000002,-0.9200000000000002,-2.06,-1.78,2.3000000000000003,0.5825242718446603,0.5168539325842697,0.3801473001238744,3.0494411030779105,0.8062108987714095,1.6887716632308694,0.908646306340086,0.0195981319902885,train
83,TlCdI3,0.0,1.7,0.95,2.2,1.0,2.0,-1.0,1.62,1.69,2.66,1.7894736842105263,0.4318181818181817,0.7727272727272726,-1.04,-0.9700000000000002,-1.82,-1.75,2.315789473684211,0.5714285714285714,0.5542857142857144,0.581921545449721,2.512132013439289,0.8754677438960538,4.390901055654568,0.90254406587222,0.4755347838901916,train
84,CsCdCl3,1.0,1.88,0.95,1.81,1.0,2.0,-1.0,0.79,1.69,3.16,1.9789473684210528,0.5248618784530387,1.0386740331491713,-2.37,-1.4700000000000002,-2.65,-1.75,1.9052631578947368,0.8943396226415095,0.8400000000000001,0.6825650712294085,2.2288570017076403,0.9453734040482888,3.8045433171572864,1.0065296350379354,0.8732604723656877,train
85,TlPbCl3,0.0,1.7,1.19,1.81,1.0,2.0,-1.0,1.62,2.33,3.16,1.4285714285714286,0.6574585635359116,0.9392265193370164,-1.54,-0.8300000000000001,-1.82,-1.11,1.5210084033613445,0.8461538461538461,0.7477477477477478,0.3566749439387324,3.1174365237185566,0.8273170179817707,4.5262559063001,0.9361946978273792,0.0123695435153316,train
86,KCdCl3,1.0,1.64,0.95,1.81,1.0,2.0,-1.0,0.82,1.69,3.16,1.7263157894736842,0.5248618784530387,0.9060773480662982,-2.3400000000000003,-1.4700000000000002,-2.62,-1.75,1.9052631578947368,0.8931297709923665,0.8400000000000001,0.5459895362236576,2.3630064659580152,0.8838857029719774,4.067074282360172,0.939791232712844,0.7267266662004941,train
87,CrLiCl3,0.0,0.8,0.76,1.81,2.0,1.0,-1.0,1.66,0.98,3.16,1.0526315789473684,0.4198895027624309,0.4419889502762431,-1.5000000000000002,-2.18,-1.78,-2.46,2.381578947368421,0.8426966292134832,0.8861788617886179,0.0512932943875504,26.435339157478037,0.7181141431149761,39.42521209731306,0.6828783599871822,6.726714461166712e-65,train
88,SnZrS3,0.0,1.15,0.72,1.84,2.0,4.0,-2.0,1.96,1.33,2.58,1.597222222222222,0.3913043478260869,0.6249999999999999,-0.6200000000000001,-1.25,-1.48,-2.11,2.555555555555556,0.4189189189189189,0.5924170616113744,0.4682660093471947,2.5603698782261426,0.8258807037144413,5.377414030608634,0.5840092630266119,0.3899431558582837,train
89,TlMnF3,1.0,1.7,0.83,1.33,1.0,2.0,-1.0,1.62,1.55,3.98,2.048192771084337,0.6240601503759398,1.2781954887218043,-2.36,-2.43,-1.82,-1.89,1.602409638554217,1.2967032967032963,1.2857142857142858,0.7169578292536637,2.025305136548376,0.9919161777796636,3.4591924052846643,1.000394093829062,0.9658463899324098,train
90,BaTiS3,0.0,1.61,0.605,1.84,2.0,4.0,-2.0,0.89,1.54,2.58,2.6611570247933884,0.3288043478260869,0.875,-1.69,-1.04,-2.55,-1.9,3.041322314049588,0.6627450980392157,0.5473684210526316,0.9787609999476672,3.2449015571789666,0.997760548140146,4.479129960524418,1.2080728205422355,0.0052301610149731,train
91,EuZrSe3,0.0,1.35,0.72,1.98,2.0,4.0,-2.0,1.2,1.33,2.55,1.875,0.3636363636363636,0.6818181818181819,-1.35,-1.2199999999999998,-2.24,-2.11,2.7500000000000004,0.6026785714285714,0.5781990521327013,0.6286086594223741,2.530351286100682,0.8721005602656842,4.715555745677858,0.9090231432658088,0.4427531015195644,train
92,BaZrS3,1.0,1.61,0.72,1.84,2.0,4.0,-2.0,0.89,1.33,2.58,2.236111111111111,0.3913043478260869,0.875,-1.69,-1.25,-2.55,-2.11,2.555555555555556,0.6627450980392157,0.5924170616113744,0.8047382459684077,2.5241144685618857,0.9529392735166632,4.112918144729418,1.066066244841747,0.4539338253221399,train
93,BaUS3,1.0,1.61,0.89,1.84,2.0,4.0,-2.0,0.89,1.38,2.58,1.808988764044944,0.483695652173913,0.875,-1.69,-1.2000000000000002,-2.55,-2.06,2.067415730337079,0.6627450980392157,0.5825242718446603,0.5927679952523233,2.1437653461883808,0.893598732674966,4.170946212865619,1.0166583751420348,0.9258589742313864,train
94,KCrF3,1.0,1.64,0.8,1.33,1.0,2.0,-1.0,0.82,1.66,3.98,2.05,0.6015037593984962,1.2330827067669172,-3.16,-2.3200000000000003,-2.62,-1.78,1.6625,1.2061068702290076,1.303370786516854,0.7178397931503168,2.063613135874772,0.9859682771180366,3.518290413907476,0.912390491763216,0.9560195915633584,train
95,CaZrS3,1.0,1.34,0.72,1.84,2.0,4.0,-2.0,1.0,1.33,2.58,1.861111111111112,0.3913043478260869,0.7282608695652174,-1.58,-1.25,-2.44,-2.11,2.555555555555556,0.6475409836065574,0.5924170616113744,0.6211736809348564,2.412252784257695,0.8783614173284026,4.547796270938633,0.9600922272424354,0.6511916648806609,train
96,CsMgF3,1.0,1.88,0.72,1.33,1.0,2.0,-1.0,0.79,1.31,3.98,2.611111111111111,0.5413533834586466,1.413533834586466,-3.19,-2.67,-2.65,-2.13,1.8472222222222223,1.2037735849056603,1.2535211267605637,0.959775843813894,2.306061183663009,1.107228529381482,3.567764865528653,1.0632867908399906,0.7996994509583663,train
97,KCdI3,0.0,1.64,0.95,2.2,1.0,2.0,-1.0,0.82,1.69,2.66,1.7263157894736842,0.4318181818181817,0.7454545454545454,-1.8400000000000003,-0.9700000000000002,-2.62,-1.75,2.315789473684211,0.7022900763358779,0.5542857142857144,0.5459895362236576,2.54846490370942,0.8619990093745759,4.477600598149646,1.0921684151200652,0.410648757834884,train
98,NaMgF3,1.0,1.39,0.72,1.33,1.0,2.0,-1.0,0.93,1.31,3.98,1.930555555555556,0.5413533834586466,1.045112781954887,-3.05,-2.67,-2.51,-2.13,1.8472222222222223,1.2151394422310755,1.2535211267605637,0.6578078141146367,2.205028217920525,0.938212336422938,3.782054424168544,0.909485122218484,0.8906420047302946,train
99,CaHfS3,1.0,1.34,0.71,1.84,2.0,4.0,-2.0,1.0,1.3,2.58,1.887323943661972,0.3858695652173912,0.7282608695652174,-1.58,-1.28,-2.44,-2.14,2.591549295774649,0.6475409836065574,0.5981308411214953,0.635159922909596,2.4346563816000675,0.8818059719061611,4.53437999270009,0.9546498310095772,0.6136578478049156,train
100,RbMgCl3,0.0,1.72,0.72,1.81,1.0,2.0,-1.0,0.82,1.31,3.16,2.388888888888889,0.3977900552486187,0.9502762430939226,-2.3400000000000003,-1.85,-2.62,-2.13,2.5138888888888893,0.8931297709923665,0.8685446009389672,0.8708283577973978,2.8024143128833217,0.9865981127244522,4.2571262530591945,1.014524925405656,0.101082459975426,train
101,SrLiBr3,0.0,1.44,0.76,1.96,2.0,1.0,-1.0,0.95,0.98,2.96,1.894736842105263,0.3877551020408163,0.7346938775510204,-2.01,-1.98,-2.49,-2.46,2.5789473684210527,0.8072289156626504,0.8048780487804879,0.6390799592896695,3.0709674369747613,0.8838857029719773,4.508524143794332,0.8864673333567071,0.016941627914225,train
102,PrScS3,1.0,1.179,0.745,1.84,3.0,3.0,-2.0,1.13,1.36,2.58,1.58255033557047,0.404891304347826,0.6407608695652174,-1.4500000000000002,-1.22,-2.31,-2.08,2.469798657718121,0.6277056277056278,0.5865384615384615,0.4590376821578115,2.624264410172616,0.8258262088270483,3.812415813664864,0.8837881789164637,0.2870358059331406,train
103,LiZnF3,0.0,0.92,0.74,1.33,1.0,2.0,-1.0,0.98,1.65,3.98,1.2432432432432432,0.556390977443609,0.6917293233082706,-3.0,-2.33,-2.46,-1.79,1.7972972972972974,1.2195121951219512,1.3016759776536313,0.2177234838448705,5.092708706258112,0.7685962634538932,6.50749089372653,0.7200812894286971,4.011617256029165e-08,train
104,KSrCl3,0.0,1.64,1.18,1.81,1.0,2.0,-1.0,0.82,0.95,3.16,1.3898305084745763,0.6519337016574586,0.9060773480662982,-2.3400000000000003,-2.21,-2.62,-2.49,1.5338983050847457,0.8931297709923665,0.8875502008032128,0.3291818033585337,3.3716239548503344,0.8158944950510559,4.755974052573193,0.8210236027882427,0.0022365489115896,train
105,NaCaCl3,0.0,1.39,1.0,1.81,1.0,2.0,-1.0,0.93,1.0,3.16,1.39,0.5524861878453039,0.7679558011049723,-2.23,-2.16,-2.51,-2.44,1.81,0.8884462151394423,0.8852459016393444,0.3293037471426003,3.360028797539616,0.8052481849139722,5.0310269760400885,0.8081592931521886,0.0024165541466749,train
106,TlBeCl3,0.0,1.7,0.45,1.81,1.0,2.0,-1.0,1.62,1.57,3.16,3.7777777777777777,0.2486187845303867,0.9392265193370164,-1.54,-1.59,-1.82,-1.87,4.022222222222223,0.8461538461538461,0.8502673796791443,1.329135947279942,5.73223367984239,1.098208430949253,5.864503168357903,1.0928953761309208,7.825336242841224e-10,train
107,CsMgI3,0.0,1.88,0.72,2.2,1.0,2.0,-1.0,0.79,1.31,2.66,2.611111111111111,0.3272727272727272,0.8545454545454544,-1.87,-1.35,-2.65,-2.13,3.055555555555556,0.7056603773584906,0.6338028169014085,0.959775843813894,3.4613042736336297,0.9880147035960734,4.776098198861987,1.1000311295299847,0.0012319181189517,train
108,NdScS3,1.0,1.27,0.745,1.84,3.0,3.0,-2.0,1.14,1.36,2.58,1.7046979865771812,0.404891304347826,0.6902173913043478,-1.4400000000000002,-1.22,-2.3,-2.08,2.469798657718121,0.6260869565217393,0.5865384615384615,0.5333879610730774,2.488032206224285,0.8507186185664526,3.0577427677481586,0.9080799737456308,0.5191599562019708,train
109,KZnF3,1.0,1.64,0.74,1.33,1.0,2.0,-1.0,0.82,1.65,3.98,2.216216216216216,0.556390977443609,1.2330827067669172,-3.16,-2.33,-2.62,-1.79,1.7972972972972974,1.2061068702290076,1.3016759776536313,0.7958013346200284,2.156170861849133,1.0145470677591388,3.58218357456698,0.9400589775043072,0.9197145972318348,train
110,KTmI3,0.0,1.64,1.03,2.2,1.0,2.0,-1.0,0.82,1.25,2.66,1.5922330097087378,0.4681818181818181,0.7454545454545454,-1.8400000000000003,-1.41,-2.62,-2.19,2.135922330097088,0.7022900763358779,0.6438356164383562,0.4651374395945626,2.645150002520449,0.8406491887089517,4.559067564539211,0.916972543668884,0.2572102101882038,train
111,TlMgCl3,0.0,1.7,0.72,1.81,1.0,2.0,-1.0,1.62,1.31,3.16,2.361111111111111,0.3977900552486187,0.9392265193370164,-1.54,-1.85,-1.82,-2.13,2.5138888888888893,0.8461538461538461,0.8685446009389672,0.8591323180342064,2.78590624239519,0.9810083217175146,4.262139724701473,0.955718294296938,0.1122352239209146,train
112,CsBaCl3,0.0,1.88,1.35,1.81,1.0,2.0,-1.0,0.79,0.89,3.16,1.3925925925925924,0.7458563535911602,1.0386740331491713,-2.37,-2.27,-2.65,-2.55,1.3407407407407408,0.8943396226415095,0.8901960784313726,0.3311671843915196,3.3823900573499164,0.8257058845485054,4.545845166021634,0.8295492499823608,0.0020815676449483,train
113,BaNaBr3,0.0,1.61,1.02,1.96,2.0,1.0,-1.0,0.89,0.93,2.96,1.5784313725490198,0.5204081632653061,0.8214285714285715,-2.07,-2.03,-2.55,-2.51,1.92156862745098,0.8117647058823529,0.8087649402390438,0.456431551700192,3.144163885640048,0.847106566338244,4.837967665464092,0.8502485437503361,0.0103232695584445,train
114,CsSnI3,1.0,1.88,1.15,2.2,1.0,2.0,-1.0,0.79,1.96,2.66,1.6347826086956525,0.5227272727272726,0.8545454545454544,-1.87,-0.7000000000000002,-2.65,-1.48,1.91304347826087,0.7056603773584906,0.4729729729729731,0.4915098344666993,2.490974927844852,0.861194905821055,4.239085998792393,1.2848749441241785,0.5138370654384533,train
115,NaMgI3,0.0,1.39,0.72,2.2,1.0,2.0,-1.0,0.93,1.31,2.66,1.930555555555556,0.3272727272727272,0.6318181818181817,-1.73,-1.35,-2.51,-2.13,3.055555555555556,0.6892430278884463,0.6338028169014085,0.6578078141146367,2.9441968566837087,0.8693560749779174,4.990387757501877,0.945400678968903,0.0398358013890738,train
116,UNiS3,1.0,1.17,0.69,1.84,4.0,2.0,-2.0,1.38,1.91,2.58,1.6956521739130437,0.3749999999999999,0.6358695652173912,-1.2000000000000002,-0.6700000000000002,-2.06,-1.53,2.6666666666666674,0.5825242718446603,0.4379084967320262,0.5280674302004968,2.7334793722794437,0.8412635465440795,-0.4891238484254083,1.1190840975618963,0.1551713016024704,train
117,TlFeI3,0.0,1.7,0.78,2.2,1.0,2.0,-1.0,1.62,1.83,2.66,2.17948717948718,0.3545454545454545,0.7727272727272726,-1.04,-0.8300000000000001,-1.82,-1.61,2.8205128205128207,0.5714285714285714,0.515527950310559,0.7790896103606701,2.9207920120771407,0.9254105346552246,4.617992276667052,1.02575625528049,0.046582265970218,train
118,CsTmI3,1.0,1.88,1.03,2.2,1.0,2.0,-1.0,0.79,1.25,2.66,1.8252427184466016,0.4681818181818181,0.8545454545454544,-1.87,-1.41,-2.65,-2.19,2.135922330097088,0.7056603773584906,0.6438356164383562,0.6017129746003133,2.4029405269002413,0.8931897630032611,4.169333267694063,0.9789589285232854,0.6662636177099874,train
119,KMgI3,0.0,1.64,0.72,2.2,1.0,2.0,-1.0,0.82,1.31,2.66,2.2777777777777777,0.3272727272727272,0.7454545454545454,-1.8400000000000003,-1.35,-2.62,-2.13,3.055555555555556,0.7022900763358779,0.6338028169014085,0.8232003088081431,3.1768499713744154,0.9298961916198336,4.822534325371155,1.0303786130043688,0.0082766511814352,train
120,NaHgI3,0.0,1.39,1.02,2.2,1.0,2.0,-1.0,0.93,2.0,2.66,1.3627450980392155,0.4636363636363636,0.6318181818181817,-1.73,-0.6600000000000001,-2.51,-1.44,2.156862745098039,0.6892430278884463,0.4583333333333334,0.3095011198464205,3.570495848014425,0.788360167371279,5.559900442394358,1.1855383610740855,0.0005993716341237,train
121,RbFeCl3,0.0,1.72,0.78,1.81,1.0,2.0,-1.0,0.82,1.83,3.16,2.205128205128205,0.430939226519337,0.9502762430939226,-2.3400000000000003,-1.33,-2.62,-1.61,2.3205128205128203,0.8931297709923665,0.8260869565217391,0.7907856501238612,2.551992004557485,0.9637425579895228,4.109041171757959,1.041957100662839,0.4044770533475906,train
122,LiMgCl3,0.0,0.92,0.72,1.81,1.0,2.0,-1.0,0.98,1.31,3.16,1.277777777777778,0.3977900552486187,0.5082872928176796,-2.18,-1.85,-2.46,-2.13,2.5138888888888893,0.8861788617886179,0.8685446009389672,0.2451224580329851,4.430881252988004,0.7630064724469559,6.726702875952583,0.7784979683938024,2.447779003892748e-06,train
123,CeHoS3,0.0,1.34,0.901,1.84,3.0,3.0,-2.0,1.12,1.23,2.58,1.4872364039955608,0.4896739130434782,0.7282608695652174,-1.46,-1.35,-2.32,-2.21,2.0421753607103224,0.6293103448275862,0.6108597285067874,0.3969196353366193,2.7102915247416317,0.820359441211496,4.283013088989495,0.8451378585609873,0.1781832253237371,train
124,PbLiF3,0.0,1.49,0.76,1.33,2.0,1.0,-1.0,2.33,0.98,3.98,1.9605263157894737,0.5714285714285714,1.1203007518796992,-1.65,-3.0,-1.11,-2.46,1.75,1.4864864864864862,1.2195121951219512,0.673212965659128,2.614129167765501,0.954089065026211,3.5743866823627366,1.162957211694111,0.3022492571220095,train
125,CsEuCl3,1.0,1.88,1.17,1.81,1.0,2.0,-1.0,0.79,1.2,3.16,1.606837606837607,0.6464088397790054,1.0386740331491713,-2.37,-1.96,-2.65,-2.24,1.5470085470085473,0.8943396226415095,0.8749999999999999,0.4742680280321931,2.4376191638351368,0.8755807366353278,3.9350455047276016,0.8949331949652731,0.6085742900160217,train
126,NaCdF3,0.0,1.39,0.95,1.33,1.0,2.0,-1.0,0.93,1.69,3.98,1.463157894736842,0.7142857142857142,1.045112781954887,-3.05,-2.29,-2.51,-1.75,1.4,1.2151394422310755,1.3085714285714285,0.3805970415301508,2.931817603035596,0.8435681095030799,4.244375376262432,0.7833373552902257,0.0432762954602055,train
127,URhS3,1.0,1.025,0.665,1.84,3.0,3.0,-2.0,1.38,2.28,2.58,1.5413533834586464,0.3614130434782608,0.5570652173913043,-1.2000000000000002,-0.3000000000000002,-2.06,-1.16,2.766917293233083,0.5825242718446603,0.2586206896551726,0.4326608509166542,2.81060734393051,0.8087289545755578,4.454411067119032,1.8216030821507696,0.0959279807573589,train
128,AgNiF3,1.0,1.28,0.69,1.33,1.0,2.0,-1.0,1.93,1.91,3.98,1.855072463768116,0.5187969924812029,0.962406015037594,-2.05,-2.0700000000000003,-1.51,-1.53,1.9275362318840583,1.357615894039735,1.3529411764705883,0.6179237593223578,2.2787468979317063,0.913640271190836,3.9296419703047167,0.9167971048373348,0.8289450250427063,train
129,CdCuI3,0.0,1.31,0.77,2.2,2.0,1.0,-1.0,1.69,1.9,2.66,1.7012987012987013,0.35,0.5954545454545455,-0.9700000000000002,-0.7600000000000002,-1.75,-1.54,2.857142857142857,0.5542857142857144,0.4935064935064936,0.5313919013474677,3.240152358841993,0.8356737555371422,5.260321742574355,0.938593575955927,0.0054001105486301,train
130,RbBeCl3,0.0,1.72,0.45,1.81,1.0,2.0,-1.0,0.82,1.57,3.16,3.822222222222222,0.2486187845303867,0.9502762430939226,-2.3400000000000003,-1.59,-2.62,-1.87,4.022222222222223,0.8931297709923665,0.8502673796791443,1.3408319870431331,5.777747052837887,1.1044660288464,5.872856946898779,1.1601426974473277,5.916950297947774e-10,train
131,CsNiBr3,0.0,1.88,0.69,1.96,1.0,2.0,-1.0,0.79,1.91,2.96,2.7246376811594204,0.3520408163265306,0.9591836734693876,-2.17,-1.05,-2.65,-1.53,2.840579710144928,0.8188679245283019,0.6862745098039216,1.0023354582326898,3.3456413474858606,1.0246403318980808,4.558868940342851,1.2226085771553703,0.0026604264815637,train
132,RbEuCl3,0.0,1.72,1.17,1.81,1.0,2.0,-1.0,0.82,1.2,3.16,1.4700854700854702,0.6464088397790054,0.9502762430939226,-2.3400000000000003,-1.96,-2.62,-2.24,1.5470085470085473,0.8931297709923665,0.8749999999999999,0.385320542015697,2.899585522249618,0.8376151762392161,4.362235896153049,0.8549703434677278,0.0536403269008174,train
133,SnHfS3,0.0,1.15,0.71,1.84,2.0,4.0,-2.0,1.96,1.3,2.58,1.619718309859155,0.3858695652173912,0.6249999999999999,-0.6200000000000001,-1.28,-1.48,-2.14,2.591549295774649,0.4189189189189189,0.5981308411214953,0.4822522513219346,2.54751487360051,0.8291194515721452,5.308856702507263,0.5806987375136836,0.4123160911534747,train
134,RbZnCl3,0.0,1.72,0.74,1.81,1.0,2.0,-1.0,0.82,1.65,3.16,2.324324324324324,0.4088397790055249,0.9502762430939226,-2.3400000000000003,-1.5100000000000002,-2.62,-1.79,2.445945945945946,0.8931297709923665,0.8435754189944136,0.8434293836092832,2.708280720272826,0.9788600883109272,4.201747877315535,1.036361499898678,0.180302557730863,train
135,LiCoBr3,0.0,0.92,0.745,1.96,1.0,2.0,-1.0,0.98,1.88,2.96,1.2348993288590604,0.3801020408163265,0.4693877551020408,-1.98,-1.08,-2.46,-1.56,2.6308724832214767,0.8048780487804879,0.6923076923076923,0.2109894516635264,5.110864249719358,0.7528549573557988,7.483768536188166,0.8752703975762538,3.5862313549223394e-08,train
136,AgMgF3,1.0,1.28,0.72,1.33,1.0,2.0,-1.0,1.93,1.31,3.98,1.777777777777778,0.5413533834586466,0.962406015037594,-2.05,-2.67,-1.51,-2.13,1.8472222222222223,1.357615894039735,1.2535211267605637,0.5753641449035619,2.288304705870959,0.9002699257587752,3.937052886028628,0.9750300446029442,0.8191290514565113,train
137,TlMnCl3,1.0,1.7,0.83,1.81,1.0,2.0,-1.0,1.62,1.55,3.16,2.048192771084337,0.4585635359116021,0.9392265193370164,-1.54,-1.61,-1.82,-1.89,2.180722891566265,0.8461538461538461,0.851851851851852,0.7169578292536637,2.407263794404046,0.9401329749792848,4.037505658296713,0.9338444600964804,0.6593081388772154,train
138,CsVI3,0.0,1.88,0.79,2.2,1.0,2.0,-1.0,0.79,1.63,2.66,2.3797468354430378,0.359090909090909,0.8545454545454544,-1.87,-1.0300000000000002,-2.65,-1.81,2.784810126582279,0.7056603773584906,0.5690607734806631,0.8669941103629276,3.02886554125689,0.9648839245821184,4.529634811085458,1.1964984867313044,0.0225236626975229,train
139,SrHfSe3,0.0,1.44,0.71,1.98,2.0,4.0,-2.0,0.95,1.3,2.55,2.028169014084507,0.3585858585858585,0.7272727272727273,-1.6,-1.2499999999999998,-2.49,-2.14,2.788732394366198,0.642570281124498,0.5841121495327102,0.7071334225346851,2.600077524929418,0.8990004770748438,4.525044522888237,0.9889727336559888,0.3240935247184708,train
140,RbSnI3,0.0,1.72,1.15,2.2,1.0,2.0,-1.0,0.82,1.96,2.66,1.4956521739130435,0.5227272727272726,0.7818181818181817,-1.8400000000000003,-0.7000000000000002,-2.62,-1.48,1.91304347826087,0.7022900763358779,0.4729729729729731,0.402562348450203,2.843374148901083,0.8274225565731704,4.628373984631005,1.2285916608833465,0.0776328424535005,train
141,TlCoF3,1.0,1.7,0.745,1.33,1.0,2.0,-1.0,1.62,1.88,3.98,2.2818791946308723,0.5601503759398496,1.2781954887218043,-2.36,-2.1,-1.82,-1.56,1.7852348993288591,1.2967032967032963,1.3461538461538465,0.8249993116647478,2.156849613994246,1.0325488886766616,3.5511513823696985,0.9946185213375184,0.9193650479330562,train
142,BaZrSe3,0.0,1.61,0.72,1.98,2.0,4.0,-2.0,0.89,1.33,2.55,2.236111111111111,0.3636363636363636,0.8131313131313131,-1.6599999999999997,-1.2199999999999998,-2.55,-2.11,2.7500000000000004,0.6509803921568627,0.5781990521327013,0.8047382459684077,2.6789130092339124,0.940192495902044,4.307362589173862,1.058540095193346,0.2135675534650978,train
143,KHgF3,1.0,1.64,1.02,1.33,1.0,2.0,-1.0,0.82,2.0,3.98,1.6078431372549018,0.7669172932330827,1.2330827067669172,-3.16,-1.98,-2.62,-1.44,1.303921568627451,1.2061068702290076,1.375,0.4748936145399272,2.3864091735990525,0.893664863941029,3.6896127803582432,0.7838947869683972,0.6921521914479212,train
144,LiMgBr3,0.0,0.92,0.72,1.96,1.0,2.0,-1.0,0.98,1.31,2.96,1.277777777777778,0.3673469387755102,0.4693877551020408,-1.98,-1.65,-2.46,-2.13,2.722222222222222,0.8048780487804879,0.7746478873239436,0.2451224580329851,4.435072219101104,0.7598778580774015,6.935036209285916,0.7895316281487146,2.384371286793498e-06,train
145,RbZnF3,1.0,1.72,0.74,1.33,1.0,2.0,-1.0,0.82,1.65,3.98,2.324324324324324,0.556390977443609,1.2932330827067668,-3.16,-2.33,-2.62,-1.79,1.7972972972972974,1.2061068702290076,1.3016759776536313,0.8434293836092832,2.174886776449525,1.0418749349041665,3.553099228666886,0.9653804314438172,0.90954143036879,train
146,LiMgF3,0.0,0.92,0.72,1.33,1.0,2.0,-1.0,0.98,1.31,3.98,1.277777777777778,0.5413533834586466,0.6917293233082706,-3.0,-2.67,-2.46,-2.13,1.8472222222222223,1.2195121951219512,1.2535211267605637,0.2451224580329851,4.488524631117689,0.776094763585151,6.060036209285916,0.7550387532823472,1.7065983006295548e-06,train
147,NaNiCl3,0.0,1.39,0.69,1.81,1.0,2.0,-1.0,0.93,1.91,3.16,2.0144927536231885,0.3812154696132596,0.7679558011049723,-2.23,-1.2500000000000002,-2.51,-1.53,2.623188405797102,0.8884462151394423,0.8169934640522877,0.7003674285334324,2.6967475765906457,0.9050989598433048,4.499525413418274,0.9842572561241024,0.1928476038981274,train
148,CsSrF3,1.0,1.88,1.18,1.33,1.0,2.0,-1.0,0.79,0.95,3.98,1.5932203389830508,0.8872180451127819,1.413533834586466,-3.19,-3.03,-2.65,-2.49,1.1271186440677967,1.2037735849056603,1.216867469879518,0.4657573383642844,2.413720871049186,0.9043101534788996,3.5478276866313725,0.8945794856589137,0.6487854199519597,train
149,CsZnCl3,0.0,1.88,0.74,1.81,1.0,2.0,-1.0,0.79,1.65,3.16,2.5405405405405403,0.4088397790055249,1.0386740331491713,-2.37,-1.5100000000000002,-2.65,-1.79,2.445945945945946,0.8943396226415095,0.8435754189944136,0.9323768696257794,2.834085638381428,1.0232276843816774,4.1707459954797965,1.084802900275494,0.0824604207914873,train
150,RbCaI3,0.0,1.72,1.0,2.2,1.0,2.0,-1.0,0.82,1.0,2.66,1.72,0.4545454545454545,0.7818181818181817,-1.8400000000000003,-1.66,-2.62,-2.44,2.2,0.7022900763358779,0.680327868852459,0.5423242908253617,2.4999896871183243,0.8662079889125378,4.371534133907845,0.8941707410608227,0.4975132421099191,train
151,CuZnCl3,0.0,0.77,0.74,1.81,1.0,2.0,-1.0,1.9,1.65,3.16,1.0405405405405406,0.4088397790055249,0.425414364640884,-1.2600000000000002,-1.5100000000000002,-1.54,-1.79,2.445945945945946,0.8181818181818183,0.8435754189944136,0.0397403286495141,29.2198982911897,0.7154274866408477,27.629437021661108,0.6938914394812796,2.6436643099942447e-72,train
152,RbMnI3,0.0,1.72,0.83,2.2,1.0,2.0,-1.0,0.82,1.55,2.66,2.072289156626506,0.3772727272727272,0.7818181818181817,-1.8400000000000003,-1.11,-2.62,-1.89,2.6506024096385548,0.7022900763358779,0.5873015873015874,0.7286538690168551,2.738339362661909,0.9148071170033402,4.494599051586764,1.0939183103262553,0.1506743684609872,train
153,TlCrF3,1.0,1.7,0.8,1.33,1.0,2.0,-1.0,1.62,1.66,3.98,2.125,0.6015037593984962,1.2781954887218043,-2.36,-2.3200000000000003,-1.82,-1.78,1.6625,1.2967032967032963,1.303370786516854,0.7537718023763802,2.0549370310224204,1.0058868281709263,3.481655602929977,1.0007411395842238,0.958461978182676,train
154,CsBeF3,1.0,1.88,0.45,1.33,1.0,2.0,-1.0,0.79,1.57,3.98,4.177777777777777,0.3383458646616541,1.413533834586466,-3.19,-2.41,-2.65,-1.87,2.955555555555556,1.2037735849056603,1.288770053475936,1.4297794730596294,4.589239024073973,1.2751789242876617,4.877529088185466,1.1910788126600151,9.101113823110548e-07,train
155,SrZrS3,1.0,1.44,0.72,1.84,2.0,4.0,-2.0,0.95,1.33,2.58,2.0,0.3913043478260869,0.7826086956521738,-1.63,-1.25,-2.49,-2.11,2.555555555555556,0.6546184738955823,0.5924170616113744,0.6931471805599453,2.4306650876918123,0.9059828455462768,4.326335719111409,1.001107405843312,0.620464966836608,train
156,CsPbF3,1.0,1.88,1.19,1.33,1.0,2.0,-1.0,0.79,2.33,3.98,1.5798319327731092,0.894736842105263,1.413533834586466,-3.19,-1.65,-2.65,-1.11,1.1176470588235294,1.2037735849056603,1.4864864864864862,0.4573184697184198,2.4573140722049525,0.9007216211238244,3.5722023356874697,0.7294145656346142,0.5741988680383926,train
157,RbCrF3,1.0,1.72,0.8,1.33,1.0,2.0,-1.0,0.82,1.66,3.98,2.15,0.6015037593984962,1.2932330827067668,-3.16,-2.3200000000000003,-2.62,-1.78,1.6625,1.2061068702290076,1.303370786516854,0.7654678421395714,2.053862368419627,1.012526345188556,3.471239808050591,0.9369666666255247,0.9587551588638732,train
158,SnNbS3,0.0,1.15,0.68,1.84,2.0,4.0,-2.0,1.96,1.6,2.58,1.691176470588235,0.3695652173913044,0.6249999999999999,-0.6200000000000001,-0.98,-1.48,-1.84,2.705882352941176,0.4189189189189189,0.5326086956521738,0.5254244231871432,2.539766049546253,0.8389899212337182,5.143255249807371,0.6599005116818987,0.425988404668676,train
159,CsMnBr3,0.0,1.88,0.83,1.96,1.0,2.0,-1.0,0.79,1.55,2.96,2.265060240963856,0.423469387755102,0.9591836734693876,-2.17,-1.41,-2.65,-1.89,2.36144578313253,0.8188679245283019,0.746031746031746,0.8176013550333515,2.6098477812505543,0.9732246880035534,4.131818198759777,1.068242048149063,0.3088146089864045,train
160,PrYbS3,0.0,1.179,0.868,1.84,3.0,3.0,-2.0,1.13,1.1,2.58,1.358294930875576,0.4717391304347826,0.6407608695652174,-1.4500000000000002,-1.48,-2.31,-2.34,2.119815668202765,0.6277056277056278,0.6324786324786326,0.3062301858770208,3.3729900760169143,0.7883163773330575,6.426422856375797,0.782367341842478,0.0022162539361295,train
161,TlCdCl3,1.0,1.7,0.95,1.81,1.0,2.0,-1.0,1.62,1.69,3.16,1.7894736842105263,0.5248618784530387,0.9392265193370164,-1.54,-1.4700000000000002,-1.82,-1.75,1.9052631578947368,0.8461538461538461,0.8400000000000001,0.581921545449721,2.3066612810174068,0.8992576282410553,3.980374739865094,0.905845596213517,0.7990153641890276,train
162,KSmCl3,0.0,1.64,1.22,1.81,1.0,2.0,-1.0,0.82,1.17,3.16,1.3442622950819672,0.6740331491712707,0.9060773480662982,-2.3400000000000003,-1.99,-2.62,-2.27,1.4836065573770494,0.8931297709923665,0.8766519823788547,0.2958453830909418,3.769132835213988,0.8051236106279398,5.027406704052807,0.8202569325508248,0.0001641198930149,train
163,LiBeCl3,0.0,0.92,0.45,1.81,1.0,2.0,-1.0,0.98,1.57,3.16,2.0444444444444443,0.2486187845303867,0.5082872928176796,-2.18,-1.59,-2.46,-1.87,4.022222222222223,0.8861788617886179,0.8502673796791443,0.7151260872787205,3.6818331317839488,0.8541621129605301,5.881080933731681,0.8902380911425315,0.000289319162978,train
164,CeLuS3,0.0,1.34,0.861,1.84,3.0,3.0,-2.0,1.12,1.27,2.58,1.556329849012776,0.4679347826086956,0.7282608695652174,-1.46,-1.31,-2.32,-2.17,2.137049941927991,0.6293103448275862,0.6036866359447005,0.4423303885172263,2.550129300204627,0.8325084147947835,3.69248467633466,0.8678445511163573,0.4077327205384375,train
165,SrHfS3,1.0,1.44,0.71,1.84,2.0,4.0,-2.0,0.95,1.3,2.58,2.028169014084507,0.3858695652173912,0.7826086956521738,-1.63,-1.28,-2.49,-2.14,2.591549295774649,0.6546184738955823,0.5981308411214953,0.7071334225346851,2.463467722462358,0.90953571945038,4.327861424296687,0.9954325102242768,0.5632827247775359,train
166,SmYbSe3,0.0,1.24,0.868,1.98,3.0,3.0,-2.0,1.17,1.1,2.55,1.4285714285714286,0.4383838383838384,0.6262626262626263,-1.38,-1.4499999999999995,-2.27,-2.34,2.28110599078341,0.6079295154185022,0.6196581196581195,0.3566749439387324,2.999745319226707,0.7994696526881367,5.296848499599676,0.7843376583504578,0.0274182169175047,train
167,RbFeF3,1.0,1.72,0.78,1.33,1.0,2.0,-1.0,0.82,1.83,3.98,2.205128205128205,0.5864661654135338,1.2932330827067668,-3.16,-2.15,-2.62,-1.61,1.7051282051282053,1.2061068702290076,1.3354037267080745,0.7907856501238612,2.085928187893664,1.0221237513040873,3.4936565563733426,0.9231593817032974,0.9490804962392168,train
168,NdLuS3,0.0,1.27,0.861,1.84,3.0,3.0,-2.0,1.14,1.27,2.58,1.475029036004646,0.4679347826086956,0.6902173913043478,-1.4400000000000002,-1.31,-2.3,-2.17,2.137049941927991,0.6260869565217393,0.6036866359447005,0.3886776750249063,2.778335408930892,0.8141827578653387,4.522028787781126,0.8443937211342883,0.117708522037033,train
169,BaTaS3,0.0,1.61,0.68,1.84,2.0,4.0,-2.0,0.89,1.5,2.58,2.367647058823529,0.3695652173913044,0.875,-1.69,-1.08,-2.55,-1.94,2.705882352941176,0.6627450980392157,0.5567010309278351,0.8618966598083562,2.7227010620229297,0.9680652937312132,4.19992164844089,1.152468726226273,0.1655440922861284,train
170,KVF3,1.0,1.64,0.79,1.33,1.0,2.0,-1.0,0.82,1.63,3.98,2.075949367088608,0.5939849624060151,1.2330827067669172,-3.16,-2.35,-2.62,-1.81,1.6835443037974682,1.2061068702290076,1.298342541436464,0.7304185753571771,2.073592706479573,0.9906190708780273,3.525680904818961,0.9202444108809428,0.9530376277049564,train
171,KNiCl3,0.0,1.64,0.69,1.81,1.0,2.0,-1.0,0.82,1.91,3.16,2.3768115942028984,0.3812154696132596,0.9060773480662982,-2.3400000000000003,-1.2500000000000002,-2.62,-1.53,2.623188405797102,0.8931297709923665,0.8169934640522877,0.865759923226939,2.8885405855064388,0.975809816081063,4.368535620927863,1.0667463522239455,0.0577126662397862,train
172,PbNaCl3,0.0,1.49,1.02,1.81,2.0,1.0,-1.0,2.33,0.93,3.16,1.46078431372549,0.56353591160221,0.8232044198895028,-0.8300000000000001,-2.23,-1.11,-2.51,1.7745098039215683,0.7477477477477478,0.8884462151394423,0.3789734926611878,3.613642881317613,0.8245435533024804,5.483673331258131,0.6939650081182311,0.0004516415828008,train
173,NaVF3,1.0,1.39,0.79,1.33,1.0,2.0,-1.0,0.93,1.63,3.98,1.7594936708860758,0.5939849624060151,1.045112781954887,-3.05,-2.35,-2.51,-1.81,1.6835443037974682,1.2151394422310755,1.298342541436464,0.5650260806636702,2.2322229530427222,0.9072336272014256,3.7975486499674784,0.8490943865330964,0.870618070782813,train
174,SnTaS3,0.0,1.15,0.68,1.84,2.0,4.0,-2.0,1.96,1.5,2.58,1.691176470588235,0.3695652173913044,0.6249999999999999,-0.6200000000000001,-1.08,-1.48,-1.94,2.705882352941176,0.4189189189189189,0.5567010309278351,0.5254244231871432,2.539766049546253,0.8389899212337182,5.143255249807371,0.6313420153027504,0.425988404668676,train
175,KCoBr3,0.0,1.64,0.745,1.96,1.0,2.0,-1.0,0.82,1.88,2.96,2.2013422818791946,0.3801020408163265,0.836734693877551,-2.14,-1.08,-2.62,-1.56,2.6308724832214767,0.816793893129771,0.6923076923076923,0.7890673024386846,2.7885923764760285,0.9410686966947484,4.4206754253478895,1.1102854597984693,0.1103484764808088,train
176,RbCoF3,1.0,1.72,0.745,1.33,1.0,2.0,-1.0,0.82,1.88,3.98,2.308724832214765,0.5601503759398496,1.2932330827067668,-3.16,-2.1,-2.62,-1.56,1.7852348993288591,1.2061068702290076,1.3461538461538465,0.8366953514279392,2.1618881208215432,1.039364392892349,3.544572366992088,0.9312342259545844,0.9167256054403636,train
177,HoScS3,1.0,1.12,0.745,1.84,3.0,3.0,-2.0,1.23,1.36,2.58,1.5033557046979866,0.404891304347826,0.6086956521739131,-1.35,-1.22,-2.21,-2.08,2.469798657718121,0.6108597285067874,0.5865384615384615,0.4076997459095807,2.791695035915315,0.8096871739410608,4.532025601303703,0.8432614733426672,0.1082045042438296,train
178,RbTmI3,1.0,1.72,1.03,2.2,1.0,2.0,-1.0,0.82,1.25,2.66,1.6699029126213591,0.4681818181818181,0.7818181818181817,-1.8400000000000003,-1.41,-2.62,-2.19,2.135922330097088,0.7022900763358779,0.6438356164383562,0.5127654885838172,2.524254601226981,0.8581627134737215,4.392582440420395,0.9360761383286528,0.4536820575638312,train
179,YScS3,1.0,1.075,0.745,1.84,3.0,3.0,-2.0,1.22,1.36,2.58,1.4429530201342282,0.404891304347826,0.5842391304347826,-1.36,-1.22,-2.22,-2.08,2.469798657718121,0.6126126126126126,0.5865384615384615,0.3666917221822037,2.9880657592274646,0.7973777405534435,5.274971227857947,0.8328246021553614,0.0296645051381203,train
180,RbCaCl3,1.0,1.72,1.0,1.81,1.0,2.0,-1.0,0.82,1.0,3.16,1.72,0.5524861878453039,0.9502762430939226,-2.3400000000000003,-2.16,-2.62,-2.44,1.81,0.8931297709923665,0.8852459016393444,0.5423242908253617,2.3298100501745416,0.8882894039832256,3.981534133907845,0.8962003783189542,0.7712427000696126,train
181,SrSnS3,0.0,1.44,0.69,1.84,2.0,4.0,-2.0,0.95,1.96,2.58,2.0869565217391304,0.3749999999999999,0.7826086956521738,-1.63,-0.6200000000000001,-2.49,-1.48,2.6666666666666674,0.6546184738955823,0.4189189189189189,0.7357067949787413,2.5387271073999296,0.9167257251377346,4.340004295142518,1.4325101304069636,0.427830769343234,train
182,CsMgCl3,0.0,1.88,0.72,1.81,1.0,2.0,-1.0,0.79,1.31,3.16,2.611111111111111,0.3977900552486187,1.0386740331491713,-2.37,-1.85,-2.65,-2.13,2.5138888888888893,0.8943396226415095,0.8685446009389672,0.959775843813894,2.942903380359696,1.031316440779951,4.23443153219532,1.0619456450181073,0.0401824449123191,train
183,NaCdCl3,0.0,1.39,0.95,1.81,1.0,2.0,-1.0,0.93,1.69,3.16,1.463157894736842,0.5248618784530387,0.7679558011049723,-2.23,-1.4700000000000002,-2.51,-1.75,1.9052631578947368,0.8884462151394423,0.8400000000000001,0.3805970415301508,2.969980279852112,0.8198360143508197,4.749638534157169,0.8671192904583227,0.0335050637900494,train
184,NaZnCl3,0.0,1.39,0.74,1.81,1.0,2.0,-1.0,0.93,1.65,3.16,1.8783783783783785,0.4088397790055249,0.7679558011049723,-2.23,-1.5100000000000002,-2.51,-1.79,2.445945945945946,0.8884462151394423,0.8435754189944136,0.6304088399265221,2.5632682313506923,0.8873519214150049,4.425565296774394,0.934551242635359,0.384959597820393,train
185,RbDyI3,1.0,1.72,1.07,2.2,1.0,2.0,-1.0,0.82,1.22,2.66,1.6074766355140186,0.4863636363636363,0.7818181818181817,-1.8400000000000003,-1.4400000000000002,-2.62,-2.22,2.0560747663551404,0.7022900763358779,0.6486486486486487,0.4746656423515468,2.589167523755971,0.8476653102508014,4.442619930126419,0.9177648588084376,0.3416185229689512,train
186,CsNiI3,0.0,1.88,0.69,2.2,1.0,2.0,-1.0,0.79,1.91,2.66,2.7246376811594204,0.3136363636363636,0.8545454545454544,-1.87,-0.7500000000000002,-2.65,-1.53,3.1884057971014497,0.7056603773584906,0.4901960784313727,1.0023354582326898,3.694324509246396,0.9982709115918804,4.906695027299373,1.4370580654870582,0.0002667180389237,train
187,NaCaF3,0.0,1.39,1.0,1.33,1.0,2.0,-1.0,0.93,1.0,3.98,1.39,0.7518796992481203,1.045112781954887,-3.05,-2.98,-2.51,-2.44,1.33,1.2151394422310755,1.221311475409836,0.3293037471426003,3.4050163836697047,0.8254657895566619,4.551026976040088,0.8212942065136337,0.0017903149455713,train
188,TlMnI3,0.0,1.7,0.83,2.2,1.0,2.0,-1.0,1.62,1.55,2.66,2.048192771084337,0.3772727272727272,0.7727272727272726,-1.04,-1.11,-1.82,-1.89,2.6506024096385548,0.5714285714285714,0.5873015873015874,0.7169578292536637,2.7281015125975583,0.9101397337533232,4.507385176369002,0.8855413625708007,0.1602774070064982,train
189,KFeCl3,1.0,1.64,0.78,1.81,1.0,2.0,-1.0,0.82,1.83,3.16,2.102564102564102,0.430939226519337,0.9060773480662982,-2.3400000000000003,-1.33,-2.62,-1.61,2.3205128205128203,0.8931297709923665,0.8260869565217391,0.7431576011346065,2.51616350458772,0.941901366873613,4.149743254749165,1.0183433420075905,0.4682531686168094,train
190,CeTmS3,0.0,1.34,0.88,1.84,3.0,3.0,-2.0,1.12,1.25,2.58,1.5227272727272727,0.4782608695652173,0.7282608695652174,-1.46,-1.33,-2.32,-2.19,2.090909090909092,0.6293103448275862,0.6073059360730594,0.4205029854727048,2.6172033798964427,0.8266930986620258,3.954522373099073,0.8566465237431816,0.2975853723902966,train
191,CsSnBr3,1.0,1.88,1.15,1.96,1.0,2.0,-1.0,0.79,1.96,2.96,1.6347826086956525,0.586734693877551,0.9591836734693876,-2.17,-1.0,-2.65,-1.48,1.704347826086957,0.8188679245283019,0.6756756756756757,0.4915098344666993,2.421508314324224,0.8730858133536703,4.03039034661848,1.058114112515716,0.6358911883880424,train
192,KCaCl3,1.0,1.64,1.0,1.81,1.0,2.0,-1.0,0.82,1.0,3.16,1.64,0.5524861878453039,0.9060773480662982,-2.3400000000000003,-2.16,-2.62,-2.44,1.81,0.8931297709923665,0.8852459016393444,0.494696241836107,2.4463572348851703,0.8681581993603763,4.125165674016445,0.8758898881587511,0.5934402785989655,train
193,PbSnS3,0.0,1.49,0.69,1.84,2.0,4.0,-2.0,2.33,1.96,2.58,2.1594202898550727,0.3749999999999999,0.8097826086956521,-0.25,-0.6200000000000001,-1.11,-1.48,2.6666666666666674,0.2252252252252252,0.4189189189189189,0.7698398013481998,2.5723662200653488,0.930700202655078,4.276717708645369,0.5003764530403644,0.3694792863312581,train
194,VLiCl3,0.0,0.79,0.76,1.81,2.0,1.0,-1.0,1.63,0.98,3.16,1.0394736842105263,0.4198895027624309,0.43646408839779,-1.5300000000000002,-2.18,-1.81,-2.46,2.381578947368421,0.845303867403315,0.8861788617886179,0.0387145121806904,35.3869247515876,0.7153627479306275,52.08101234635015,0.6823666457147589,1.0492110534834124e-88,train
195,SrTiSe3,0.0,1.44,0.605,1.98,2.0,4.0,-2.0,0.95,1.54,2.55,2.3801652892561984,0.3055555555555555,0.7272727272727273,-1.6,-1.0099999999999998,-2.49,-1.9,3.272727272727273,0.642570281124498,0.5315789473684209,0.8671699345392049,3.219680673520647,0.9355169374589284,4.762228682900046,1.1308487374747078,0.0061988304231003,train
196,CsCaCl3,1.0,1.88,1.0,1.81,1.0,2.0,-1.0,0.79,1.0,3.16,1.88,0.5524861878453039,1.0386740331491713,-2.37,-2.16,-2.65,-2.44,1.81,0.8943396226415095,0.8852459016393444,0.6312717768418578,2.2036962038873043,0.9285518132289242,3.7881150828654353,0.9380903957966844,0.8915475222926501,train
197,CsCoCl3,0.0,1.88,0.745,1.81,1.0,2.0,-1.0,0.79,1.88,3.16,2.523489932885906,0.4116022099447514,1.0386740331491713,-2.37,-1.2800000000000002,-2.65,-1.56,2.4295302013422817,0.8943396226415095,0.8205128205128206,0.9256428374444352,2.808561006891072,1.0212252818682102,4.1557328259451936,1.1131114717344182,0.0971924904254988,train
198,CeYbS3,0.0,1.34,0.868,1.84,3.0,3.0,-2.0,1.12,1.1,2.58,1.543778801843318,0.4717391304347826,0.7282608695652174,-1.46,-1.48,-2.32,-2.34,2.119815668202765,0.6293103448275862,0.6324786324786326,0.4342331782846069,2.573026754828712,0.8303564358791397,3.785367351345834,0.8261969150563526,0.3683655314628347,train
199,AgMnF3,1.0,1.28,0.83,1.33,1.0,2.0,-1.0,1.93,1.55,3.98,1.5421686746987953,0.6240601503759398,0.962406015037594,-2.05,-2.43,-1.51,-1.89,1.602409638554217,1.357615894039735,1.2857142857142858,0.4331896561230193,2.6274779712331577,0.8544228462062448,4.162440800195904,0.9022051392979844,0.2823110157116171,train
200,CsCaF3,1.0,1.88,1.0,1.33,1.0,2.0,-1.0,0.79,1.0,3.98,1.88,0.7518796992481203,1.413533834586466,-3.19,-2.98,-2.65,-2.44,1.33,1.2037735849056603,1.221311475409836,0.6312717768418578,1.9589190016140996,0.9741710237047372,3.3081150828654358,0.9601820412952,0.97802267183557,train
201,LaYbS3,1.0,1.36,0.868,1.84,3.0,3.0,-2.0,1.1,1.1,2.58,1.566820276497696,0.4717391304347826,0.7391304347826088,-1.48,-1.48,-2.34,-2.34,2.119815668202765,0.6324786324786326,0.6324786324786326,0.4490482640697475,2.521445044182876,0.8355788034003921,3.587422840074601,0.8355788034003921,0.4587341358294438,train
202,TlFeF3,1.0,1.7,0.78,1.33,1.0,2.0,-1.0,1.62,1.83,3.98,2.17948717948718,0.5864661654135338,1.2781954887218043,-2.36,-2.15,-1.82,-1.61,1.7051282051282053,1.2967032967032963,1.3354037267080745,0.7790896103606701,2.0846879355954937,1.015421300475864,3.502607661282436,0.9859940642187812,0.9494924784389664,train
203,CsSrI3,0.0,1.88,1.18,2.2,1.0,2.0,-1.0,0.79,0.95,2.66,1.5932203389830508,0.5363636363636363,0.8545454545454544,-1.87,-1.7100000000000002,-2.65,-2.49,1.8644067796610173,0.7056603773584906,0.6867469879518072,0.4657573383642844,2.555896072994699,0.8535511640534125,4.285115822224593,0.8770584321266479,0.3976813867266275,train
204,KMnCl3,1.0,1.64,0.83,1.81,1.0,2.0,-1.0,0.82,1.55,3.16,1.9759036144578312,0.4585635359116021,0.9060773480662982,-2.3400000000000003,-1.61,-2.62,-1.89,2.180722891566265,0.8931297709923665,0.851851851851852,0.6810258200276005,2.4014040277930424,0.92406232583434,4.082086623087857,0.9688393253603318,0.6687177138766868,train
205,BaHfS3,1.0,1.61,0.71,1.84,2.0,4.0,-2.0,0.89,1.3,2.58,2.267605633802817,0.3858695652173912,0.875,-1.69,-1.28,-2.55,-2.14,2.591549295774649,0.6627450980392157,0.5981308411214953,0.8187244879431476,2.5692171450079027,0.956676290275552,4.130911235466087,1.060023122368432,0.3748084057699652,train
206,SrTiS3,0.0,1.44,0.605,1.84,2.0,4.0,-2.0,0.95,1.54,2.58,2.3801652892561984,0.3288043478260869,0.7826086956521738,-1.63,-1.04,-2.49,-1.9,3.041322314049588,0.6546184738955823,0.5473684210526316,0.8671699345392049,3.019903542876288,0.9485955356230956,4.53082372422236,1.1344610649616644,0.0239297981735972,train
207,CdCuCl3,0.0,1.31,0.77,1.81,2.0,1.0,-1.0,1.69,1.9,3.16,1.7012987012987013,0.425414364640884,0.7237569060773481,-1.4700000000000002,-1.2600000000000002,-1.75,-1.54,2.3506493506493507,0.8400000000000001,0.8181818181818183,0.5313919013474677,3.037509990216368,0.8551080289217269,4.753828236080848,0.8779109096929729,0.0212451228255758,train
208,LaScS3,1.0,1.36,0.745,1.84,3.0,3.0,-2.0,1.1,1.36,2.58,1.8255033557046985,0.404891304347826,0.7391304347826088,-1.48,-1.22,-2.34,-2.08,2.469798657718121,0.6324786324786326,0.5865384615384615,0.6018557603505384,2.4378910744560764,0.8753374853416875,2.5691716768023203,0.9438976162518744,0.608106480592518,train
209,PbNbS3,0.0,1.49,0.68,1.84,2.0,4.0,-2.0,2.33,1.6,2.58,2.191176470588235,0.3695652173913044,0.8097826086956521,-0.25,-0.98,-1.11,-1.84,2.705882352941176,0.2252252252252252,0.5326086956521738,0.7844386007693523,2.6188941051319325,0.9343934574275188,4.292492875266822,0.3951286913188625,0.29503855116888,train
210,PbTiS3,0.0,1.49,0.605,1.84,2.0,4.0,-2.0,2.33,1.54,2.58,2.462809917355372,0.3288043478260869,0.8097826086956521,-0.25,-1.04,-1.11,-1.9,3.041322314049588,0.2252252252252252,0.5473684210526316,0.9013029409086636,3.084984767730437,0.963055833422228,4.5063214959505125,0.3962677762262285,0.0154081328181627,train
211,TlGeI3,0.0,1.7,0.73,2.2,1.0,2.0,-1.0,1.62,2.01,2.66,2.328767123287671,0.3318181818181818,0.7727272727272726,-1.04,-0.6500000000000004,-1.82,-1.4300000000000002,3.0136986301369864,0.5714285714285714,0.4545454545454547,0.8453389959018707,3.183578139246259,0.9412025233012185,4.76853087445238,1.1832260292929595,0.0079089059957667,train
212,CsPbI3,1.0,1.88,1.19,2.2,1.0,2.0,-1.0,0.79,2.33,2.66,1.5798319327731092,0.5409090909090909,0.8545454545454544,-1.87,-0.33,-2.65,-1.11,1.84873949579832,0.7056603773584906,0.2972972972972972,0.4573184697184198,2.5817195290198662,0.8510333140119568,4.30329477266226,2.0199998283529097,0.3538453572244974,train
213,CsTiI3,0.0,1.88,0.86,2.2,1.0,2.0,-1.0,0.79,1.54,2.66,2.186046511627907,0.3909090909090909,0.8545454545454544,-1.87,-1.12,-2.65,-1.9,2.558139534883721,0.7056603773584906,0.5894736842105264,0.7820946665764414,2.72482928775824,0.9428114165034424,4.353257063554714,1.128641833839869,0.163451827536035,train
214,CaLiF3,0.0,1.34,0.76,1.33,2.0,1.0,-1.0,1.0,0.98,3.98,1.7631578947368425,0.5714285714285714,1.0075187969924813,-2.98,-3.0,-2.44,-2.46,1.75,1.221311475409836,1.2195121951219512,0.5671064596645805,2.759072880649167,0.9033396466737528,3.9680843285744825,0.9046724428737634,0.1327086248238884,train
215,RbMnCl3,1.0,1.72,0.83,1.81,1.0,2.0,-1.0,0.82,1.55,3.16,2.072289156626506,0.4585635359116021,0.9502762430939226,-2.3400000000000003,-1.61,-2.62,-1.89,2.180722891566265,0.8931297709923665,0.851851851851852,0.7286538690168551,2.411095927502869,0.9454898580276,4.0247195335144745,0.9913051647889772,0.6530821345988316,train
216,EuZrS3,1.0,1.35,0.72,1.84,2.0,4.0,-2.0,1.2,1.33,2.58,1.875,0.3913043478260869,0.7336956521739131,-1.38,-1.25,-2.24,-2.11,2.555555555555556,0.6160714285714285,0.5924170616113744,0.6286086594223741,2.412208488635855,0.88112356015019,4.521111301233415,0.9163055651590438,0.6512641424870891,train
217,RbCdCl3,1.0,1.72,0.95,1.81,1.0,2.0,-1.0,0.82,1.69,3.16,1.810526315789473,0.5248618784530387,0.9502762430939226,-2.3400000000000003,-1.4700000000000002,-2.62,-1.75,1.9052631578947368,0.8931297709923665,0.8400000000000001,0.5936175852129121,2.292049323781882,0.904381603330748,3.9552508282230927,0.9615834931815476,0.8151615592817985,train
218,EuHfS3,1.0,1.35,0.71,1.84,2.0,4.0,-2.0,1.2,1.3,2.58,1.9014084507042253,0.3858695652173912,0.7336956521739131,-1.38,-1.28,-2.24,-2.14,2.591549295774649,0.6160714285714285,0.5981308411214953,0.642594901397114,2.4358096980914894,0.884578946660583,4.509456352211697,0.9111113787939572,0.6116820076415196,train
219,MnLiF3,0.0,0.96,0.76,1.33,2.0,1.0,-1.0,1.55,0.98,3.98,1.263157894736842,0.5714285714285714,0.7218045112781954,-2.43,-3.0,-1.89,-2.46,1.75,1.2857142857142858,1.2195121951219512,0.2336148511815051,5.797590496180225,0.7747744535141926,8.564020498683469,0.8168336381335345,5.238104296327515e-10,train
220,RbPbI3,0.0,1.72,1.19,2.2,1.0,2.0,-1.0,0.82,2.33,2.66,1.4453781512605042,0.5409090909090909,0.7818181818181817,-1.8400000000000003,-0.33,-2.62,-1.11,1.84873949579832,0.7022900763358779,0.2972972972972972,0.3683709837019236,3.043598259289805,0.8176594585605076,4.77244200009238,1.9315147792782572,0.0203881818287919,train
221,CsPbBr3,1.0,1.88,1.19,1.96,1.0,2.0,-1.0,0.79,2.33,2.96,1.5798319327731092,0.6071428571428571,0.9591836734693876,-2.17,-0.6299999999999999,-2.65,-1.11,1.647058823529412,0.8188679245283019,0.5675675675675674,0.4573184697184198,2.5287857127638707,0.8619990093745759,4.101614100393352,1.2436639795630675,0.4455547107276393,train
222,RbPbF3,1.0,1.72,1.19,1.33,1.0,2.0,-1.0,0.82,2.33,3.98,1.4453781512605042,0.894736842105263,1.2932330827067668,-3.16,-1.65,-2.62,-1.11,1.1176470588235294,1.2061068702290076,1.4864864864864862,0.3683709837019236,3.0776312167080278,0.8558258393855652,4.04134956311759,0.6944008129143671,0.0161944832735299,train
223,NaCdBr3,0.0,1.39,0.95,1.96,1.0,2.0,-1.0,0.93,1.69,2.96,1.463157894736842,0.4846938775510204,0.7091836734693877,-2.03,-1.27,-2.51,-1.75,2.0631578947368423,0.8087649402390438,0.7257142857142858,0.3805970415301508,2.997388827031956,0.8140253209501371,4.907533270999274,0.9071822795982564,0.0278574889657967,train
224,PrLuSe3,0.0,1.179,0.861,1.98,3.0,3.0,-2.0,1.13,1.27,2.55,1.3693379790940767,0.4348484848484849,0.5954545454545455,-1.42,-1.2799999999999998,-2.31,-2.17,2.29965156794425,0.6147186147186147,0.5898617511520736,0.3143273961096401,3.3252078254487683,0.7862569336679974,6.368871712692052,0.8193899199826054,0.003050206499001,train
225,CsHgCl3,1.0,1.88,1.02,1.81,1.0,2.0,-1.0,0.79,2.0,3.16,1.843137254901961,0.56353591160221,1.0386740331491713,-2.37,-1.16,-2.65,-1.44,1.7745098039215683,0.8943396226415095,0.8055555555555556,0.6114691495456782,2.20523496279646,0.9219896096018646,3.7887865769548648,1.0236064214864162,0.890500849235463,train
0,PbLiCl3,0.0,1.49,0.76,1.81,2.0,1.0,-1.0,2.33,0.98,3.16,1.9605263157894737,0.4198895027624309,0.8232044198895028,-0.8300000000000001,-2.18,-1.11,-2.46,2.381578947368421,0.7477477477477478,0.8861788617886179,0.673212965659128,2.965757110428847,0.9079604108350272,4.205965629731158,0.7661267736354072,0.0344699442246146,test
1,CsTiBr3,0.0,1.88,0.86,1.96,1.0,2.0,-1.0,0.79,1.54,2.96,2.186046511627907,0.4387755102040816,0.9591836734693876,-2.17,-1.42,-2.65,-1.9,2.2790697674418605,0.8188679245283019,0.7473684210526316,0.7820946665764414,2.513238524301653,0.9628712338758562,4.074187296112854,1.0549875358145508,0.4735350942309259,test
2,NdYbS3,0.0,1.27,0.868,1.84,3.0,3.0,-2.0,1.14,1.1,2.58,1.463133640552995,0.4717391304347826,0.6902173913043478,-1.4400000000000002,-1.48,-2.3,-2.34,2.119815668202765,0.6260869565217393,0.6324786324786326,0.3805804647922866,2.817114563277386,0.8120781495547562,4.653252950788026,0.8038714843536154,0.0920060810313532,test
3,KMgF3,1.0,1.64,0.72,1.33,1.0,2.0,-1.0,0.82,1.31,3.98,2.2777777777777777,0.5413533834586466,1.2330827067669172,-3.16,-2.67,-2.62,-2.13,1.8472222222222223,1.2061068702290076,1.2535211267605637,0.8232003088081431,2.205138774437104,1.0244450879323992,3.614200992037822,0.9856955996591176,0.8905665424048905,test
4,SrZrSe3,0.0,1.44,0.72,1.98,2.0,4.0,-2.0,0.95,1.33,2.55,2.0,0.3636363636363636,0.7272727272727273,-1.6,-1.2199999999999998,-2.49,-2.11,2.7500000000000004,0.642570281124498,0.5781990521327013,0.6931471805599453,2.5623815862859782,0.8956708456782703,4.5207801635558535,0.995386389824821,0.3864815829150114,test
5,NaCrCl3,0.0,1.39,0.8,1.81,1.0,2.0,-1.0,0.93,1.66,3.16,1.7374999999999998,0.4419889502762431,0.7679558011049723,-2.23,-1.5000000000000002,-2.51,-1.78,2.2625,0.8884462151394423,0.8426966292134832,0.5524472984568101,2.515296759242439,0.8669530266698321,4.407596382683888,0.914019480494882,0.4698176690367979,test
6,NaCaBr3,0.0,1.39,1.0,1.96,1.0,2.0,-1.0,0.93,1.0,2.96,1.39,0.5102040816326531,0.7091836734693877,-2.03,-1.96,-2.51,-2.44,1.96,0.8087649402390438,0.8032786885245902,0.3293037471426003,3.3663661641822986,0.8002748932313849,5.181026976040088,0.8057406295539667,0.002316427879375,test
7,SmScS3,1.0,1.24,0.745,1.84,3.0,3.0,-2.0,1.17,1.36,2.58,1.6644295302013423,0.404891304347826,0.6739130434782609,-1.41,-1.22,-2.27,-2.08,2.469798657718121,0.6211453744493391,0.5865384615384615,0.509482440219523,2.52086261308398,0.8425123296413742,3.2705065848697337,0.8922221998888648,0.4597825361049432,test
8,CsGeCl3,0.0,1.88,0.73,1.81,1.0,2.0,-1.0,0.79,2.01,3.16,2.5753424657534247,0.4033149171270718,1.0386740331491713,-2.37,-1.1500000000000004,-2.65,-1.4300000000000002,2.4794520547945207,0.8943396226415095,0.8041958041958044,0.945982521681558,2.8871265923624585,1.0272561398319988,4.201851683463718,1.1424032103378594,0.0582548957333421,test
9,RbYbI3,0.0,1.72,1.02,2.2,1.0,2.0,-1.0,0.82,1.1,2.66,1.6862745098039216,0.4636363636363636,0.7818181818181817,-1.8400000000000003,-1.56,-2.62,-2.34,2.156862745098039,0.7022900763358779,0.6666666666666667,0.522521663529182,2.5138991760791862,0.8608278150683604,4.384048577766862,0.9068262479346086,0.4723415475865669,test
10,RbSrF3,0.0,1.72,1.18,1.33,1.0,2.0,-1.0,0.82,0.95,3.98,1.457627118644068,0.8872180451127819,1.2932330827067668,-3.16,-3.03,-2.62,-2.49,1.1271186440677967,1.2061068702290076,1.216867469879518,0.3768098523477883,3.0006392754951903,0.8592355040843126,3.995454648453122,0.8516373970645964,0.0272533705623022,test
11,TlCdF3,1.0,1.7,0.95,1.33,1.0,2.0,-1.0,1.62,1.69,3.98,1.7894736842105263,0.7142857142857142,1.2781954887218043,-2.36,-2.29,-1.82,-1.75,1.4,1.2967032967032963,1.3085714285714285,0.581921545449721,2.0806830394874507,0.9397100631596812,3.4751115819703573,0.931187331649667,0.9508009639370384,test
12,BaTaSe3,0.0,1.61,0.68,1.98,2.0,4.0,-2.0,0.89,1.5,2.55,2.367647058823529,0.3434343434343435,0.8131313131313131,-1.6599999999999997,-1.0499999999999998,-2.55,-1.94,2.9117647058823524,0.6509803921568627,0.5412371134020618,0.8618966598083562,2.8991036244347548,0.9543307289231272,4.405804001382068,1.1478344274226104,0.0538121068227689,test
13,CaCuCl3,0.0,1.34,0.77,1.81,2.0,1.0,-1.0,1.0,1.9,3.16,1.7402597402597404,0.425414364640884,0.7403314917127072,-2.16,-1.2600000000000002,-2.44,-1.54,2.3506493506493507,0.8852459016393444,0.8181818181818183,0.5540343780972276,3.0037510284672324,0.8633302215075127,4.632785655029878,0.9340949937622268,0.0266871585367657,test
14,AgSnCl3,0.0,1.28,1.15,1.81,1.0,2.0,-1.0,1.93,1.96,3.16,1.1130434782608696,0.6353591160220994,0.7071823204419889,-1.2300000000000002,-1.2000000000000002,-1.51,-1.48,1.573913043478261,0.8145695364238412,0.810810810810811,0.1070981355563671,11.207910693552416,0.7381640059955162,10.966656787136252,0.7415859583411908,2.1158634073455694e-24,test
15,RbNiBr3,0.0,1.72,0.69,1.96,1.0,2.0,-1.0,0.82,1.91,2.96,2.4927536231884058,0.3520408163265306,0.8775510204081632,-2.14,-1.05,-2.62,-1.53,2.840579710144928,0.816793893129771,0.6862745098039216,0.9133879722161936,3.1627614798278514,0.9819469847356608,4.569708731999822,1.1686989521706652,0.0091033900470247,test
16,SrNaCl3,0.0,1.44,1.02,1.81,2.0,1.0,-1.0,0.95,0.93,3.16,1.4117647058823528,0.56353591160221,0.7955801104972375,-2.21,-2.23,-2.49,-2.51,1.7745098039215683,0.8875502008032128,0.8884462151394423,0.3448404862917294,3.927311920832245,0.8120504691615338,5.962438785601655,0.8112315013391583,5.925509548172788e-05,test
17,RbVI3,0.0,1.72,0.79,2.2,1.0,2.0,-1.0,0.82,1.63,2.66,2.1772151898734178,0.359090909090909,0.7818181818181817,-1.8400000000000003,-1.0300000000000002,-2.62,-1.81,2.784810126582279,0.7022900763358779,0.5690607734806631,0.7780466243464316,2.892224385356432,0.927045339304388,4.583119535998847,1.1440864885567827,0.0563225911642087,test
18,CeErS3,0.0,1.34,0.89,1.84,3.0,3.0,-2.0,1.12,1.24,2.58,1.50561797752809,0.483695652173913,0.7282608695652174,-1.46,-1.34,-2.32,-2.2,2.067415730337079,0.6293103448275862,0.6090909090909091,0.4092034302187716,2.658949157798016,0.823664918813447,4.1055781674638485,0.8510073723715876,0.238678193754648,test
19,BaUSe3,1.0,1.61,0.89,1.98,2.0,4.0,-2.0,0.89,1.38,2.55,1.808988764044944,0.4494949494949495,0.8131313131313131,-1.6599999999999997,-1.17,-2.55,-2.06,2.224719101123596,0.6509803921568627,0.5679611650485437,0.5927679952523233,2.231135773596423,0.8845016511970448,4.328249583652136,1.0137897926708277,0.8714767753556973,test
20,BaNbS3,0.0,1.61,0.68,1.84,2.0,4.0,-2.0,0.89,1.6,2.58,2.367647058823529,0.3695652173913044,0.875,-1.69,-0.98,-2.55,-1.84,2.705882352941176,0.6627450980392157,0.5326086956521738,0.8618966598083562,2.7227010620229297,0.9680652937312132,4.19992164844089,1.2046001750246424,0.1655440922861284,test
21,SnTiS3,0.0,1.15,0.605,1.84,2.0,4.0,-2.0,1.96,1.54,2.58,1.900826446280992,0.3288043478260869,0.6249999999999999,-0.6200000000000001,-1.04,-1.48,-1.9,3.041322314049588,0.4189189189189189,0.5473684210526316,0.6422887633264545,2.716691874419598,0.8647258083881266,4.960237776423522,0.6618028860974617,0.1715703200801886,test
22,PrYbSe3,0.0,1.179,0.868,1.98,3.0,3.0,-2.0,1.13,1.1,2.55,1.358294930875576,0.4383838383838384,0.5954545454545455,-1.42,-1.4499999999999995,-2.31,-2.34,2.28110599078341,0.6147186147186147,0.6196581196581195,0.3062301858770208,3.3971930433204887,0.7843244201372124,6.587713178956442,0.7780723042937543,0.0018860381840579,test
23,KMgCl3,0.0,1.64,0.72,1.81,1.0,2.0,-1.0,0.82,1.31,3.16,2.2777777777777777,0.3977900552486187,0.9060773480662982,-2.3400000000000003,-1.85,-2.62,-2.13,2.5138888888888893,0.8931297709923665,0.8685446009389672,0.8232003088081431,2.738522348523215,0.9642389486967026,4.280867658704489,0.9915328591075108,0.1505072120648067,test
24,CsPbCl3,1.0,1.88,1.19,1.81,1.0,2.0,-1.0,0.79,2.33,3.16,1.5798319327731092,0.6574585635359116,1.0386740331491713,-2.37,-0.8300000000000001,-2.65,-1.11,1.5210084033613445,0.8943396226415095,0.7477477477477478,0.4573184697184198,2.5009943453046826,0.8697435317244256,3.975563680225285,1.040252015870628,0.4956934408853204,test
25,CsMnF3,0.0,1.88,0.83,1.33,1.0,2.0,-1.0,0.79,1.55,3.98,2.265060240963856,0.6240601503759398,1.413533834586466,-3.19,-2.43,-2.65,-1.89,1.602409638554217,1.2037735849056603,1.2857142857142858,0.8176013550333515,2.01163369247089,1.0508418913111284,3.372782054181464,0.983869997189832,0.9688038057797992,test
26,AgCoF3,1.0,1.28,0.745,1.33,1.0,2.0,-1.0,1.93,1.88,3.98,1.7181208053691277,0.5601503759398496,0.962406015037594,-2.05,-2.1,-1.51,-1.56,1.7852348993288591,1.357615894039735,1.3461538461538465,0.5412311385341034,2.3218825072824143,0.8894233001472234,3.959702669277516,0.8969964408296498,0.7810580742013391,test
27,RbSrCl3,0.0,1.72,1.18,1.81,1.0,2.0,-1.0,0.82,0.95,3.16,1.457627118644068,0.6519337016574586,0.9502762430939226,-2.3400000000000003,-2.21,-2.62,-2.49,1.5338983050847457,0.8931297709923665,0.8875502008032128,0.3768098523477883,2.9593543630524124,0.8348137876899211,4.402234309470071,0.8400618312586948,0.035984958835393,test
28,KCuF3,1.0,1.64,0.73,1.33,1.0,2.0,-1.0,0.82,1.9,3.98,2.246575342465753,0.5488721804511277,1.2330827067669172,-3.16,-2.08,-2.62,-1.54,1.8219178082191785,1.2061068702290076,1.3506493506493509,0.8094069866758071,2.1794710332299694,1.0194720535249602,3.5974996594363544,0.9103711834398608,0.9068742403502138,test
29,RbCrCl3,1.0,1.72,0.8,1.81,1.0,2.0,-1.0,0.82,1.66,3.16,2.15,0.4419889502762431,0.9502762430939226,-2.3400000000000003,-1.5000000000000002,-2.62,-1.78,2.2625,0.8931297709923665,0.8426966292134832,0.7654678421395714,2.4887061539958304,0.9563575575451584,4.07123980805059,1.0135930022104565,0.5179412886652828,test
30,SnNaCl3,0.0,1.15,1.02,1.81,2.0,1.0,-1.0,1.96,0.93,3.16,1.1274509803921569,0.56353591160221,0.6353591160220994,-1.2000000000000002,-2.23,-1.48,-2.51,1.7745098039215683,0.810810810810811,0.8884462151394423,0.1199593150789789,11.803177335673302,0.7395905811440431,16.57173250646641,0.6749626804041505,5.525377944796631e-26,test
31,CsNiCl3,0.0,1.88,0.69,1.81,1.0,2.0,-1.0,0.79,1.91,3.16,2.7246376811594204,0.3812154696132596,1.0386740331491713,-2.37,-1.2500000000000002,-2.65,-1.53,2.623188405797102,0.8943396226415095,0.8169934640522877,1.0023354582326898,3.127708346113698,1.0436922380693108,4.341477635995025,1.1425003545549064,0.0115389237742227,test
32,CsHgF3,1.0,1.88,1.02,1.33,1.0,2.0,-1.0,0.79,2.0,3.98,1.843137254901961,0.7669172932330827,1.413533834586466,-3.19,-1.98,-2.65,-1.44,1.303921568627451,1.2037735849056603,1.375,0.6114691495456782,1.9820995973137057,0.965880206481718,3.3181983416607475,0.8456007845424852,0.9743584994314034,test
33,KBaCl3,0.0,1.64,1.35,1.81,1.0,2.0,-1.0,0.82,0.89,3.16,1.2148148148148146,0.7458563535911602,0.9060773480662982,-2.3400000000000003,-2.27,-2.62,-2.55,1.3407407407407408,0.8931297709923665,0.8901960784313726,0.1945916493857687,6.040696737691402,0.7720014367729928,6.583633581463322,0.7745456120698874,1.1779391814263358e-10,test
34,RbCoCl3,0.0,1.72,0.745,1.81,1.0,2.0,-1.0,0.82,1.88,3.16,2.308724832214765,0.4116022099447514,0.9502762430939226,-2.3400000000000003,-1.2800000000000002,-2.62,-1.56,2.4295302013422817,0.8931297709923665,0.8205128205128206,0.8366953514279392,2.6864703270488723,0.9769445108386944,4.188867669005511,1.0634059644458402,0.2045905918203351,test
35,RbCdBr3,1.0,1.72,0.95,1.96,1.0,2.0,-1.0,0.82,1.69,2.96,1.810526315789473,0.4846938775510204,0.8775510204081632,-2.14,-1.27,-2.62,-1.75,2.0631578947368423,0.816793893129771,0.7257142857142858,0.5936175852129121,2.3720291863679974,0.8942128898795536,4.113145565065198,1.0064396443466153,0.7136977537555457,test
36,KCoF3,1.0,1.64,0.745,1.33,1.0,2.0,-1.0,0.82,1.88,3.98,2.2013422818791946,0.5601503759398496,1.2330827067669172,-3.16,-2.1,-2.62,-1.56,1.7852348993288591,1.2061068702290076,1.3461538461538465,0.7890673024386846,2.1453925815117683,1.0121023760295988,3.5750378414552726,0.9068084101918412,0.9250789126838344,test
37,RbBeF3,0.0,1.72,0.45,1.33,1.0,2.0,-1.0,0.82,1.57,3.98,3.822222222222222,0.3383458646616541,1.2932330827067668,-3.16,-2.41,-2.62,-1.87,2.955555555555556,1.2061068702290076,1.288770053475936,1.3408319870431331,4.336122205855908,1.2116186040739465,4.806190280232112,1.1339040029130787,4.435357130744633e-06,test
38,CsMnCl3,1.0,1.88,0.83,1.81,1.0,2.0,-1.0,0.79,1.55,3.16,2.265060240963856,0.4585635359116021,1.0386740331491713,-2.37,-1.61,-2.65,-1.89,2.180722891566265,0.8943396226415095,0.851851851851852,0.8176013550333515,2.4660030760895864,0.98834492241412,3.951095307193512,1.037640551030017,0.5587654534658254,test
39,KCoI3,0.0,1.64,0.745,2.2,1.0,2.0,-1.0,0.82,1.88,2.66,2.2013422818791946,0.3386363636363636,0.7454545454545454,-1.8400000000000003,-0.7800000000000002,-2.62,-1.56,2.953020134228188,0.7022900763358779,0.5000000000000001,0.7890673024386846,3.037246272360739,0.9220023360033665,4.742823076354601,1.2950261818673237,0.0212830400280407,test
40,KNiF3,1.0,1.64,0.69,1.33,1.0,2.0,-1.0,0.82,1.91,3.98,2.3768115942028984,0.5187969924812029,1.2330827067669172,-3.16,-2.0700000000000003,-2.62,-1.53,1.9275362318840583,1.2061068702290076,1.3529411764705883,0.865759923226939,2.2969391382692845,1.039659618941296,3.67288344701482,0.9268256675991772,0.8098765410153353,test
41,BaTiSe3,0.0,1.61,0.605,1.98,2.0,4.0,-2.0,0.89,1.54,2.55,2.6611570247933884,0.3055555555555555,0.8131313131313131,-1.6599999999999997,-1.0099999999999998,-2.55,-1.9,3.272727272727273,0.6509803921568627,0.5315789473684209,0.9787609999476672,3.4712655819039884,0.9820192413677056,4.710534919202104,1.2025970441754004,0.001153256787125,test
42,SnVS3,0.0,1.15,0.58,1.84,2.0,4.0,-2.0,1.96,1.63,2.58,1.9827586206896552,0.3152173913043478,0.6249999999999999,-0.6200000000000001,-0.9500000000000002,-1.48,-1.81,3.172413793103449,0.4189189189189189,0.5248618784530388,0.6844891178168307,2.839872964220463,0.873658926243376,4.965810851083386,0.6973115554980912,0.0794207695045163,test
43,BaVS3,0.0,1.61,0.58,1.84,2.0,4.0,-2.0,0.89,1.63,2.58,2.775862068965518,0.3152173913043478,0.875,-1.69,-0.9500000000000002,-2.55,-1.81,3.172413793103449,0.6627450980392157,0.5248618784530388,1.0209613544380438,3.4720032928963738,1.00806799181928,4.6101554997783385,1.272891302446231,0.0011476375098128,test
44,LiNiCl3,0.0,0.92,0.69,1.81,1.0,2.0,-1.0,0.98,1.91,3.16,1.3333333333333337,0.3812154696132596,0.5082872928176796,-2.18,-1.2500000000000002,-2.46,-1.53,2.623188405797102,0.8861788617886179,0.8169934640522877,0.2876820724517812,3.846500901947388,0.7721625501163194,6.257934401506708,0.8375515348481207,9.958512166501238e-05,test
45,NaFeF3,1.0,1.39,0.78,1.33,1.0,2.0,-1.0,0.93,1.83,3.98,1.782051282051282,0.5864661654135338,1.045112781954887,-3.05,-2.15,-2.51,-1.61,1.7051282051282053,1.2151394422310755,1.3354037267080745,0.5777651064410999,2.2191501665357456,0.9115333126383992,3.789515375942843,0.8294421072381836,0.8806167454670941,test
46,TlCuF3,1.0,1.7,0.73,1.33,1.0,2.0,-1.0,1.62,1.9,3.98,2.328767123287671,0.5488721804511277,1.2781954887218043,-2.36,-2.08,-1.82,-1.54,1.8219178082191785,1.2967032967032963,1.3506493506493509,0.8453389959018707,2.1959751508770005,1.0400674485456665,3.5767500525345715,0.998526293056416,0.8966644539844723,test
47,CaLiBr3,0.0,1.34,0.76,1.96,2.0,1.0,-1.0,1.0,0.98,2.96,1.7631578947368425,0.3877551020408163,0.6836734693877552,-1.96,-1.98,-2.44,-2.46,2.5789473684210527,0.8032786885245902,0.8048780487804879,0.5671064596645805,3.088969469182647,0.8578890646492721,4.797031696995536,0.8561843670543405,0.0149980883332246,test
48,CsYbI3,1.0,1.88,1.02,2.2,1.0,2.0,-1.0,0.79,1.1,2.66,1.843137254901961,0.4636363636363636,0.8545454545454544,-1.87,-1.56,-2.65,-2.34,2.156862745098039,0.7056603773584906,0.6666666666666667,0.6114691495456782,2.4072936302885037,0.8959636442548241,4.171139518131335,0.9483690649565212,0.6592598829007853,test
49,CsDyI3,1.0,1.88,1.07,2.2,1.0,2.0,-1.0,0.79,1.22,2.66,1.7570093457943925,0.4863636363636363,0.8545454545454544,-1.87,-1.4400000000000002,-2.65,-2.22,2.0560747663551404,0.7056603773584906,0.6486486486486487,0.563613128368043,2.403191567479268,0.8822638943426709,4.173477923520518,0.959808786942915,0.6658617552862903,test
50,CeScS3,1.0,1.34,0.745,1.84,3.0,3.0,-2.0,1.12,1.36,2.58,1.7986577181208054,0.404891304347826,0.7282608695652174,-1.46,-1.22,-2.32,-2.08,2.469798657718121,0.6293103448275862,0.5865384615384615,0.5870406745653975,2.443953512741195,0.8698666260583019,2.661620260807557,0.9332995230405072,0.5976235146476783,test
51,CsVCl3,0.0,1.88,0.79,1.81,1.0,2.0,-1.0,0.79,1.63,3.16,2.3797468354430378,0.43646408839779,1.0386740331491713,-2.37,-1.5300000000000002,-2.65,-1.81,2.2911392405063293,0.8943396226415095,0.845303867403315,0.8669941103629276,2.6067907147102973,1.0035502289127989,4.035963925009509,1.0617657952811033,0.313551566122916,test
52,KBaF3,0.0,1.64,1.35,1.33,1.0,2.0,-1.0,0.82,0.89,3.98,1.2148148148148146,1.0150375939849623,1.2330827067669172,-3.16,-3.09,-2.62,-2.55,0.9851851851851852,1.2061068702290076,1.211764705882353,0.1945916493857687,6.528574686463307,0.7836240411423201,6.228078025907766,0.7799652317899176,5.913627872933718e-12,test
53,CsSrCl3,1.0,1.88,1.18,1.81,1.0,2.0,-1.0,0.79,0.95,3.16,1.5932203389830508,0.6519337016574586,1.0386740331491713,-2.37,-2.21,-2.65,-2.49,1.5338983050847457,0.8943396226415095,0.8875502008032128,0.4657573383642844,2.468241114606422,0.8726523729676511,3.954607347648322,0.8793278320829847,0.5547692315244207,test
54,PbVS3,0.0,1.49,0.58,1.84,2.0,4.0,-2.0,2.33,1.63,2.58,2.5689655172413794,0.3152173913043478,0.8097826086956521,-0.25,-0.9500000000000002,-1.11,-1.81,3.172413793103449,0.2252252252252252,0.5248618784530388,0.94350329539904,3.293657184522621,0.973004757321218,4.618002652769013,0.4175293055361317,0.0037686362684787,test
55,CsCrCl3,0.0,1.88,0.8,1.81,1.0,2.0,-1.0,0.79,1.66,3.16,2.35,0.4419889502762431,1.0386740331491713,-2.37,-1.5000000000000002,-2.65,-1.78,2.2625,0.8943396226415095,0.8426966292134832,0.8544153281560676,2.5683687988739607,0.99970520887865,4.012918821571924,1.060970162056723,0.3762494143933004,test
56,TlZnCl3,0.0,1.7,0.74,1.81,1.0,2.0,-1.0,1.62,1.65,3.16,2.2972972972972974,0.4088397790055249,0.9392265193370164,-1.54,-1.5100000000000002,-1.82,-1.79,2.445945945945946,0.8461538461538461,0.8435754189944136,0.831733343846092,2.693905753651808,0.9733141388020832,4.208005822822063,0.9762891183399396,0.1960413073461107,test
