Unnamed: 0,A,B,X,nA,nB,nX,chi_A,chi_B,chi_X,rA,rB,rX,delta_chi_AX,delta_chi_BX,delta_chi_AO,delta_chi_BO,rA_rB_ratio,rB_rX_ratio,rA_rX_ratio,chi_AX_ratio,chi_BX_ratio,HOMO_A,HOMO_B,HOMO_X,LUMO_A,LUMO_B,LUMO_X,EA_A,EA_B,EA_X,IP_A,IP_B,IP_X,rS_A,rS_B,rS_X,rP_A,rP_B,rP_X,rD_A,rD_B,rD_X,t_sisso,t,tau,t_jess
BaCeS3,Ba,Ce,S,2.0,4.0,-2.0,0.89,1.12,2.58,161.04,86.8,184.4,-1.69,-1.46,-2.55,-2.32,1.855299539170507,0.4707158351409978,0.8733188720173535,0.6627450980392157,0.6293103448275862,-3.22934977,-2.5303330600000007,-7.00838179000003,-2.0224315294266337,-2.5303331468620374,0.8145175879610062,0.1815487042226235,0.0869328039854952,-2.847077729734469,5.363406047114364,5.700526061695872,11.769320157021456,219.67,204.28,74.72999999999999,266.14000000000004,257.54,84.92999999999999,131.01,118.68,273.21,0.8252970835167687,0.9006769239959878,4.128181158795017,0.948529165620056
BaUS3,Ba,U,S,2.0,4.0,-2.0,0.89,1.38,2.58,161.04,88.69,184.4,-1.69,-1.2000000000000002,-2.55,-2.06,1.8157627691960765,0.4809652928416486,0.8733188720173535,0.6627450980392157,0.5825242718446603,-3.22934977,-1.9952727799999996,-7.00838179000003,-2.0224315294266337,-1.9952728484943232,0.8145175879610062,0.1815487042226235,0.546861732757815,-2.847077729734469,5.363406047114364,5.590257855882314,11.769320157021456,219.67,187.98,74.72999999999999,266.14000000000004,241.76,84.92999999999999,131.01,131.23,273.21,0.8037565617947121,0.8944435233355738,4.167150786152003,1.0176195039674725
EuUS3,Eu,U,S,2.0,4.0,-2.0,1.2,1.38,2.58,143.72,88.69,184.4,-1.38,-1.2000000000000002,-2.24,-2.06,1.6204758146352465,0.4809652928416486,0.7793926247288503,0.6160714285714286,0.5825242718446603,-2.76744646,-1.9952727799999996,-7.00838179000003,-2.7674465550017397,-1.9952728484943232,0.8145175879610062,0.4802925635161391,0.546861732757815,-2.847077729734469,6.002313428086848,5.590257855882314,11.769320157021456,31.35,187.98,74.72999999999999,267.74,241.76,84.92999999999999,114.02,131.23,273.21,0.7886681619177286,0.8495970613619397,4.793091540711075,0.8985247492707299
EuUSe3,Eu,U,Se,2.0,4.0,-2.0,1.2,1.38,2.55,143.72,88.69,198.14,-1.35,-1.17,-2.24,-2.06,1.6204758146352465,0.4476127990309882,0.7253457151509034,0.6026785714285713,0.5679611650485437,-2.76744646,-1.9952727799999996,-6.510488250000024,-2.7674465550017397,-1.9952728484943232,-0.2111875472497096,0.4802925635161391,0.546861732757815,-2.730814399751447,6.002313428086848,5.590257855882314,10.84576444731508,31.35,187.98,79.97,267.74,241.76,95.78,114.02,131.23,23.97,0.82644199943421,0.8427714434835971,4.948013177874227,0.8942870056196135
EuInS3,Eu,In,S,3.0,3.0,-2.0,1.2,1.78,2.58,122.38,79.56,184.4,-1.38,-0.8,-2.24,-1.66,1.5382101558572143,0.4314533622559653,0.6636659436008676,0.6160714285714286,0.4819277108433735,-2.76744646,-2.5178859200000034,-7.00838179000003,-2.7674465550017397,-2.517886006434747,0.8145175879610062,0.4802925635161391,-0.1678385307595446,-2.847077729734469,6.002313428086848,5.364511578154709,11.769320157021456,31.35,114.07,74.72999999999999,267.74,151.32,84.92999999999999,114.02,49.29,273.21,0.8036398501973033,0.8218168084792943,4.034007382232251,1.050568049589491
EuInSe3,Eu,In,Se,3.0,3.0,-2.0,1.2,1.78,2.55,122.38,79.56,198.14,-1.35,-0.7699999999999998,-2.24,-1.66,1.5382101558572143,0.4015342686988998,0.6176440900373473,0.6026785714285713,0.4638554216867468,-2.76744646,-2.5178859200000034,-6.510488250000024,-2.7674465550017397,-2.517886006434747,-0.2111875472497096,0.4802925635161391,-0.1678385307595446,-2.730814399751447,6.002313428086848,5.364511578154709,10.84576444731508,31.35,114.07,79.97,267.74,151.32,95.78,114.02,49.29,23.97,0.812642118951077,0.8161412906491269,4.206707231402688,1.0603969343371369
PrPbS3,Pb,Pr,S,2.0,4.0,-2.0,2.33,1.13,2.58,149.22,84.98,184.4,-0.25,-1.4500000000000002,-1.11,-2.31,1.7559425747234645,0.4608459869848156,0.8092190889370933,0.2252252252252252,0.6277056277056278,-3.496077730000001,-2.320982129999998,-7.00838179000003,-3.4960778500144083,-2.320982209675374,0.8145175879610062,-0.8830451593257576,0.1152585549847216,-2.847077729734469,6.576348032711487,5.700078313684422,11.769320157021456,103.96,201.97,74.72999999999999,140.49,271.35,84.92999999999999,56.76,117.98,273.21,0.8423194671474582,0.8757352386235387,4.407664818179315,0.3142200064026677
CePbS3,Pb,Ce,S,2.0,4.0,-2.0,2.33,1.12,2.58,149.22,86.8,184.4,-0.25,-1.46,-1.11,-2.32,1.7191244239631336,0.4707158351409978,0.8092190889370933,0.2252252252252252,0.6293103448275862,-3.496077730000001,-2.5303330600000007,-7.00838179000003,-3.4960778500144083,-2.5303331468620374,0.8145175879610062,-0.8830451593257576,0.0869328039854952,-2.847077729734469,6.576348032711487,5.700526061695872,11.769320157021456,103.96,204.28,74.72999999999999,140.49,257.54,84.92999999999999,56.76,118.68,273.21,0.821128780167819,0.86985825435254,4.470221291049585,0.3113154310283064
UPbS3,Pb,U,S,2.0,4.0,-2.0,2.33,1.38,2.58,149.22,88.69,184.4,-0.25,-1.2000000000000002,-1.11,-2.06,1.682489570413801,0.4809652928416486,0.8092190889370933,0.2252252252252252,0.5825242718446603,-3.496077730000001,-1.9952727799999996,-7.00838179000003,-3.4960778500144083,-1.9952728484943232,0.8145175879610062,-0.8830451593257576,0.546861732757815,-2.847077729734469,6.576348032711487,5.590257855882314,11.769320157021456,103.96,187.98,74.72999999999999,140.49,241.76,84.92999999999999,56.76,131.23,273.21,0.7995882584457626,0.8638381433974471,4.5468505961681895,0.3339914743616256
SrPrS3,Sr,Pr,S,2.0,4.0,-2.0,0.95,1.13,2.58,144.48,84.98,184.4,-1.63,-1.4500000000000002,-2.49,-2.31,1.7001647446457988,0.4608459869848156,0.7835140997830802,0.6546184738955824,0.6277056277056278,-3.5257832000000016,-2.320982129999998,-7.00838179000003,-1.2811882639810177,-2.320982209675374,0.8145175879610062,0.150586057166743,0.1152585549847216,-2.847077729734469,5.884929518021573,5.700078313684422,11.769320157021456,195.84,201.97,74.72999999999999,254.93,271.35,84.92999999999999,111.21,117.98,273.21,0.8332443800261069,0.8632929838694006,4.57687225473787,0.900306625720386
SrCeS3,Sr,Ce,S,2.0,4.0,-2.0,0.95,1.12,2.58,144.48,86.8,184.4,-1.63,-1.46,-2.49,-2.32,1.664516129032258,0.4707158351409978,0.7835140997830802,0.6546184738955824,0.6293103448275862,-3.5257832000000016,-2.5303330600000007,-7.00838179000003,-1.2811882639810177,-2.5303331468620374,0.8145175879610062,0.150586057166743,0.0869328039854952,-2.847077729734469,5.884929518021573,5.700526061695872,11.769320157021456,195.84,204.28,74.72999999999999,254.93,257.54,84.92999999999999,111.21,118.68,273.21,0.8120536930464677,0.8574994985056752,4.657902004601537,0.8919844043431429
SrUS3,Sr,U,S,2.0,4.0,-2.0,0.95,1.38,2.58,144.48,88.69,184.4,-1.63,-1.2000000000000002,-2.49,-2.06,1.6290449881610105,0.4809652928416486,0.7835140997830802,0.6546184738955824,0.5825242718446603,-3.5257832000000016,-1.9952727799999996,-7.00838179000003,-1.2811882639810177,-1.9952728484943232,0.8145175879610062,0.150586057166743,0.546861732757815,-2.847077729734469,5.884929518021573,5.590257855882314,11.769320157021456,195.84,187.98,74.72999999999999,254.93,241.76,84.92999999999999,111.21,131.23,273.21,0.7905131713244116,0.8515649199704826,4.755648811767744,0.9569560536401894
SrUSe3,Sr,U,Se,2.0,4.0,-2.0,0.95,1.38,2.55,144.48,88.69,198.14,-1.6,-1.17,-2.49,-2.06,1.6290449881610105,0.4476127990309882,0.7291813868981528,0.6425702811244979,0.5679611650485437,-3.5257832000000016,-1.9952727799999996,-6.510488250000024,-1.2811882639810177,-1.9952728484943232,-0.2111875472497096,0.150586057166743,0.546861732757815,-2.730814399751447,5.884929518021573,5.590257855882314,10.84576444731508,195.84,187.98,79.97,254.93,241.76,95.78,111.21,131.23,23.97,0.8294655829139364,0.8446450358812088,4.910570448930896,0.9556001916261504
CaPrS3,Ca,Pr,S,2.0,4.0,-2.0,1.0,1.13,2.58,133.65,84.98,184.4,-1.58,-1.4500000000000002,-2.44,-2.31,1.5727229936455636,0.4608459869848156,0.7247830802603037,0.6475409836065574,0.6277056277056278,-3.766160950000002,-2.320982129999998,-7.00838179000003,-1.9458476867976409,-2.320982209675374,0.8145175879610062,0.1499954621481116,0.1152585549847216,-2.847077729734469,6.309260154585895,5.700078313684422,11.769320157021456,179.84,201.97,74.72999999999999,231.02,271.35,84.92999999999999,67.61,117.98,273.21,0.8129303743135858,0.8348647942096292,5.116448145082737,0.86124633292999
CaPrSe3,Ca,Pr,Se,2.0,4.0,-2.0,1.0,1.13,2.55,133.65,84.98,198.14,-1.5499999999999998,-1.42,-2.44,-2.31,1.5727229936455636,0.4288886645805996,0.6745230644998487,0.6352459016393442,0.6147186147186147,-3.766160950000002,-2.320982129999998,-6.510488250000024,-1.9458476867976409,-2.320982209675374,-0.2111875472497096,0.1499954621481116,0.1152585549847216,-2.730814399751447,6.309260154585895,5.700078313684422,10.84576444731508,179.84,201.97,79.97,231.02,271.35,95.78,67.61,117.98,23.97,0.8204361480967385,0.8286647001669181,5.278133247459767,0.8563362846189246
CaCeSe3,Ca,Ce,Se,2.0,4.0,-2.0,1.0,1.12,2.55,133.65,86.8,198.14,-1.5499999999999998,-1.4299999999999995,-2.44,-2.32,1.539746543778802,0.43807408902796,0.6745230644998487,0.6352459016393442,0.6163793103448275,-3.766160950000002,-2.5303330600000007,-6.510488250000024,-1.9458476867976409,-2.5303331468620374,-0.2111875472497096,0.1499954621481116,0.0869328039854952,-2.730814399751447,6.309260154585895,5.700526061695872,10.84576444731508,179.84,204.28,79.97,231.02,257.54,95.78,67.61,118.68,23.97,0.8121579973357723,0.8233717621648693,5.417487057667142,0.848574130673183
TbSnS3,Sn,Tb,S,2.0,4.0,-2.0,1.96,1.1,2.58,115.87,76.26,184.4,-0.6200000000000001,-1.48,-1.48,-2.34,1.519407290847102,0.4135574837310195,0.6283622559652928,0.4189189189189189,0.6324786324786326,-3.6934392700000016,-3.0839381900000022,-7.00838179000003,-3.693439396789498,-1.3025399247139844,0.8145175879610062,-1.0130803347838755,0.4848213986217848,-2.847077729734469,6.875250052003975,6.119534423052706,11.769320157021456,106.59,29.39,74.72999999999999,135.54,257.89,84.92999999999999,46.940000000000005,112.45,273.21,0.7985805713912991,0.8145610681543638,5.682368137083485,0.5395202692103501
TbSnSe3,Sn,Tb,Se,2.0,4.0,-2.0,1.96,1.1,2.55,115.87,76.26,198.14,-0.5899999999999999,-1.4499999999999995,-1.48,-2.34,1.519407290847102,0.3848793782174221,0.5847885333602504,0.3986486486486486,0.6196581196581196,-3.6934392700000016,-3.0839381900000022,-6.510488250000024,-3.693439396789498,-1.3025399247139844,-0.2111875472497096,-1.0130803347838755,0.4848213986217848,-2.730814399751447,6.875250052003975,6.119534423052706,10.84576444731508,106.59,29.39,79.97,135.54,257.89,95.78,46.940000000000005,112.45,23.97,0.8031242559812898,0.809180611050235,5.862541229136986,0.5205753735395873
PrCdS3,Cd,Pr,S,2.0,4.0,-2.0,1.69,1.13,2.58,131.4,84.98,184.4,-0.8900000000000001,-1.4500000000000002,-1.75,-2.31,1.5462461755707224,0.4608459869848156,0.7125813449023861,0.5085714285714287,0.6277056277056278,-5.657022910000005,-2.320982129999998,-7.00838179000003,-1.1571185497219154,-2.320982209675374,0.8145175879610062,0.9482623915387752,0.1152585549847216,-2.847077729734469,9.27193000127873,5.700078313684422,11.769320157021456,123.55,201.97,74.72999999999999,179.66,271.35,84.92999999999999,51.92,117.98,273.21,0.8366141694945057,0.8289586606238042,5.265558557978689,0.6716280237936864
PrCdSe3,Cd,Pr,Se,2.0,4.0,-2.0,1.69,1.13,2.55,131.4,84.98,198.14,-0.8599999999999999,-1.42,-1.75,-2.31,1.5462461755707224,0.4288886645805996,0.6631674573533866,0.4914285714285714,0.6147186147186147,-5.657022910000005,-2.320982129999998,-6.510488250000024,-1.1571185497219154,-2.320982209675374,-0.2111875472497096,0.9482623915387752,0.1152585549847216,-2.730814399751447,9.27193000127873,5.700078313684422,10.84576444731508,123.55,201.97,79.97,179.66,271.35,95.78,51.92,117.98,23.97,0.8073424987529543,0.823045195132482,5.427243660355719,0.6579724686721081
CeCdSe3,Cd,Ce,Se,2.0,4.0,-2.0,1.69,1.12,2.55,131.4,86.8,198.14,-0.8599999999999999,-1.4299999999999995,-1.75,-2.32,1.5138248847926268,0.43807408902796,0.6631674573533866,0.4914285714285714,0.6163793103448275,-5.657022910000005,-2.5303330600000007,-6.510488250000024,-1.1571185497219154,-2.5303331468620374,-0.2111875472497096,0.9482623915387752,0.0869328039854952,-2.730814399751447,9.27193000127873,5.700526061695872,10.84576444731508,123.55,204.28,79.97,179.66,257.54,95.78,51.92,118.68,23.97,0.833021021060824,0.8177881506489376,5.58460374484949,0.6520083589109933
ScCuSe3,Cu,Sc,Se,3.0,3.0,-2.0,1.9,1.36,2.55,100.25,74.11,198.14,-0.6499999999999999,-1.1899999999999995,-1.54,-2.08,1.3527189313183106,0.3740284647219138,0.5059553850812557,0.422077922077922,0.5721153846153845,-4.608164319999999,-3.2357286599999986,-6.510488250000024,-0.6024405606807606,-3.235728771077069,-0.2111875472497096,-1.5474569751238811,0.2753302914535808,-2.730814399751447,8.147436993683963,6.884657007341072,10.84576444731508,120.22,165.06,79.97,203.02,217.74,95.78,31.9,58.09,23.97,0.8223757743562027,0.7750013734723477,7.106012860750083,0.571756988396057
TbCuS3,Cu,Tb,S,2.0,4.0,-2.0,1.9,1.1,2.58,115.16,76.26,184.4,-0.6800000000000002,-1.48,-1.54,-2.34,1.5100970364542354,0.4135574837310195,0.6245119305856832,0.4415584415584416,0.6324786324786326,-4.608164319999999,-3.0839381900000022,-7.00838179000003,-0.6024405606807606,-1.3025399247139844,0.8145175879610062,-1.5474569751238811,0.4848213986217848,-2.847077729734469,8.147436993683963,6.119534423052706,11.769320157021456,120.22,29.39,74.72999999999999,203.02,257.89,84.92999999999999,31.9,112.45,273.21,0.7958838715472941,0.8126350070813643,5.7455186374125855,0.5673327585415352
TbCuSe3,Cu,Tb,Se,2.0,4.0,-2.0,1.9,1.1,2.55,115.16,76.26,198.14,-0.6499999999999999,-1.4499999999999995,-1.54,-2.34,1.5100970364542354,0.3848793782174221,0.5812052084384779,0.422077922077922,0.6196581196581196,-4.608164319999999,-3.0839381900000022,-6.510488250000024,-0.6024405606807606,-1.3025399247139844,-0.2111875472497096,-1.5474569751238811,0.4848213986217848,-2.730814399751447,8.147436993683963,6.119534423052706,10.84576444731508,120.22,29.39,79.97,203.02,257.89,95.78,31.9,112.45,23.97,0.7970482942486836,0.8073509934143454,5.925691729466086,0.5499242548066365
FeCuS3,Cu,Fe,S,3.0,3.0,-2.0,1.9,1.83,2.58,100.25,64.62,184.4,-0.6800000000000002,-0.75,-1.54,-1.61,1.551377282575054,0.3504338394793926,0.5436550976138829,0.4415584415584416,0.4658385093167702,-4.608164319999999,-4.431945739999999,-7.00838179000003,-0.6024405606807606,-0.812293287884647,0.8145175879610062,-1.5474569751238811,-1.3037382507616442,-2.847077729734469,8.147436993683963,7.470426106445764,11.769320157021456,120.22,133.01,74.72999999999999,203.02,193.65,84.92999999999999,31.9,38.15,273.21,0.8221150324039572,0.8082822756436376,4.451817954930717,0.7661536237009996
FeCuSe3,Cu,Fe,Se,3.0,3.0,-2.0,1.9,1.83,2.55,100.25,64.62,198.14,-0.6499999999999999,-0.7199999999999998,-1.54,-1.61,1.551377282575054,0.3261330372463915,0.5059553850812557,0.422077922077922,0.4472049689440993,-4.608164319999999,-4.431945739999999,-6.510488250000024,-0.6024405606807606,-0.812293287884647,-0.2111875472497096,-1.5474569751238811,-1.3037382507616442,-2.730814399751447,8.147436993683963,7.470426106445764,10.84576444731508,120.22,133.01,79.97,203.02,193.65,95.78,31.9,38.15,23.97,0.8155785409261124,0.8029917945191302,4.664445624382899,0.7578742000038508
MgVS3,Mg,V,S,2.0,4.0,-2.0,1.31,1.63,2.58,88.4,58.44,184.4,-1.27,-0.9500000000000002,-2.13,-1.81,1.512662559890486,0.3169197396963123,0.4793926247288503,0.5962441314553991,0.5248618784530388,-4.705333049999998,-4.348428499999998,-7.00838179000003,-1.3065628048520797,-4.348428649274164,0.8145175879610062,0.500356888176296,-0.78074486180114,-2.847077729734469,7.971349299642951,7.169663669121636,11.769320157021456,135.17999999999998,148.18,74.72999999999999,191.16,205.66,84.92999999999999,561.2099999999999,47.59,273.21,0.7830912942786348,0.7943469602067383,6.465192569818946,0.9023797170384132
MgVSe3,Mg,V,Se,2.0,4.0,-2.0,1.31,1.63,2.55,88.4,58.44,198.14,-1.2399999999999998,-0.92,-2.13,-1.81,1.512662559890486,0.2949429696174422,0.446149187443222,0.5821596244131455,0.5082872928176795,-4.705333049999998,-4.348428499999998,-6.510488250000024,-1.3065628048520797,-4.348428649274164,-0.2111875472497096,0.500356888176296,-0.78074486180114,-2.730814399751447,7.971349299642951,7.169663669121636,10.84576444731508,135.17999999999998,148.18,79.97,191.16,205.66,95.78,561.2099999999999,47.59,23.97,0.7712149771129096,0.7896752960623287,6.7003055061639145,0.9044433733834918
MgRhS3,Mg,Rh,S,2.0,4.0,-2.0,1.31,2.28,2.58,88.4,60.12,184.4,-1.27,-0.3000000000000002,-2.13,-1.16,1.4703925482368598,0.3260303687635574,0.4793926247288503,0.5962441314553991,0.2586206896551726,-4.705333049999998,-3.3722443599999976,-7.00838179000003,-1.3065628048520797,-3.3722444757634187,0.8145175879610062,0.500356888176296,-0.8612050155585504,-2.847077729734469,7.971349299642951,8.367325920243628,11.769320157021456,135.17999999999998,145.95,74.72999999999999,191.16,217.77,84.92999999999999,561.2099999999999,61.38,273.21,0.7547493162763599,0.7888893170971877,6.695112812260959,1.8187664193232804
MgRhSe3,Mg,Rh,Se,2.0,4.0,-2.0,1.31,2.28,2.55,88.4,60.12,198.14,-1.2399999999999998,-0.27,-2.13,-1.16,1.4703925482368598,0.3034218229534672,0.446149187443222,0.5821596244131455,0.2327586206896551,-4.705333049999998,-3.3722443599999976,-6.510488250000024,-1.3065628048520797,-3.3722444757634187,-0.2111875472497096,0.500356888176296,-0.8612050155585504,-2.730814399751447,7.971349299642951,8.367325920243628,10.84576444731508,135.17999999999998,145.95,79.97,191.16,217.77,95.78,561.2099999999999,61.38,23.97,0.7428729991106348,0.7845384010829098,6.923655726432616,1.9622327179927963
MgTiS3,Mg,Ti,S,2.0,4.0,-2.0,1.31,1.54,2.58,88.4,60.28,184.4,-1.27,-1.04,-2.13,-1.9,1.4664897146648972,0.3268980477223427,0.4793926247288503,0.5962441314553991,0.5473684210526316,-4.705333049999998,-4.219539480000003,-7.00838179000003,-1.3065628048520797,-4.219539624849625,0.8145175879610062,0.500356888176296,-0.3138992857783973,-2.847077729734469,7.971349299642951,7.119307230391988,11.769320157021456,135.17999999999998,154.67,74.72999999999999,191.16,206.03,84.92999999999999,561.2099999999999,51.94,273.21,0.7520915074028389,0.7883734502885578,6.719535710284919,0.8587690211025145
MgTiSe3,Mg,Ti,Se,2.0,4.0,-2.0,1.31,1.54,2.55,88.4,60.28,198.14,-1.2399999999999998,-1.0099999999999998,-2.13,-1.9,1.4664897146648972,0.3042293327949935,0.446149187443222,0.5821596244131455,0.5315789473684209,-4.705333049999998,-4.219539480000003,-6.510488250000024,-1.3065628048520797,-4.219539624849625,-0.2111875472497096,0.500356888176296,-0.3138992857783973,-2.730814399751447,7.971349299642951,7.119307230391988,10.84576444731508,135.17999999999998,154.67,79.97,191.16,206.03,95.78,561.2099999999999,51.94,23.97,0.7402151902371136,0.7840526563875563,6.947472007564281,0.8586566533951949
MgRuS3,Mg,Ru,S,2.0,4.0,-2.0,1.31,2.2,2.58,88.4,61.98,184.4,-1.27,-0.3799999999999999,-2.13,-1.2399999999999998,1.426266537592772,0.336117136659436,0.4793926247288503,0.5962441314553991,0.3064516129032257,-4.705333049999998,-3.652617989999997,-7.00838179000003,-1.3065628048520797,-3.6526181153881687,0.8145175879610062,0.500356888176296,-1.199648388181199,-2.847077729734469,7.971349299642951,7.647563452523535,11.769320157021456,135.17999999999998,148.4,74.72999999999999,191.16,212.11,84.92999999999999,561.2099999999999,64.80999999999999,273.21,0.7242801288015315,0.7829337438777675,7.009094945780687,1.5233062266601292
MgRuSe3,Mg,Ru,Se,2.0,4.0,-2.0,1.31,2.2,2.55,88.4,61.98,198.14,-1.2399999999999998,-0.3499999999999996,-2.13,-1.2399999999999998,1.426266537592772,0.3128091248612092,0.446149187443222,0.5821596244131455,0.2822580645161288,-4.705333049999998,-3.652617989999997,-6.510488250000024,-1.3065628048520797,-3.6526181153881687,-0.2111875472497096,0.500356888176296,-1.199648388181199,-2.730814399751447,7.971349299642951,7.647563452523535,10.84576444731508,135.17999999999998,148.4,79.97,191.16,212.11,95.78,561.2099999999999,64.80999999999999,23.97,0.7124038116358062,0.77892852323417,7.230779360107888,1.606546609423019
MgMoS3,Mg,Mo,S,2.0,4.0,-2.0,1.31,2.16,2.58,88.4,65.04,184.4,-1.27,-0.4199999999999999,-2.13,-1.2799999999999998,1.3591635916359164,0.3527114967462039,0.4793926247288503,0.5962441314553991,0.328125,-4.705333049999998,-4.274195439999998,-7.00838179000003,-1.3065628048520797,-4.274195586725868,0.8145175879610062,0.500356888176296,-1.5291146854901538,-2.847077729734469,7.971349299642951,6.943164897341698,11.769320157021456,135.17999999999998,154.49,74.72999999999999,191.16,220.52,84.92999999999999,561.2099999999999,72.79,273.21,0.767773400605901,0.7733291204963292,7.69342964185867,1.4052356564708617
MgMoSe3,Mg,Mo,Se,2.0,4.0,-2.0,1.31,2.16,2.55,88.4,65.04,198.14,-1.2399999999999998,-0.3899999999999997,-2.13,-1.2799999999999998,1.3591635916359164,0.3282527505803977,0.446149187443222,0.5821596244131455,0.3046874999999998,-4.705333049999998,-4.274195439999998,-6.510488250000024,-1.3065628048520797,-4.274195586725868,-0.2111875472497096,0.500356888176296,-1.5291146854901538,-2.730814399751447,7.971349299642951,6.943164897341698,10.84576444731508,135.17999999999998,154.49,79.97,191.16,220.52,95.78,561.2099999999999,72.79,23.97,0.7069795911085636,0.7698719031220924,7.9046842544047955,1.4709771092276225
MgTaS3,Mg,Ta,S,2.0,4.0,-2.0,1.31,1.5,2.58,88.4,68.04,184.4,-1.27,-1.08,-2.13,-1.94,1.299235743680188,0.3689804772234273,0.4793926247288503,0.5962441314553991,0.5567010309278351,-4.705333049999998,-3.5963150900000027,-7.00838179000003,-1.3065628048520797,-3.5963152134553904,0.8145175879610062,0.500356888176296,-0.2825051047029557,-2.847077729734469,7.971349299642951,7.686524689847838,11.769320157021456,135.17999999999998,146.65,74.72999999999999,191.16,204.33,84.92999999999999,561.2099999999999,83.7,273.21,0.8454046638484538,0.7641388679155615,8.636479550257729,0.818416511376439
MgTaSe3,Mg,Ta,Se,2.0,4.0,-2.0,1.31,1.5,2.55,88.4,68.04,198.14,-1.2399999999999998,-1.0499999999999998,-2.13,-1.94,1.299235743680188,0.3433935601090139,0.446149187443222,0.5821596244131455,0.5412371134020618,-4.705333049999998,-3.5963150900000027,-6.510488250000024,-1.3065628048520797,-3.5963152134553904,-0.2111875472497096,0.500356888176296,-0.2825051047029557,-2.730814399751447,7.971349299642951,7.686524689847838,10.84576444731508,135.17999999999998,146.65,79.97,191.16,204.33,95.78,561.2099999999999,83.7,23.97,0.7823545124539016,0.7611950088799769,8.838419585531097,0.818748362781879
MgNbS3,Mg,Nb,S,2.0,4.0,-2.0,1.31,1.6,2.58,88.4,67.89,184.4,-1.27,-0.98,-2.13,-1.84,1.3021063485049345,0.3681670281995661,0.4793926247288503,0.5962441314553991,0.532608695652174,-4.705333049999998,-4.453728150000003,-7.00838179000003,-1.3065628048520797,-4.45372830288892,0.8145175879610062,0.500356888176296,-1.1054994379504737,-2.847077729734469,7.971349299642951,7.135067946929306,11.769320157021456,135.17999999999998,158.34,74.72999999999999,191.16,209.16,84.92999999999999,561.2099999999999,77.56,273.21,0.841570746586626,0.7645931896492303,8.581227505870784,0.8559458491771206
MgNbSe3,Mg,Nb,Se,2.0,4.0,-2.0,1.31,1.6,2.55,88.4,67.89,198.14,-1.2399999999999998,-0.9499999999999996,-2.13,-1.84,1.3021063485049345,0.342636519632583,0.446149187443222,0.5821596244131455,0.5163043478260868,-4.705333049999998,-4.453728150000003,-6.510488250000024,-1.3065628048520797,-4.45372830288892,-0.2111875472497096,0.500356888176296,-1.1054994379504737,-2.730814399751447,7.971349299642951,7.135067946929306,10.84576444731508,135.17999999999998,158.34,79.97,191.16,209.16,95.78,561.2099999999999,77.56,23.97,0.7786334122869346,0.7616242057800711,8.783613718862387,0.8587703424303486
MgPtS3,Mg,Pt,S,2.0,4.0,-2.0,1.31,2.28,2.58,88.4,62.9,184.4,-1.27,-0.3000000000000002,-2.13,-1.16,1.4054054054054057,0.3411062906724512,0.4793926247288503,0.5962441314553991,0.2586206896551726,-4.705333049999998,-5.356933680000001,-7.00838179000003,-1.3065628048520797,-5.356933863894433,0.8145175879610062,0.500356888176296,-2.343454411431776,-2.847077729734469,7.971349299642951,9.304231095431794,11.769320157021456,135.17999999999998,127.29,74.72999999999999,191.16,171.03,84.92999999999999,561.2099999999999,67.08,273.21,0.7111066869252352,0.7800210910497547,7.190813761504819,1.7983209254061
MgPtSe3,Mg,Pt,Se,2.0,4.0,-2.0,1.31,2.28,2.55,88.4,62.9,198.14,-1.2399999999999998,-0.27,-2.13,-1.16,1.4054054054054057,0.3174523064499849,0.446149187443222,0.5821596244131455,0.2327586206896551,-4.705333049999998,-5.356933680000001,-6.510488250000024,-1.3065628048520797,-5.356933863894433,-0.2111875472497096,0.500356888176296,-2.343454411431776,-2.730814399751447,7.971349299642951,9.304231095431794,10.84576444731508,135.17999999999998,127.29,79.97,191.16,171.03,95.78,561.2099999999999,67.08,23.97,0.6976694002890136,0.7761832955243346,7.409255732887967,1.941335510836729
MgPdS3,Mg,Pd,S,2.0,4.0,-2.0,1.31,2.2,2.58,88.4,61.53,184.4,-1.27,-0.3799999999999999,-2.13,-1.2399999999999998,1.436697545912563,0.3336767895878525,0.4793926247288503,0.5962441314553991,0.3064516129032257,-4.705333049999998,-4.050029529999997,-7.00838179000003,-1.3065628048520797,-3.3187316339264146,0.8145175879610062,0.500356888176296,-0.6164896771706587,-2.847077729734469,7.971349299642951,9.117200058967594,11.769320157021456,135.17999999999998,142.19,74.72999999999999,191.16,221.34,84.92999999999999,561.2099999999999,58.190000000000005,273.21,0.7315670204087346,0.7843663474021239,6.92686382973198,1.526093555582981
MgPdSe3,Mg,Pd,Se,2.0,4.0,-2.0,1.31,2.2,2.55,88.4,61.53,198.14,-1.2399999999999998,-0.3499999999999996,-2.13,-1.2399999999999998,1.436697545912563,0.3105380034319168,0.446149187443222,0.5821596244131455,0.2822580645161288,-4.705333049999998,-4.050029529999997,-6.510488250000024,-1.3065628048520797,-3.3187316339264146,-0.2111875472497096,0.500356888176296,-0.6164896771706587,-2.730814399751447,7.971349299642951,9.117200058967594,10.84576444731508,135.17999999999998,142.19,79.97,191.16,221.34,95.78,561.2099999999999,58.190000000000005,23.97,0.7196907032430094,0.7802783820374796,7.150169534266352,1.6093307045215688
MgCrSe3,Mg,Cr,Se,2.0,4.0,-2.0,1.31,1.66,2.55,88.4,54.9,198.14,-1.2399999999999998,-0.8899999999999999,-2.13,-1.78,1.610200364298725,0.2770768143736752,0.446149187443222,0.5821596244131455,0.4999999999999999,-4.705333049999998,-4.38888821,-6.510488250000024,-1.3065628048520797,-4.388888360663078,-0.2111875472497096,0.500356888176296,-1.078476583023451,-2.730814399751447,7.971349299642951,7.228119012129165,10.84576444731508,135.17999999999998,142.45999999999998,79.97,191.16,198.93,95.78,561.2099999999999,43.95,23.97,0.8337022154799234,0.8007227610799569,6.369561852198815,0.9322969236987292
VZnS3,Zn,V,S,2.0,4.0,-2.0,1.65,1.63,2.58,89.54,58.44,184.4,-0.9300000000000002,-0.9500000000000002,-1.79,-1.81,1.5321697467488025,0.3169197396963123,0.4855748373101952,0.5195530726256984,0.5248618784530388,-5.977182470000003,-4.348428499999998,-7.00838179000003,-1.1074028380152596,-4.348428649274164,0.8145175879610062,0.922398193658712,-0.78074486180114,-2.847077729734469,9.889346728482574,7.169663669121636,11.769320157021456,110.68,148.18,74.72999999999999,166.61,205.66,84.92999999999999,29.97,47.59,273.21,0.7977694489445032,0.7976664453043765,6.337112386379751,0.7895983107208802
VZnSe3,Zn,V,Se,2.0,4.0,-2.0,1.65,1.63,2.55,89.54,58.44,198.14,-0.8999999999999999,-0.92,-1.79,-1.81,1.5321697467488025,0.2949429696174422,0.4519026950640961,0.5027932960893854,0.5082872928176795,-5.977182470000003,-4.348428499999998,-6.510488250000024,-1.1074028380152596,-4.348428649274164,-0.2111875472497096,0.922398193658712,-0.78074486180114,-2.730814399751447,9.889346728482574,7.169663669121636,10.84576444731508,110.68,148.18,79.97,166.61,205.66,95.78,29.97,47.59,23.97,0.7863017795192653,0.7928170209088111,6.572225322724719,0.784247587479022
ZnRhS3,Zn,Rh,S,2.0,4.0,-2.0,1.65,2.28,2.58,89.54,60.12,184.4,-0.9300000000000002,-0.3000000000000002,-1.79,-1.16,1.4893546240851632,0.3260303687635574,0.4855748373101952,0.5195530726256984,0.2586206896551726,-5.977182470000003,-3.3722443599999976,-7.00838179000003,-1.1074028380152596,-3.3722444757634187,0.8145175879610062,0.922398193658712,-0.8612050155585504,-2.847077729734469,9.889346728482574,8.367325920243628,11.769320157021456,110.68,145.95,74.72999999999999,166.61,217.77,84.92999999999999,29.97,61.38,273.21,0.7694274709422282,0.7921859953284589,6.544950737845239,1.591452982793931
ZnRhSe3,Zn,Rh,Se,2.0,4.0,-2.0,1.65,2.28,2.55,89.54,60.12,198.14,-0.8999999999999999,-0.27,-1.79,-1.16,1.4893546240851632,0.3034218229534672,0.4519026950640961,0.5027932960893854,0.2327586206896551,-5.977182470000003,-3.3722443599999976,-6.510488250000024,-1.1074028380152596,-3.3722444757634187,-0.2111875472497096,0.922398193658712,-0.8612050155585504,-2.730814399751447,9.889346728482574,8.367325920243628,10.84576444731508,110.68,145.95,79.97,166.61,217.77,95.78,29.97,61.38,23.97,0.7579598015169903,0.7876596887817809,6.773493652016895,1.7014622699941635
TiZnS3,Zn,Ti,S,2.0,4.0,-2.0,1.65,1.54,2.58,89.54,60.28,184.4,-0.9300000000000002,-1.04,-1.79,-1.9,1.4854014598540146,0.3268980477223427,0.4855748373101952,0.5195530726256984,0.5473684210526316,-5.977182470000003,-4.219539480000003,-7.00838179000003,-1.1074028380152596,-4.219539624849625,0.8145175879610062,0.922398193658712,-0.3138992857783973,-2.847077729734469,9.889346728482574,7.119307230391988,11.769320157021456,110.68,154.67,74.72999999999999,166.61,206.03,84.92999999999999,29.97,51.94,273.21,0.7667696620687072,0.7916679727714352,6.567056078182191,0.7514381757021521
TiZnSe3,Zn,Ti,Se,2.0,4.0,-2.0,1.65,1.54,2.55,89.54,60.28,198.14,-0.8999999999999999,-1.0099999999999998,-1.79,-1.9,1.4854014598540146,0.3042293327949935,0.4519026950640961,0.5027932960893854,0.5315789473684209,-5.977182470000003,-4.219539480000003,-6.510488250000024,-1.1074028380152596,-4.219539624849625,-0.2111875472497096,0.922398193658712,-0.3138992857783973,-2.730814399751447,9.889346728482574,7.119307230391988,10.84576444731508,110.68,154.67,79.97,166.61,206.03,95.78,29.97,51.94,23.97,0.7553019926434691,0.787172011550123,6.794992375461554,0.744545682698551
ZnRuS3,Zn,Ru,S,2.0,4.0,-2.0,1.65,2.2,2.58,89.54,61.98,184.4,-0.9300000000000002,-0.3799999999999999,-1.79,-1.2399999999999998,1.4446595676024525,0.336117136659436,0.4855748373101952,0.5195530726256984,0.3064516129032257,-5.977182470000003,-3.652617989999997,-7.00838179000003,-1.1074028380152596,-3.6526181153881687,0.8145175879610062,0.922398193658712,-1.199648388181199,-2.847077729734469,9.889346728482574,7.647563452523535,11.769320157021456,110.68,148.4,74.72999999999999,166.61,212.11,84.92999999999999,29.97,64.80999999999999,273.21,0.7389582834673998,0.7862055344496907,6.829259539561141,1.3329200563472268
ZnRuSe3,Zn,Ru,Se,2.0,4.0,-2.0,1.65,2.2,2.55,89.54,61.98,198.14,-0.8999999999999999,-0.3499999999999996,-1.79,-1.2399999999999998,1.4446595676024525,0.3128091248612092,0.4519026950640961,0.5027932960893854,0.2822580645161288,-5.977182470000003,-3.652617989999997,-6.510488250000024,-1.1074028380152596,-3.6526181153881687,-0.2111875472497096,0.922398193658712,-1.199648388181199,-2.730814399751447,9.889346728482574,7.647563452523535,10.84576444731508,110.68,148.4,79.97,166.61,212.11,95.78,29.97,64.80999999999999,23.97,0.7274906140421616,0.7820274920220773,7.050943953888343,1.3930449817983066
ZnMoS3,Zn,Mo,S,2.0,4.0,-2.0,1.65,2.16,2.58,89.54,65.04,184.4,-0.9300000000000002,-0.4199999999999999,-1.79,-1.2799999999999998,1.3766912669126692,0.3527114967462039,0.4855748373101952,0.5195530726256984,0.328125,-5.977182470000003,-4.274195439999998,-7.00838179000003,-1.1074028380152596,-4.274195586725868,0.8145175879610062,0.922398193658712,-1.5291146854901538,-2.847077729734469,9.889346728482574,6.943164897341698,11.769320157021456,110.68,154.49,74.72999999999999,166.61,220.52,84.92999999999999,29.97,72.79,273.21,0.7568245889333258,0.7765607744456173,7.448031211819816,1.229606206304952
ZnMoSe3,Zn,Mo,Se,2.0,4.0,-2.0,1.65,2.16,2.55,89.54,65.04,198.14,-0.8999999999999999,-0.3899999999999997,-1.79,-1.2799999999999998,1.3766912669126692,0.3282527505803977,0.4519026950640961,0.5027932960893854,0.3046874999999998,-5.977182470000003,-4.274195439999998,-6.510488250000024,-1.1074028380152596,-4.274195586725868,-0.2111875472497096,0.922398193658712,-1.5291146854901538,-2.730814399751447,9.889346728482574,6.943164897341698,10.84576444731508,110.68,154.49,79.97,166.61,220.52,95.78,29.97,72.79,23.97,0.6964394271764756,0.7729348401276037,7.659285824365941,1.2754919579243662
TaZnS3,Zn,Ta,S,2.0,4.0,-2.0,1.65,1.5,2.58,89.54,68.04,184.4,-0.9300000000000002,-1.08,-1.79,-1.94,1.3159905937683716,0.3689804772234273,0.4855748373101952,0.5195530726256984,0.5567010309278351,-5.977182470000003,-3.5963150900000027,-7.00838179000003,-1.1074028380152596,-3.5963152134553904,0.8145175879610062,0.922398193658712,-0.2825051047029557,-2.847077729734469,9.889346728482574,7.686524689847838,11.769320157021456,110.68,146.65,74.72999999999999,166.61,204.33,84.92999999999999,29.97,83.7,273.21,0.8344558521758787,0.7673321168503991,8.295312714989528,0.7161290115981225
TaZnSe3,Zn,Ta,Se,2.0,4.0,-2.0,1.65,1.5,2.55,89.54,68.04,198.14,-0.8999999999999999,-1.0499999999999998,-1.79,-1.94,1.3159905937683716,0.3433935601090139,0.4519026950640961,0.5027932960893854,0.5412371134020618,-5.977182470000003,-3.5963150900000027,-6.510488250000024,-1.1074028380152596,-3.5963152134553904,-0.2111875472497096,0.922398193658712,-0.2825051047029557,-2.730814399751447,9.889346728482574,7.686524689847838,10.84576444731508,110.68,146.65,79.97,166.61,204.33,95.78,29.97,83.7,23.97,0.7718143485218136,0.7642234248432742,8.497252750262895,0.7099409948264734
NbZnS3,Zn,Nb,S,2.0,4.0,-2.0,1.65,1.6,2.58,89.54,67.89,184.4,-0.9300000000000002,-0.98,-1.79,-1.84,1.3188982177051114,0.3681670281995661,0.4855748373101952,0.5195530726256984,0.532608695652174,-5.977182470000003,-4.453728150000003,-7.00838179000003,-1.1074028380152596,-4.45372830288892,0.8145175879610062,0.922398193658712,-1.1054994379504737,-2.847077729734469,9.889346728482574,7.135067946929306,11.769320157021456,110.68,158.34,74.72999999999999,166.61,209.16,84.92999999999999,29.97,77.56,273.21,0.8306219349140507,0.7677883371426325,8.24588334942882,0.7489678500276324
NbZnSe3,Zn,Nb,Se,2.0,4.0,-2.0,1.65,1.6,2.55,89.54,67.89,198.14,-0.8999999999999999,-0.9499999999999996,-1.79,-1.84,1.3188982177051114,0.342636519632583,0.4519026950640961,0.5027932960893854,0.5163043478260868,-5.977182470000003,-4.453728150000003,-6.510488250000024,-1.1074028380152596,-4.45372830288892,-0.2111875472497096,0.922398193658712,-1.1054994379504737,-2.730814399751447,9.889346728482574,7.135067946929306,10.84576444731508,110.68,158.34,79.97,166.61,209.16,95.78,29.97,77.56,23.97,0.7680932483548466,0.764654329304149,8.448269562420423,0.7446442630565546
HfZnSe3,Zn,Hf,Se,2.0,4.0,-2.0,1.65,1.3,2.55,89.54,70.83,198.14,-0.8999999999999999,-1.2499999999999998,-1.79,-2.14,1.2641536072285755,0.3574745129706268,0.4519026950640961,0.5027932960893854,0.5841121495327103,-5.977182470000003,-2.693665829999998,-6.510488250000024,-1.1074028380152596,-2.693665922468976,-0.2111875472497096,0.922398193658712,0.1845735353332302,-2.730814399751447,9.889346728482574,6.50368793830198,10.84576444731508,110.68,153.65,79.97,166.61,213.77,95.78,29.97,89.50999999999999,23.97,0.8401631264829098,0.7562962085912287,9.583566362380024,0.6510062559761816
ZnPtS3,Zn,Pt,S,2.0,4.0,-2.0,1.65,2.28,2.58,89.54,62.9,184.4,-0.9300000000000002,-0.3000000000000002,-1.79,-1.16,1.423529411764706,0.3411062906724512,0.4855748373101952,0.5195530726256984,0.2586206896551726,-5.977182470000003,-5.356933680000001,-7.00838179000003,-1.1074028380152596,-5.356933863894433,0.8145175879610062,0.922398193658712,-2.343454411431776,-2.847077729734469,9.889346728482574,9.304231095431794,11.769320157021456,110.68,127.29,74.72999999999999,166.61,171.03,84.92999999999999,29.97,67.08,273.21,0.7242238721206071,0.7832807099786283,6.99377875239764,1.5735628117782936
ZnPtSe3,Zn,Pt,Se,2.0,4.0,-2.0,1.65,2.28,2.55,89.54,62.9,198.14,-0.8999999999999999,-0.27,-1.79,-1.16,1.423529411764706,0.3174523064499849,0.4519026950640961,0.5027932960893854,0.2327586206896551,-5.977182470000003,-5.356933680000001,-6.510488250000024,-1.1074028380152596,-5.356933863894433,-0.2111875472497096,0.922398193658712,-2.343454411431776,-2.730814399751447,9.889346728482574,9.304231095431794,10.84576444731508,110.68,127.29,79.97,166.61,171.03,95.78,29.97,67.08,23.97,0.7127562026953691,0.7792713424179543,7.212220723780788,1.6833421921877596
ZnPdS3,Zn,Pd,S,2.0,4.0,-2.0,1.65,2.2,2.58,89.54,61.53,184.4,-0.9300000000000002,-0.3799999999999999,-1.79,-1.2399999999999998,1.4552250934503494,0.3336767895878525,0.4855748373101952,0.5195530726256984,0.3064516129032257,-5.977182470000003,-4.050029529999997,-7.00838179000003,-1.1074028380152596,-3.3187316339264146,0.8145175879610062,0.922398193658712,-0.6164896771706587,-2.847077729734469,9.889346728482574,9.117200058967594,11.769320157021456,110.68,142.19,74.72999999999999,166.61,221.34,84.92999999999999,29.97,58.190000000000005,273.21,0.7462451750746029,0.7876441246603292,6.754790297417129,1.3353590187566775
ZnPdSe3,Zn,Pd,Se,2.0,4.0,-2.0,1.65,2.2,2.55,89.54,61.53,198.14,-0.8999999999999999,-0.3499999999999996,-1.79,-1.2399999999999998,1.4552250934503494,0.3105380034319168,0.4519026950640961,0.5027932960893854,0.2822580645161288,-5.977182470000003,-4.050029529999997,-6.510488250000024,-1.1074028380152596,-3.3187316339264146,-0.2111875472497096,0.922398193658712,-0.6164896771706587,-2.730814399751447,9.889346728482574,9.117200058967594,10.84576444731508,110.68,142.19,79.97,166.61,221.34,95.78,29.97,58.190000000000005,23.97,0.734777505649365,0.7833827212415095,6.978096001951501,1.3954590852442543
LaYbS3,La,Yb,S,3.0,3.0,-2.0,1.1,1.1,2.58,136.19,86.89,184.4,-1.48,-1.48,-2.34,-2.34,1.5673840487973298,0.4712039045553145,0.7385574837310195,0.6324786324786326,0.6324786324786326,-2.778124050000001,-3.076992080000003,-7.00838179000003,-2.7781241453682792,-1.0944533775707237,0.8145175879610062,-0.2216918666232401,0.4767999173605045,-2.847077729734469,5.8114999284947535,6.531525574217345,11.769320157021456,205.43,173.83,74.72999999999999,267.61,248.9,84.92999999999999,119.73,112.51,273.21,0.8286984233461695,0.8356074090922222,3.585214703677725,0.8356074090922223
LaYbSe3,La,Yb,Se,3.0,3.0,-2.0,1.1,1.1,2.55,136.19,86.89,198.14,-1.4499999999999995,-1.4499999999999995,-2.34,-2.34,1.5673840487973298,0.4385283133138185,0.687342283234077,0.6196581196581196,0.6196581196581196,-2.778124050000001,-3.076992080000003,-6.510488250000024,-2.7781241453682792,-1.0944533775707237,-0.2111875472497096,-0.2216918666232401,0.4767999173605045,-2.730814399751447,5.8114999284947535,6.531525574217345,10.84576444731508,205.43,173.83,79.97,267.61,248.9,95.78,119.73,112.51,23.97,0.8120227162343637,0.8294130640974526,3.7433456738699222,0.8294130640974529
LaErSe3,La,Er,Se,3.0,3.0,-2.0,1.1,1.24,2.55,136.19,88.98,198.14,-1.4499999999999995,-1.3099999999999998,-2.34,-2.2,1.5305686671162058,0.4490764106187545,0.687342283234077,0.6196581196581196,0.5954545454545453,-2.778124050000001,-3.1956924299999976,-6.510488250000024,-2.7781241453682792,-1.116046528311978,-0.2111875472497096,-0.2216918666232401,0.3640982624916961,-2.730814399751447,5.8114999284947535,6.339470940626883,10.84576444731508,205.43,26.96,79.97,267.61,255.11,95.78,119.73,111.71,23.97,0.8351281745391513,0.8233756117988887,4.014578168572677,0.8568435446070513
LaTmSe3,La,Tm,Se,3.0,3.0,-2.0,1.1,1.25,2.55,136.19,87.92,198.14,-1.4499999999999995,-1.2999999999999998,-2.34,-2.19,1.5490218380345768,0.4437266579186434,0.687342283234077,0.6196581196581196,0.593607305936073,-2.778124050000001,-3.153999099999999,-6.510488250000024,-2.7781241453682792,-1.0724057668138651,-0.2111875472497096,-0.2216918666232401,0.5222435779285232,-2.730814399751447,5.8114999284947535,6.424661898518719,10.84576444731508,205.43,176.24,79.97,267.61,254.47,95.78,119.73,111.95,23.97,0.8124443538563991,0.8264266435702192,3.8725022804683946,0.8626948739833108
LaLuS3,La,Lu,S,3.0,3.0,-2.0,1.1,1.27,2.58,136.19,85.75,184.4,-1.48,-1.31,-2.34,-2.17,1.5882215743440231,0.4650216919739696,0.7385574837310195,0.6324786324786326,0.6036866359447005,-2.778124050000001,-1.7533157500000005,-7.00838179000003,-2.7781241453682792,-1.7533158101883548,0.8145175879610062,-0.2216918666232401,0.3090144625889975,-2.847077729734469,5.8114999284947535,5.26002856955933,11.769320157021456,205.43,162.29,74.72999999999999,267.61,232.06,84.92999999999999,119.73,97.53,273.21,0.8031271333784143,0.8391335702855044,3.4498567541532505,0.8791548816888257
LaLuSe3,La,Lu,Se,3.0,3.0,-2.0,1.1,1.27,2.55,136.19,85.75,198.14,-1.4499999999999995,-1.2799999999999998,-2.34,-2.17,1.5882215743440231,0.4327748056929444,0.687342283234077,0.6196581196581196,0.5898617511520736,-2.778124050000001,-1.7533157500000005,-6.510488250000024,-2.7781241453682792,-1.7533158101883548,-0.2111875472497096,-0.2216918666232401,0.3090144625889975,-2.730814399751447,5.8114999284947535,5.26002856955933,10.84576444731508,205.43,162.29,79.97,267.61,232.06,95.78,119.73,97.53,23.97,0.8252295810394291,0.8327436882584696,3.6100899903048536,0.8748090328209385
LaTlSe3,La,Tl,Se,3.0,3.0,-2.0,1.1,1.62,2.55,136.19,88.45,198.14,-1.4499999999999995,-0.9299999999999996,-2.34,-1.82,1.5397399660825324,0.4464015342686989,0.687342283234077,0.6196581196581196,0.5109890109890108,-2.778124050000001,-2.36925177,-6.510488250000024,-2.7781241453682792,-2.3692518513323906,-0.2111875472497096,-0.2216918666232401,-0.1395649868243635,-2.730814399751447,5.8114999284947535,5.166986943295928,10.84576444731508,205.43,109.74,79.97,267.61,154.46,95.78,119.73,59.04,23.97,0.8238042170669385,0.8248983064995183,3.9423481217649674,1.0003247085985798
YbPrSe3,Pr,Yb,Se,3.0,3.0,-2.0,1.13,1.1,2.55,130.43,86.89,198.14,-1.42,-1.4499999999999995,-2.31,-2.34,1.5010933364023478,0.4385283133138185,0.658271928939134,0.6147186147186147,0.6196581196581196,-2.320982129999998,-3.076992080000003,-6.510488250000024,-2.320982209675374,-1.0944533775707237,-0.2111875472497096,0.1152585549847216,0.4767999173605045,-2.730814399751447,5.700078313684422,6.531525574217345,10.84576444731508,201.97,173.83,79.97,271.35,248.9,95.78,117.98,112.51,23.97,0.8438911577238597,0.8151235320506686,4.366886924686265,0.8086259060450701
PrLuSe3,Pr,Lu,Se,3.0,3.0,-2.0,1.13,1.27,2.55,130.43,85.75,198.14,-1.42,-1.2799999999999998,-2.31,-2.17,1.5210495626822158,0.4327748056929444,0.658271928939134,0.6147186147186147,0.5898617511520736,-2.320982129999998,-1.7533157500000005,-6.510488250000024,-2.320982209675374,-1.7533158101883548,-0.2111875472497096,0.1152585549847216,0.3090144625889975,-2.730814399751447,5.700078313684422,5.26002856955933,10.84576444731508,201.97,162.29,79.97,271.35,232.06,95.78,117.98,97.53,23.97,0.8191772776770461,0.8183967745972105,4.190837883571764,0.8528841386782483
YbCeSe3,Ce,Yb,Se,3.0,3.0,-2.0,1.12,1.1,2.55,133.42,86.89,198.14,-1.4299999999999995,-1.4499999999999995,-2.32,-2.34,1.535504661065715,0.4385283133138185,0.6733622691026546,0.6163793103448275,0.6196581196581196,-2.5303330600000007,-3.076992080000003,-6.510488250000024,-2.5303331468620374,-1.0944533775707237,-0.2111875472497096,0.0869328039854952,0.4767999173605045,-2.730814399751447,5.700526061695872,6.531525574217345,10.84576444731508,204.28,173.83,79.97,257.54,248.9,95.78,118.68,112.51,23.97,0.8162460707339598,0.8225411884430095,4.021677254203224,0.8181888599191436
CeTmSe3,Ce,Tm,Se,3.0,3.0,-2.0,1.12,1.25,2.55,133.42,87.92,198.14,-1.4299999999999995,-1.2999999999999998,-2.32,-2.19,1.5175159235668787,0.4437266579186434,0.6733622691026546,0.6163793103448275,0.593607305936073,-2.5303330600000007,-3.153999099999999,-6.510488250000024,-2.5303331468620374,-1.0724057668138651,-0.2111875472497096,0.0869328039854952,0.5222435779285232,-2.730814399751447,5.700526061695872,6.424661898518719,10.84576444731508,204.28,176.24,79.97,257.54,254.47,95.78,118.68,111.95,23.97,0.838427119187861,0.8195795110882717,4.16906409112385,0.851020276815365
CeLuS3,Ce,Lu,S,3.0,3.0,-2.0,1.12,1.27,2.58,133.42,85.75,184.4,-1.46,-1.31,-2.32,-2.17,1.5559183673469386,0.4650216919739696,0.7235357917570499,0.6293103448275862,0.6036866359447005,-2.5303330600000007,-1.7533157500000005,-7.00838179000003,-2.5303331468620374,-1.7533158101883548,0.8145175879610062,0.0869328039854952,0.3090144625889975,-2.847077729734469,5.700526061695872,5.26002856955933,11.769320157021456,204.28,162.29,74.72999999999999,257.54,232.06,84.92999999999999,118.68,97.53,273.21,0.8327393029868271,0.8318831882096727,3.7093934721941695,0.8671927865510282
CeLuSe3,Ce,Lu,Se,3.0,3.0,-2.0,1.12,1.27,2.55,133.42,85.75,198.14,-1.4299999999999995,-1.2799999999999998,-2.32,-2.17,1.5559183673469386,0.4327748056929444,0.6733622691026546,0.6163793103448275,0.5898617511520736,-2.5303330600000007,-1.7533157500000005,-6.510488250000024,-2.5303331468620374,-1.7533158101883548,-0.2111875472497096,0.0869328039854952,0.3090144625889975,-2.730814399751447,5.700526061695872,5.26002856955933,10.84576444731508,204.28,162.29,79.97,257.54,232.06,95.78,118.68,97.53,23.97,0.8101145017718974,0.8258442176262321,3.869626708345773,0.8629704982879717
NdLuSe3,Nd,Lu,Se,3.0,3.0,-2.0,1.14,1.27,2.55,127.64,85.75,198.14,-1.41,-1.2799999999999998,-2.3,-2.17,1.4885131195335275,0.4327748056929444,0.644190976077521,0.6130434782608696,0.5898617511520736,-2.1210724900000018,-1.7533157500000005,-6.510488250000024,-2.121072562812813,-1.7533158101883548,-0.2111875472497096,0.3586248253414548,0.3090144625889975,-2.730814399751447,5.776794692320843,5.26002856955933,10.84576444731508,200.25,162.29,79.97,272.22,232.06,95.78,117.44,97.53,23.97,0.8446352036653532,0.811447488292538,4.536888580036978,0.8433375950844698
NdInS3,Nd,In,S,3.0,3.0,-2.0,1.14,1.78,2.58,127.64,79.56,184.4,-1.4400000000000002,-0.8,-2.3,-1.66,1.6043237807943689,0.4314533622559653,0.6921908893709328,0.6260869565217393,0.4819277108433735,-2.1210724900000018,-2.5178859200000034,-7.00838179000003,-2.121072562812813,-2.517886006434747,0.8145175879610062,0.3586248253414548,-0.1678385307595446,-2.847077729734469,5.776794692320843,5.364511578154709,11.769320157021456,200.25,114.07,74.72999999999999,272.22,151.32,84.92999999999999,117.44,49.29,273.21,0.8332450429982323,0.8359075458565716,3.4995699967311684,1.0859529334867115
YbBiS3,Bi,Yb,S,3.0,3.0,-2.0,2.02,1.1,2.58,138.01,86.89,184.4,-0.56,-1.48,-1.42,-2.34,1.5883300725054663,0.4712039045553145,0.7484273318872017,0.3943661971830986,0.6324786324786326,-4.568780880000002,-3.076992080000003,-7.00838179000003,-4.56878103683849,-1.0944533775707237,0.8145175879610062,-1.6542288708495247,0.4767999173605045,-2.847077729734469,7.913870035627065,6.531525574217345,11.769320157021456,98.99,173.83,74.72999999999999,130.17,248.9,84.92999999999999,54.69,112.51,273.21,0.8089252619877663,0.8403511799039999,3.4208257938366216,0.5239799134688815
YbBiSe3,Bi,Yb,Se,3.0,3.0,-2.0,2.02,1.1,2.55,138.01,86.89,198.14,-0.5299999999999998,-1.4499999999999995,-1.42,-2.34,1.5883300725054663,0.4385283133138185,0.6965277076814373,0.3732394366197182,0.6196581196581196,-4.568780880000002,-3.076992080000003,-6.510488250000024,-4.56878103683849,-1.0944533775707237,-0.2111875472497096,-1.6542288708495247,0.4767999173605045,-2.730814399751447,7.913870035627065,6.531525574217345,10.84576444731508,98.99,173.83,79.97,130.17,248.9,95.78,54.69,112.51,23.97,0.8212898953940553,0.8339281592927906,3.5789567640288187,0.5023009728775711
GdInS3,Gd,In,S,3.0,3.0,-2.0,1.2,1.78,2.58,121.17,79.56,184.4,-1.38,-0.8,-2.24,-1.66,1.523001508295626,0.4314533622559653,0.6571041214750543,0.6160714285714286,0.4819277108433735,-2.8746633999999998,-2.5178859200000034,-7.00838179000003,-1.3761398572405408,-2.517886006434747,0.8145175879610062,1.325343534503421,-0.1678385307595446,-2.847077729734469,6.0569064659121885,5.364511578154709,11.769320157021456,30.32,114.07,74.72999999999999,202.1,151.32,84.92999999999999,111.28,49.29,273.21,0.8155995355682731,0.8185754031130386,4.17866622989752,1.0464244048277616
GdInSe3,Gd,In,Se,3.0,3.0,-2.0,1.2,1.78,2.55,121.17,79.56,198.14,-1.35,-0.7699999999999998,-2.24,-1.66,1.523001508295626,0.4015342686988998,0.6115372968608055,0.6026785714285713,0.4638554216867468,-2.8746633999999998,-2.5178859200000034,-6.510488250000024,-1.3761398572405408,-2.517886006434747,-0.2111875472497096,1.325343534503421,-0.1678385307595446,-2.730814399751447,6.0569064659121885,5.364511578154709,10.84576444731508,30.32,114.07,79.97,202.1,151.32,95.78,111.28,49.29,23.97,0.8035189481942847,0.8130602630636862,4.351366079067956,1.0563938135005335
SmInS3,Sm,In,S,3.0,3.0,-2.0,1.17,1.78,2.58,123.78,79.56,184.4,-1.41,-0.8,-2.27,-1.66,1.5558069381598794,0.4314533622559653,0.6712581344902386,0.6211453744493393,0.4819277108433735,-2.519165209999997,-2.5178859200000034,-7.00838179000003,-2.5191652964786626,-2.517886006434747,0.8145175879610062,0.530550865217543,-0.1678385307595446,-2.847077729734469,5.94376524505028,5.364511578154709,11.769320157021456,194.74,114.07,74.72999999999999,267.86,151.32,84.92999999999999,115.12,49.29,273.21,0.8107919634723592,0.8255671948534746,3.8776583788745302,1.0640542820892307
SmInSe3,Sm,In,Se,3.0,3.0,-2.0,1.17,1.78,2.55,123.78,79.56,198.14,-1.38,-0.7699999999999998,-2.27,-1.66,1.5558069381598794,0.4015342686988998,0.6247098011507016,0.6079295154185022,0.4638554216867468,-2.519165209999997,-2.5178859200000034,-6.510488250000024,-2.5191652964786626,-2.517886006434747,-0.2111875472497096,0.530550865217543,-0.1678385307595446,-2.730814399751447,5.94376524505028,5.364511578154709,10.84576444731508,194.74,114.07,79.97,267.86,151.32,95.78,115.12,49.29,23.97,0.8229034373732838,0.8197061159545953,4.050358228044967,1.0743078954338277
YBiSe3,Bi,Y,Se,3.0,3.0,-2.0,2.02,1.22,2.55,138.01,89.9,198.14,-0.5299999999999998,-1.3299999999999998,-1.42,-2.22,1.5351501668520575,0.4537195922075301,0.6965277076814373,0.3732394366197182,0.5990990990990991,-4.568780880000002,-2.518776380000004,-6.510488250000024,-4.56878103683849,-2.5187764664653174,-0.2111875472497096,-1.6542288708495247,0.1564045493718278,-2.730814399751447,7.913870035627065,6.250735714575128,10.84576444731508,98.99,178.5,79.97,130.17,235.81,95.78,54.69,94.26,23.97,0.8374176795379076,0.8252136621414531,3.948632191430287,0.5141090727923506
DyInS3,Dy,In,S,3.0,3.0,-2.0,1.22,1.78,2.58,119.17,79.56,184.4,-1.36,-0.8,-2.22,-1.66,1.497863247863248,0.4314533622559653,0.6462581344902386,0.6126126126126127,0.4819277108433735,-3.164901719999999,-2.5178859200000034,-7.00838179000003,-1.1732693202763391,-2.517886006434747,0.8145175879610062,0.4711191951556382,-0.1678385307595446,-2.847077729734469,6.187951074411365,5.364511578154709,11.769320157021456,28.52,114.07,74.72999999999999,256.01,151.32,84.92999999999999,111.98,49.29,273.21,0.835215831773682,0.8132177082927811,4.439404603863204,1.0337389066676703
DyInSe3,Dy,In,Se,3.0,3.0,-2.0,1.22,1.78,2.55,119.17,79.56,198.14,-1.3299999999999998,-0.7699999999999998,-2.22,-1.66,1.497863247863248,0.4015342686988998,0.6014434238417281,0.5990990990990991,0.4638554216867468,-3.164901719999999,-2.5178859200000034,-6.510488250000024,-1.1732693202763391,-2.517886006434747,-0.2111875472497096,0.4711191951556382,-0.1678385307595446,-2.730814399751447,6.187951074411365,5.364511578154709,10.84576444731508,28.52,114.07,79.97,256.01,151.32,95.78,111.98,49.29,23.97,0.7879203639519751,0.8079676554844455,4.61210445303364,1.0435421725626297
HoBiSe3,Bi,Ho,Se,3.0,3.0,-2.0,2.02,1.23,2.55,138.01,90.07,198.14,-0.5299999999999998,-1.3199999999999998,-1.42,-2.21,1.532252692350394,0.4545775714141516,0.6965277076814373,0.3732394366197182,0.5972850678733032,-4.568780880000002,-3.2008237100000025,-6.510488250000024,-4.56878103683849,-1.1351101489664033,-0.2111875472497096,-1.6542288708495247,0.3636387404670252,-2.730814399751447,7.913870035627065,6.258815168820546,10.84576444731508,98.99,27.71,79.97,130.17,111.73,95.78,54.69,256.24,23.97,0.8410228422692274,0.8247269117769132,3.971670134641512,0.5153663208302913
ErBiSe3,Bi,Er,Se,3.0,3.0,-2.0,2.02,1.24,2.55,138.01,88.98,198.14,-0.5299999999999998,-1.3099999999999998,-1.42,-2.2,1.551022701730726,0.4490764106187545,0.6965277076814373,0.3732394366197182,0.5954545454545453,-4.568780880000002,-3.1956924299999976,-6.510488250000024,-4.56878103683849,-1.116046528311978,-0.2111875472497096,-1.6542288708495247,0.3640982624916961,-2.730814399751447,7.913870035627065,6.339470940626883,10.84576444731508,98.99,26.96,79.97,130.17,255.11,95.78,54.69,111.71,23.97,0.8178450002606776,0.8278578407746731,3.8281007272645367,0.5189131503834365
TmBiS3,Bi,Tm,S,3.0,3.0,-2.0,2.02,1.25,2.58,138.01,87.92,184.4,-0.56,-1.33,-1.42,-2.19,1.5697224749772518,0.4767895878524946,0.7484273318872017,0.3943661971830986,0.6073059360730594,-4.568780880000002,-3.153999099999999,-7.00838179000003,-4.56878103683849,-1.0724057668138651,0.8145175879610062,-1.6542288708495247,0.5222435779285232,-2.847077729734469,7.913870035627065,6.424661898518719,11.769320157021456,98.99,176.24,74.72999999999999,130.17,254.47,84.92999999999999,54.69,111.95,273.21,0.8318809878263778,0.837172707095168,3.5413168364228054,0.5436347601299979
TmBiSe3,Bi,Tm,Se,3.0,3.0,-2.0,2.02,1.25,2.55,138.01,87.92,198.14,-0.5299999999999998,-1.2999999999999998,-1.42,-2.19,1.5697224749772518,0.4437266579186434,0.6965277076814373,0.3732394366197182,0.593607305936073,-4.568780880000002,-3.153999099999999,-6.510488250000024,-4.56878103683849,-1.0724057668138651,-0.2111875472497096,-1.6542288708495247,0.5222435779285232,-2.730814399751447,7.913870035627065,6.424661898518719,10.84576444731508,98.99,176.24,79.97,130.17,254.47,95.78,54.69,111.95,23.97,0.8095055361498038,0.8309254815186469,3.6975952713636606,0.5224567748638642
LuBiS3,Bi,Lu,S,3.0,3.0,-2.0,2.02,1.27,2.58,138.01,85.75,184.4,-0.56,-1.31,-1.42,-2.17,1.6094460641399415,0.4650216919739696,0.7484273318872017,0.3943661971830986,0.6036866359447005,-4.568780880000002,-1.7533157500000005,-7.00838179000003,-4.56878103683849,-1.7533158101883548,0.8145175879610062,-1.6542288708495247,0.3090144625889975,-2.847077729734469,7.913870035627065,5.26002856955933,11.769320157021456,98.99,162.29,74.72999999999999,130.17,232.06,84.92999999999999,54.69,97.53,273.21,0.8050907085798702,0.8438973592306355,3.296348307906189,0.551286996525679
LuBiSe3,Bi,Lu,Se,3.0,3.0,-2.0,2.02,1.27,2.55,138.01,85.75,198.14,-0.5299999999999998,-1.2799999999999998,-1.42,-2.17,1.6094460641399415,0.4327748056929444,0.6965277076814373,0.3732394366197182,0.5898617511520736,-4.568780880000002,-1.7533157500000005,-6.510488250000024,-4.56878103683849,-1.7533158101883548,-0.2111875472497096,-1.6542288708495247,0.3090144625889975,-2.730814399751447,7.913870035627065,5.26002856955933,10.84576444731508,98.99,162.29,79.97,130.17,232.06,95.78,54.69,97.53,23.97,0.8344967601991204,0.837276914450048,3.456581544057792,0.5297932324543355
ScMnSe3,Mn,Sc,Se,3.0,3.0,-2.0,1.55,1.36,2.55,103.08,74.11,198.14,-0.9999999999999998,-1.1899999999999995,-1.89,-2.08,1.3909054108757253,0.3740284647219138,0.5202382154032502,0.529100529100529,0.5721153846153845,-4.411136790000002,-3.2357286599999986,-6.510488250000024,-0.936468712147378,-3.235728771077069,-0.2111875472497096,-1.152247272554489,0.2753302914535808,-2.730814399751447,7.312724883033412,6.884657007341072,10.84576444731508,40.830000000000005,165.06,79.97,205.42,217.74,95.78,137.51,58.09,23.97,0.7975389061528843,0.7823516663337932,6.319915905967648,0.7235300635695566
TlInS3,Tl,In,S,3.0,3.0,-2.0,1.62,1.78,2.58,121.38,79.56,184.4,-0.96,-0.8,-1.82,-1.66,1.5256410256410255,0.4314533622559653,0.6582429501084598,0.5274725274725275,0.4819277108433735,-2.36925177,-2.5178859200000034,-7.00838179000003,-2.3692518513323906,-2.517886006434747,0.8145175879610062,-0.1395649868243635,-0.1678385307595446,-2.847077729734469,5.166986943295928,5.364511578154709,11.769320157021456,109.74,114.07,74.72999999999999,154.46,151.32,84.92999999999999,59.04,49.29,273.21,0.8135290137169682,0.8191379610691656,4.15289004593814,0.8965509991482294
TlInSe3,Tl,In,Se,3.0,3.0,-2.0,1.62,1.78,2.55,121.38,79.56,198.14,-0.9299999999999996,-0.7699999999999998,-1.82,-1.66,1.5256410256410255,0.4015342686988998,0.6125971535278086,0.5109890109890108,0.4638554216867468,-2.36925177,-2.5178859200000034,-6.510488250000024,-2.3692518513323906,-2.517886006434747,-0.2111875472497096,-0.1395649868243635,-0.1678385307595446,-2.730814399751447,5.166986943295928,5.364511578154709,10.84576444731508,109.74,114.07,79.97,154.46,151.32,95.78,59.04,49.29,23.97,0.8051192562205187,0.8135949868595065,4.3255898951085765,0.8962665482472569
TiRhSe3,Rh,Ti,Se,3.0,3.0,-2.0,2.28,1.54,2.55,83.0,67.32,198.14,-0.27,-1.0099999999999998,-1.16,-1.9,1.2329174093879978,0.3397597658221459,0.4188957302917129,0.2327586206896551,0.5315789473684209,-3.3722443599999976,-4.219539480000003,-6.510488250000024,-3.3722444757634187,-4.219539624849625,-0.2111875472497096,-0.8612050155585504,-0.3138992857783973,-2.730814399751447,8.367325920243628,7.119307230391988,10.84576444731508,145.95,154.67,79.97,217.77,206.03,95.78,61.38,51.94,23.97,0.8155268678795953,0.7488755414255759,11.608243293306383,0.3279047053186416
RuRhSe3,Rh,Ru,Se,3.0,3.0,-2.0,2.28,2.2,2.55,83.0,67.65,198.14,-0.27,-0.3499999999999996,-1.16,-1.2399999999999998,1.2269031781226902,0.3414252548702938,0.4188957302917129,0.2327586206896551,0.2822580645161288,-3.3722443599999976,-3.652617989999997,-6.510488250000024,-3.3722444757634187,-3.6526181153881687,-0.2111875472497096,-0.8612050155585504,-1.199648388181199,-2.730814399751447,8.367325920243628,7.647563452523535,10.84576444731508,145.95,148.4,79.97,217.77,212.11,95.78,61.38,64.80999999999999,23.97,0.8237478312700829,0.7479457512578855,11.928072198570083,0.6167789101505918
GaRhS3,Rh,Ga,S,3.0,3.0,-2.0,2.28,1.81,2.58,83.0,62.02,184.4,-0.3000000000000002,-0.77,-1.16,-1.63,1.3382779748468236,0.3363340563991323,0.4501084598698481,0.2586206896551726,0.4723926380368098,-3.3722443599999976,-2.578899599999997,-7.00838179000003,-3.3722444757634187,-2.578899688529241,0.8145175879610062,-0.8612050155585504,-0.243516502355647,-2.847077729734469,8.367325920243628,5.688972625290866,11.769320157021456,145.95,100.27,74.72999999999999,217.77,134.39,84.92999999999999,61.38,28.23,273.21,0.7402019732908256,0.7673112149166681,7.751747121545092,0.4200796955824574
GaRhSe3,Rh,Ga,Se,3.0,3.0,-2.0,2.28,1.81,2.55,83.0,62.02,198.14,-0.27,-0.7399999999999998,-1.16,-1.63,1.3382779748468236,0.3130110023215908,0.4188957302917129,0.2327586206896551,0.4539877300613495,-3.3722443599999976,-2.578899599999997,-6.510488250000024,-3.3722444757634187,-2.578899688529241,-0.2111875472497096,-0.8612050155585504,-0.243516502355647,-2.730814399751447,8.367325920243628,5.688972625290866,10.84576444731508,145.95,100.27,79.97,217.77,134.39,95.78,61.38,28.23,23.97,0.6800288852281826,0.7641316929075699,7.97328855979082,0.391768823449
AlRhS3,Rh,Al,S,3.0,3.0,-2.0,2.28,1.61,2.58,83.0,53.73,184.4,-0.3000000000000002,-0.97,-1.16,-1.83,1.5447608412432534,0.2913774403470716,0.4501084598698481,0.2586206896551726,0.5300546448087432,-3.3722443599999976,-2.712046639999999,-7.00838179000003,-3.3722444757634187,-2.7120467330999567,0.8145175879610062,-0.8612050155585504,-0.3481498809512196,-2.847077729734469,8.367325920243628,5.763264318842405,11.769320157021456,145.95,110.43,74.72999999999999,217.77,139.64,84.92999999999999,61.38,999.99,273.21,0.7937866576727239,0.7940235567957223,5.088704474677347,0.387414622005734
AlRhSe3,Rh,Al,Se,3.0,3.0,-2.0,2.28,1.61,2.55,83.0,53.73,198.14,-0.27,-0.9399999999999996,-1.16,-1.83,1.5447608412432534,0.2711718986575149,0.4188957302917129,0.2327586206896551,0.5136612021857923,-3.3722443599999976,-2.712046639999999,-6.510488250000024,-3.3722444757634187,-2.7120467330999567,-0.2111875472497096,-0.8612050155585504,-0.3481498809512196,-2.730814399751447,8.367325920243628,5.763264318842405,10.84576444731508,145.95,110.43,79.97,217.77,139.64,95.78,61.38,999.99,23.97,0.7802596777651639,0.7892821742439884,5.344427534420507,0.3576525332849915
FeRhS3,Rh,Fe,S,3.0,3.0,-2.0,2.28,1.83,2.58,83.0,64.62,184.4,-0.3000000000000002,-0.75,-1.16,-1.61,1.284432064376354,0.3504338394793926,0.4501084598698481,0.2586206896551726,0.4658385093167702,-3.3722443599999976,-4.431945739999999,-7.00838179000003,-3.3722444757634187,-0.812293287884647,0.8145175879610062,-0.8612050155585504,-1.3037382507616442,-2.847077729734469,8.367325920243628,7.470426106445764,11.769320157021456,145.95,133.01,74.72999999999999,217.77,193.65,84.92999999999999,61.38,38.15,273.21,0.8094685861753956,0.7592997734309106,9.247292983107457,0.4215422880081954
FeRhSe3,Rh,Fe,Se,3.0,3.0,-2.0,2.28,1.83,2.55,83.0,64.62,198.14,-0.27,-0.7199999999999998,-1.16,-1.61,1.284432064376354,0.3261330372463915,0.4188957302917129,0.2327586206896551,0.4472049689440993,-3.3722443599999976,-4.431945739999999,-6.510488250000024,-3.3722444757634187,-0.812293287884647,-0.2111875472497096,-0.8612050155585504,-1.3037382507616442,-2.730814399751447,8.367325920243628,7.470426106445764,10.84576444731508,145.95,133.01,79.97,217.77,193.65,95.78,61.38,38.15,23.97,0.7473400018018332,0.7565706394688436,9.45992065255964,0.3937754513614779
CrRhS3,Rh,Cr,S,3.0,3.0,-2.0,2.28,1.66,2.58,83.0,61.87,184.4,-0.3000000000000002,-0.9200000000000002,-1.16,-1.78,1.3415225472765475,0.3355206073752711,0.4501084598698481,0.2586206896551726,0.5168539325842697,-3.3722443599999976,-4.38888821,-7.00838179000003,-3.3722444757634187,-4.388888360663078,0.8145175879610062,-0.8612050155585504,-1.078476583023451,-2.847077729734469,8.367325920243628,7.228119012129165,11.769320157021456,145.95,142.45999999999998,74.72999999999999,217.77,198.93,84.92999999999999,61.38,43.95,273.21,0.7361535711136975,0.7677785746528824,7.678524673890056,0.3841770604053968
CrRhSe3,Rh,Cr,Se,3.0,3.0,-2.0,2.28,1.66,2.55,83.0,61.87,198.14,-0.27,-0.8899999999999999,-1.16,-1.78,1.3415225472765475,0.31225396184516,0.4188957302917129,0.2327586206896551,0.4999999999999999,-3.3722443599999976,-4.38888821,-6.510488250000024,-3.3722444757634187,-4.388888360663078,-0.2111875472497096,-0.8612050155585504,-1.078476583023451,-2.730814399751447,8.367325920243628,7.228119012129165,10.84576444731508,145.95,142.45999999999998,79.97,217.77,198.93,95.78,61.38,43.95,23.97,0.6760933001459155,0.7645725211600837,7.9006032256922225,0.3559216908848666
TbInS3,Tb,In,S,3.0,3.0,-2.0,1.1,1.78,2.58,120.11,79.56,184.4,-1.48,-0.8,-2.34,-1.66,1.5096782302664655,0.4314533622559653,0.651355748373102,0.6324786324786326,0.4819277108433735,-3.0839381900000022,-2.5178859200000034,-7.00838179000003,-1.3025399247139844,-2.517886006434747,0.8145175879610062,0.4848213986217848,-0.1678385307595446,-2.847077729734469,6.119534423052706,5.364511578154709,11.769320157021456,29.39,114.07,74.72999999999999,257.89,151.32,84.92999999999999,112.45,49.29,273.21,0.8260189395449404,0.8157358248583021,4.3133115449657655,1.070566118863182
TbInSe3,Tb,In,Se,3.0,3.0,-2.0,1.1,1.78,2.55,120.11,79.56,198.14,-1.4499999999999995,-0.7699999999999998,-2.34,-1.66,1.5096782302664655,0.4015342686988998,0.6061875441606945,0.6196581196581196,0.4638554216867468,-3.0839381900000022,-2.5178859200000034,-6.510488250000024,-1.3025399247139844,-2.517886006434747,-0.2111875472497096,0.4848213986217848,-0.1678385307595446,-2.730814399751447,6.119534423052706,5.364511578154709,10.84576444731508,29.39,114.07,79.97,257.89,151.32,95.78,112.45,49.29,23.97,0.7953323808883624,0.8103611810466886,4.486011394136202,1.0825504288929848
CoNiSe3,Ni,Co,Se,2.0,4.0,-2.0,1.91,1.88,2.55,86.79,53.52,198.14,-0.6399999999999999,-0.6699999999999999,-1.53,-1.56,1.6216367713004485,0.2701120419905118,0.4380236196628647,0.4183006535947711,0.4294871794871794,-4.439555410000002,-4.433222810000001,-6.510488250000024,-4.4395555624023935,0.1435549649279978,-0.2111875472497096,-1.3513871613897686,-1.3590473276566433,-2.730814399751447,7.898771670150475,7.672566418386976,10.84576444731508,125.17,128.78,79.97,156.73999999999998,161.4,95.78,33.809999999999995,35.82,23.97,0.8374183448941587,0.8005898540818739,6.410963609142414,0.7797374990882283
CrNiS3,Ni,Cr,S,2.0,4.0,-2.0,1.91,1.66,2.58,86.79,54.9,184.4,-0.6700000000000002,-0.9200000000000002,-1.53,-1.78,1.580874316939891,0.2977223427331887,0.4706616052060737,0.4379084967320262,0.5168539325842697,-4.439555410000002,-4.38888821,-7.00838179000003,-4.4395555624023935,-4.388888360663078,0.8145175879610062,-1.3513871613897686,-1.078476583023451,-2.847077729734469,7.898771670150475,7.228119012129165,11.769320157021456,125.17,142.45999999999998,74.72999999999999,156.73999999999998,198.93,84.92999999999999,33.809999999999995,43.95,273.21,0.8243776010998357,0.8013404556254761,6.262546268652585,0.6789419063504851
CrNiSe3,Ni,Cr,Se,2.0,4.0,-2.0,1.91,1.66,2.55,86.79,54.9,198.14,-0.6399999999999999,-0.8899999999999999,-1.53,-1.78,1.580874316939891,0.2770768143736752,0.4380236196628647,0.4183006535947711,0.4999999999999999,-4.439555410000002,-4.38888821,-6.510488250000024,-4.4395555624023935,-4.388888360663078,-0.2111875472497096,-1.3513871613897686,-1.078476583023451,-2.730814399751447,7.898771670150475,7.228119012129165,10.84576444731508,125.17,142.45999999999998,79.97,156.73999999999998,198.93,95.78,33.809999999999995,43.95,23.97,0.8119604121986468,0.7962236906348578,6.512819492696301,0.6661217804004038
AlGaS3,Ga,Al,S,3.0,3.0,-2.0,1.81,1.61,2.58,75.41,53.73,184.4,-0.77,-0.97,-1.63,-1.83,1.403498976363298,0.2913774403470716,0.4089479392624728,0.4723926380368098,0.5300546448087432,-2.578899599999997,-2.712046639999999,-7.00838179000003,-2.578899688529241,-2.7120467330999567,0.8145175879610062,-0.243516502355647,-0.3481498809512196,-2.847077729734469,5.688972625290866,5.763264318842405,11.769320157021456,100.27,110.43,74.72999999999999,134.39,139.64,84.92999999999999,28.23,999.99,273.21,0.6795245207275792,0.7714856405800173,6.853477945444114,0.6875595573596247
AlGaSe3,Ga,Al,Se,3.0,3.0,-2.0,1.81,1.61,2.55,75.41,53.73,198.14,-0.7399999999999998,-0.9399999999999996,-1.63,-1.83,1.403498976363298,0.2711718986575149,0.3805894821843141,0.4539877300613495,0.5136612021857923,-2.578899599999997,-2.712046639999999,-6.510488250000024,-2.578899688529241,-2.7120467330999567,-0.2111875472497096,-0.243516502355647,-0.3481498809512196,-2.730814399751447,5.688972625290866,5.763264318842405,10.84576444731508,100.27,110.43,79.97,134.39,139.64,95.78,28.23,999.99,23.97,0.664430109633316,0.7679737453384186,7.109201005187274,0.6787560670521383
GaFeSe3,Ga,Fe,Se,3.0,3.0,-2.0,1.81,1.83,2.55,75.41,64.62,198.14,-0.7399999999999998,-0.7199999999999998,-1.63,-1.61,1.166976168368926,0.3261330372463915,0.3805894821843141,0.4539877300613495,0.4472049689440993,-2.578899599999997,-4.431945739999999,-6.510488250000024,-2.578899688529241,-0.812293287884647,-0.2111875472497096,-0.243516502355647,-1.3037382507616442,-2.730814399751447,5.688972625290866,7.470426106445764,10.84576444731508,100.27,133.01,79.97,134.39,193.65,95.78,28.23,38.15,23.97,0.82331186483407,0.7361453312467174,16.738301355483294,0.7473104530055719
CrGaS3,Ga,Cr,S,3.0,3.0,-2.0,1.81,1.66,2.58,75.41,61.87,184.4,-0.77,-0.9200000000000002,-1.63,-1.78,1.2188459673508971,0.3355206073752711,0.4089479392624728,0.4723926380368098,0.5168539325842697,-2.578899599999997,-4.38888821,-7.00838179000003,-2.578899688529241,-4.388888360663078,0.8145175879610062,-0.243516502355647,-1.078476583023451,-2.847077729734469,5.688972625290866,7.228119012129165,11.769320157021456,100.27,142.45999999999998,74.72999999999999,134.39,198.93,84.92999999999999,28.23,43.95,273.21,0.8136928653326376,0.7459856076311346,12.45671916004046,0.6818137328749221
CrGaSe3,Ga,Cr,Se,3.0,3.0,-2.0,1.81,1.66,2.55,75.41,61.87,198.14,-0.7399999999999998,-0.8899999999999999,-1.63,-1.78,1.2188459673508971,0.31225396184516,0.3805894821843141,0.4539877300613495,0.4999999999999999,-2.578899599999997,-4.38888821,-6.510488250000024,-2.578899688529241,-4.388888360663078,-0.2111875472497096,-0.243516502355647,-1.078476583023451,-2.730814399751447,5.688972625290866,7.228119012129165,10.84576444731508,100.27,142.45999999999998,79.97,134.39,198.93,95.78,28.23,43.95,23.97,0.7520651631781523,0.7439311843328621,12.678797711842629,0.6754712593942551
MnGaSe3,Ga,Mn,Se,3.0,3.0,-2.0,1.81,1.55,2.55,75.41,64.5,198.14,-0.7399999999999998,-0.9999999999999998,-1.63,-1.89,1.1691472868217054,0.3255274048652468,0.3805894821843141,0.4539877300613495,0.529100529100529,-2.578899599999997,-4.411136790000002,-6.510488250000024,-2.578899688529241,-0.936468712147378,-0.2111875472497096,-0.243516502355647,-1.152247272554489,-2.730814399751447,5.688972625290866,7.312724883033412,10.84576444731508,100.27,40.830000000000005,79.97,134.39,205.42,95.78,28.23,137.51,23.97,0.8202418634771553,0.7364816754431446,16.51602246784662,0.6319283872851423
CrFeS3,Fe,Cr,S,3.0,3.0,-2.0,1.83,1.66,2.58,77.76,61.87,184.4,-0.75,-0.9200000000000002,-1.61,-1.78,1.2568288346533054,0.3355206073752711,0.4216919739696312,0.4658385093167702,0.5168539325842697,-4.431945739999999,-4.38888821,-7.00838179000003,-0.812293287884647,-4.388888360663078,0.8145175879610062,-1.3037382507616442,-1.078476583023451,-2.847077729734469,7.470426106445764,7.228119012129165,11.769320157021456,133.01,142.45999999999998,74.72999999999999,193.65,198.93,84.92999999999999,38.15,43.95,273.21,0.7891544335447646,0.7527331007142846,10.474854818613665,0.6784355181296042
CrFeSe3,Fe,Cr,Se,3.0,3.0,-2.0,1.83,1.66,2.55,77.76,61.87,198.14,-0.7199999999999998,-0.8899999999999999,-1.61,-1.78,1.2568288346533054,0.31225396184516,0.3924497829817301,0.4472049689440993,0.4999999999999999,-4.431945739999999,-4.38888821,-6.510488250000024,-0.812293287884647,-4.388888360663078,-0.2111875472497096,-1.3037382507616442,-1.078476583023451,-2.730814399751447,7.470426106445764,7.228119012129165,10.84576444731508,133.01,142.45999999999998,79.97,193.65,198.93,95.78,38.15,43.95,23.97,0.7279220837050937,0.7503221120725158,10.696933370415833,0.6710955536549208
MnFeSe3,Fe,Mn,Se,3.0,3.0,-2.0,1.83,1.55,2.55,77.76,64.5,198.14,-0.7199999999999998,-0.9999999999999998,-1.61,-1.89,1.2055813953488372,0.3255274048652468,0.3924497829817301,0.4472049689440993,0.529100529100529,-4.431945739999999,-4.411136790000002,-6.510488250000024,-0.812293287884647,-0.936468712147378,-0.2111875472497096,-1.3037382507616442,-1.152247272554489,-2.730814399751447,7.470426106445764,7.312724883033412,10.84576444731508,133.01,40.830000000000005,79.97,193.65,205.42,95.78,38.15,137.51,23.97,0.7960987840040967,0.7428086063051128,13.416753601226732,0.6278347524596257
MnInS3,In,Mn,S,3.0,3.0,-2.0,1.78,1.55,2.58,92.25,64.5,184.4,-0.8,-1.03,-1.66,-1.89,1.430232558139535,0.3497830802603037,0.5002711496746204,0.4819277108433735,0.544973544973545,-2.5178859200000034,-4.411136790000002,-7.00838179000003,-2.517886006434747,-0.936468712147378,0.8145175879610062,-0.1678385307595446,-1.152247272554489,-2.847077729734469,5.364511578154709,7.312724883033412,11.769320157021456,114.07,40.830000000000005,74.72999999999999,151.32,205.42,84.92999999999999,49.29,137.51,273.21,0.7329047362344103,0.7859444908869345,5.8495612117028095,0.695021681027632
MnInSe3,In,Mn,Se,3.0,3.0,-2.0,1.78,1.55,2.55,92.25,64.5,198.14,-0.7699999999999998,-0.9999999999999998,-1.66,-1.89,1.430232558139535,0.3255274048652468,0.465579893004946,0.4638554216867468,0.529100529100529,-2.5178859200000034,-4.411136790000002,-6.510488250000024,-2.517886006434747,-0.936468712147378,-0.2111875472497096,-0.1678385307595446,-1.152247272554489,-2.730814399751447,5.364511578154709,7.312724883033412,10.84576444731508,114.07,40.830000000000005,79.97,151.32,205.42,95.78,49.29,137.51,23.97,0.722495695728992,0.781820192768908,6.062584467516762,0.6854114015280672
