,material,atoms,a,b,c,alpha,beta,gamma,volume,atomic_density,mass_density
0,LaSnS3,"{'m_def': 'nomad.datamodel.metainfo.system.Atoms', 'atomic_numbers': [57, 57, 57, 57, 50, 50, 50, 50, 16, 16, 16, 16, 16, 16, 16, 16, 16, 16, 16, 16], 'species': [57, 57, 57, 57, 50, 50, 50, 50, 16, 16, 16, 16, 16, 16, 16, 16, 16, 16, 16, 16], 'labels': ['La', 'La', 'La', 'La', 'Sn', 'Sn', 'Sn', 'Sn', 'S', 'S', 'S', 'S', 'S', 'S', 'S', 'S', 'S', 'S', 'S', 'S'], 'positions': [[7.220344740000001e-10, 2.27475e-10, 3.30958444e-10], [3.2316447400000004e-10, 2.27475e-10, 2.210155599999992e-11], [4.74575526e-10, 6.82425e-10, 6.840184440000001e-10], [7.5705526e-11, 6.82425e-10, 3.75161556e-10], [0.0, 4.5495e-10, 0.0], [0.0, 0.0, 0.0], [3.9887000000000004e-10, 0.0, 3.5306e-10], [3.9887000000000004e-10, 4.5495e-10, 3.5306e-10], [6.471266880000001e-10, 5.2018983e-10, 4.788905840000001e-10], [6.471266880000001e-10, 8.446601700000001e-10, 4.788905840000001e-10], [2.4825668800000003e-10, 8.446601700000001e-10, 5.80289416e-10], [5.49483312e-10, 3.8971017e-10, 1.2583058400000002e-10], [1.50613312e-10, 6.523983e-11, 2.27229416e-10], [5.49483312e-10, 6.523983e-11, 1.2583058400000002e-10], [2.4825668800000003e-10, 5.2018983e-10, 5.80289416e-10], [1.50613312e-10, 3.8971017e-10, 2.27229416e-10], [7.541036220000001e-10, 6.82425e-10, 1.076833e-10], [3.5523362200000006e-10, 6.82425e-10, 2.453767000000001e-10], [4.4250637800000007e-10, 2.27475e-10, 4.6074330000000007e-10], [4.3636377999999994e-11, 2.27475e-10, 5.984367e-10]], 'lattice_vectors': [[7.977400000000001e-10, 0.0, 0.0], [0.0, 9.099e-10, 0.0], [0.0, 0.0, 7.0612e-10]], 'periodic': [True, True, True]}",7.977400000000002,9.099,7.0612,90.0,90.0,90.0,512.5468235911201,0.039020825180168965,4.585072671500026
1,CaTiSe3,"{'m_def': 'nomad.datamodel.metainfo.system.Atoms', 'atomic_numbers': [20, 20, 20, 20, 22, 22, 22, 22, 34, 34, 34, 34, 34, 34, 34, 34, 34, 34, 34, 34], 'species': [20, 20, 20, 20, 22, 22, 22, 22, 34, 34, 34, 34, 34, 34, 34, 34, 34, 34, 34, 34], 'labels': ['Ca', 'Ca', 'Ca', 'Ca', 'Ti', 'Ti', 'Ti', 'Ti', 'Se', 'Se', 'Se', 'Se', 'Se', 'Se', 'Se', 'Se', 'Se', 'Se', 'Se', 'Se'], 'positions': [[6.74575756e-10, 7.5678e-10, 2.4431099999999985e-11], [2.95685756e-10, 7.5678e-10, 3.1966890000000006e-10], [4.6209424400000005e-10, 2.5226e-10, 3.6853109999999996e-10], [8.3204244e-11, 2.5226e-10, 6.637689e-10], [0.0, 5.0452e-10, 3.441e-10], [0.0, 0.0, 3.441e-10], [3.7889e-10, 0.0, 0.0], [3.7889e-10, 5.0452e-10, 0.0], [6.14862692e-10, 5.5699008000000144e-11, 5.622594000000001e-10], [6.14862692e-10, 4.48820992e-10, 5.622594000000001e-10], [2.35972692e-10, 4.48820992e-10, 4.700405999999999e-10], [5.21807308e-10, 9.53340992e-10, 2.1815940000000007e-10], [1.4291730800000003e-10, 5.602190080000001e-10, 1.259406e-10], [5.21807308e-10, 5.602190080000001e-10, 2.1815940000000007e-10], [2.35972692e-10, 5.5699008000000144e-11, 4.700405999999999e-10], [1.4291730800000003e-10, 9.53340992e-10, 1.259406e-10], [7.36107492e-10, 7.5678e-10, 4.0934136e-10], [3.57217492e-10, 7.5678e-10, 6.2295864e-10], [4.00562508e-10, 2.5226e-10, 6.524136e-11], [2.1672507999999998e-11, 2.5226e-10, 2.7885864e-10]], 'lattice_vectors': [[7.5778e-10, 0.0, 0.0], [0.0, 1.00904e-09, 0.0], [0.0, 0.0, 6.882e-10]], 'periodic': [True, True, True]}",7.577800000000002,10.0904,6.882,90.0,90.0,90.0,526.2185939318398,0.03800701881429633,4.1000801513433744
2,GdTaS3,"{'m_def': 'nomad.datamodel.metainfo.system.Atoms', 'atomic_numbers': [64, 64, 64, 64, 73, 73, 73, 73, 16, 16, 16, 16, 16, 16, 16, 16, 16, 16, 16, 16], 'species': [64, 64, 64, 64, 73, 73, 73, 73, 16, 16, 16, 16, 16, 16, 16, 16, 16, 16, 16, 16], 'labels': ['Gd', 'Gd', 'Gd', 'Gd', 'Ta', 'Ta', 'Ta', 'Ta', 'S', 'S', 'S', 'S', 'S', 'S', 'S', 'S', 'S', 'S', 'S', 'S'], 'positions': [[6.20360634e-10, 6.974700000000001e-10, 3.4332485200000004e-10], [2.7149063400000005e-10, 6.974700000000001e-10, 5.95405148e-10], [4.2624936600000006e-10, 2.3249000000000002e-10, 3.0414852000000024e-11], [7.7379366e-11, 2.3249000000000002e-10, 2.82495148e-10], [0.0, 4.6498000000000003e-10, 0.0], [0.0, 0.0, 0.0], [3.4887e-10, 0.0, 3.1291e-10], [3.4887e-10, 4.6498000000000003e-10, 3.1291e-10], [5.667044280000001e-10, 6.016841199999999e-11, 2.075844940000001e-10], [5.667044280000001e-10, 4.0481158800000003e-10, 2.075844940000001e-10], [2.17834428e-10, 4.0481158800000003e-10, 1.0532550599999995e-10], [4.799055720000001e-10, 8.69791588e-10, 5.204944940000001e-10], [1.3103557199999997e-10, 5.25148412e-10, 4.18235506e-10], [4.799055720000001e-10, 5.25148412e-10, 5.204944940000001e-10], [2.17834428e-10, 6.016841199999999e-11, 1.0532550599999995e-10], [1.3103557199999997e-10, 8.69791588e-10, 4.18235506e-10], [6.7192362e-10, 2.3249000000000002e-10, 5.341373700000002e-10], [3.2305362000000003e-10, 2.324899999999999e-10, 4.0459263e-10], [3.7468638000000003e-10, 6.974699999999999e-10, 2.2122737000000004e-10], [2.5816380000000002e-11, 6.974700000000002e-10, 9.168263e-11]], 'lattice_vectors': [[6.9774e-10, 0.0, 0.0], [0.0, 9.299600000000001e-10, 0.0], [0.0, 0.0, 6.2582e-10]], 'periodic': [True, True, True]}",6.9774,9.2996,6.2582,90.0,90.0,90.0,406.076005138128,0.04925186355986964,7.105333379698866
3,GdAlS3,"{'m_def': 'nomad.datamodel.metainfo.system.Atoms', 'atomic_numbers': [64, 64, 64, 64, 13, 13, 13, 13, 16, 16, 16, 16, 16, 16, 16, 16, 16, 16, 16, 16], 'species': [64, 64, 64, 64, 13, 13, 13, 13, 16, 16, 16, 16, 16, 16, 16, 16, 16, 16, 16, 16], 'labels': ['Gd', 'Gd', 'Gd', 'Gd', 'Al', 'Al', 'Al', 'Al', 'S', 'S', 'S', 'S', 'S', 'S', 'S', 'S', 'S', 'S', 'S', 'S'], 'positions': [[6.18347034e-10, 6.8247e-10, 3.3730954600000003e-10], [2.74477034e-10, 6.8247e-10, 6.02620454e-10], [4.1326296600000005e-10, 2.2749000000000003e-10, 2.399954599999997e-11], [6.9392966e-11, 2.2749000000000003e-10, 2.893104540000001e-10], [0.0, 4.5498000000000007e-10, 0.0], [0.0, 0.0, 0.0], [3.4387e-10, 0.0, 3.1331000000000003e-10], [3.4387e-10, 4.5498000000000007e-10, 3.1331000000000003e-10], [5.57894688e-10, 4.959282e-11, 2.0283689399999997e-10], [5.57894688e-10, 4.053871800000001e-10, 2.0283689399999997e-10], [2.1402468800000004e-10, 4.053871800000001e-10, 1.104731060000001e-10], [4.73715312e-10, 8.603671800000002e-10, 5.16146894e-10], [1.29845312e-10, 5.0457282e-10, 4.2378310600000013e-10], [4.73715312e-10, 5.0457282e-10, 5.16146894e-10], [2.1402468800000004e-10, 4.959282e-11, 1.104731060000001e-10], [1.29845312e-10, 8.603671800000002e-10, 4.2378310600000013e-10], [6.70752822e-10, 2.2749000000000003e-10, 5.5299215e-10], [3.26882822e-10, 2.274900000000001e-10, 3.869378500000001e-10], [3.60857178e-10, 6.824700000000002e-10, 2.3968215e-10], [1.6987178e-11, 6.824699999999999e-10, 7.362785000000001e-11]], 'lattice_vectors': [[6.8774e-10, 0.0, 0.0], [0.0, 9.099600000000001e-10, 0.0], [0.0, 0.0, 6.266200000000001e-10]], 'periodic': [True, True, True]}",6.877400000000001,9.0996,6.2662,90.0,90.0,90.0,392.1487532424481,0.05100105466262925,4.74982230041064
4,TbScSe3,"{'m_def': 'nomad.datamodel.metainfo.system.Atoms', 'atomic_numbers': [65, 65, 65, 65, 21, 21, 21, 21, 34, 34, 34, 34, 34, 34, 34, 34, 34, 34, 34, 34], 'species': [65, 65, 65, 65, 21, 21, 21, 21, 34, 34, 34, 34, 34, 34, 34, 34, 34, 34, 34, 34], 'labels': ['Tb', 'Tb', 'Tb', 'Tb', 'Sc', 'Sc', 'Sc', 'Sc', 'Se', 'Se', 'Se', 'Se', 'Se', 'Se', 'Se', 'Se', 'Se', 'Se', 'Se', 'Se'], 'positions': [[6.41284488e-10, 7.56795e-10, 6.344214e-10], [2.77414488e-10, 7.56795e-10, 3.5737860000000003e-10], [4.5032551200000003e-10, 2.52265e-10, 3.038214e-10], [8.6455512e-11, 2.52265e-10, 2.6778600000000003e-11], [0.0, 5.0453e-10, 3.3060000000000003e-10], [0.0, 0.0, 3.3060000000000003e-10], [3.6387e-10, 0.0, 0.0], [3.6387e-10, 5.0453e-10, 0.0], [5.953640940000001e-10, 6.619433599999987e-11, 1.1240400000000004e-10], [5.953640940000001e-10, 4.383356640000001e-10, 1.1240400000000004e-10], [2.3149409400000007e-10, 4.383356640000001e-10, 2.1819600000000008e-10], [4.96245906e-10, 9.42865664e-10, 4.43004e-10], [1.32375906e-10, 5.70724336e-10, 5.487960000000001e-10], [4.96245906e-10, 5.70724336e-10, 4.43004e-10], [2.3149409400000007e-10, 6.619433599999987e-11, 2.1819600000000008e-10], [1.32375906e-10, 9.42865664e-10, 5.487960000000001e-10], [6.93099576e-10, 2.52265e-10, 4.2607727999999997e-10], [3.29229576e-10, 2.52265e-10, 5.6572272e-10], [3.9851042400000004e-10, 7.56795e-10, 9.547728e-11], [3.4640424e-11, 7.56795e-10, 2.3512272000000003e-10]], 'lattice_vectors': [[7.2774e-10, 0.0, 0.0], [0.0, 1.00906e-09, 0.0], [0.0, 0.0, 6.612000000000001e-10]], 'periodic': [True, True, True]}",7.2774,10.0906,6.612,90.0,90.0,90.0,485.54119409328047,0.04119114967649413,6.029571163239953
5,LaScSe3,"{'m_def': 'nomad.datamodel.metainfo.system.Atoms', 'atomic_numbers': [57, 57, 57, 57, 21, 21, 21, 21, 34, 34, 34, 34, 34, 34, 34, 34, 34, 34, 34, 34], 'species': [57, 57, 57, 57, 21, 21, 21, 21, 34, 34, 34, 34, 34, 34, 34, 34, 34, 34, 34, 34], 'labels': ['La', 'La', 'La', 'La', 'Sc', 'Sc', 'Sc', 'Sc', 'Se', 'Se', 'Se', 'Se', 'Se', 'Se', 'Se', 'Se', 'Se', 'Se', 'Se', 'Se'], 'positions': [[6.74540148e-10, 7.8723e-10, 6.384651000000001e-10], [2.9567014800000003e-10, 7.8723e-10, 3.6383490000000004e-10], [4.6206985200000003e-10, 2.6241e-10, 3.0436510000000005e-10], [8.3199852e-11, 2.6241e-10, 2.97349e-11], [0.0, 5.2482e-10, 3.341e-10], [0.0, 0.0, 3.341e-10], [3.7887e-10, 0.0, 0.0], [3.7887e-10, 5.2482e-10, 0.0], [6.19907094e-10, 5.794012800000015e-11, 1.1800412e-10], [6.19907094e-10, 4.66879872e-10, 1.1800412e-10], [2.41037094e-10, 4.66879872e-10, 2.1609587999999996e-10], [5.16702906e-10, 9.91699872e-10, 4.5210412e-10], [1.3783290600000001e-10, 5.82760128e-10, 5.501958800000001e-10], [5.16702906e-10, 5.82760128e-10, 4.5210412e-10], [2.41037094e-10, 5.794012800000015e-11, 2.1609587999999996e-10], [1.3783290600000001e-10, 9.91699872e-10, 5.501958800000001e-10], [7.290974279999999e-10, 2.6241e-10, 4.1749136000000003e-10], [3.5022742800000003e-10, 2.6241e-10, 5.848086400000001e-10], [4.0751257200000003e-10, 7.8723e-10, 8.339136000000002e-11], [2.8642572e-11, 7.8723e-10, 2.5070864e-10]], 'lattice_vectors': [[7.5774e-10, 0.0, 0.0], [0.0, 1.04964e-09, 0.0], [0.0, 0.0, 6.682e-10]], 'periodic': [True, True, True]}",7.5774,10.4964,6.682,90.0,90.0,90.0,531.4556855275198,0.037632488549159314,5.258444094196946
6,GdScS3,"{'m_def': 'nomad.datamodel.metainfo.system.Atoms', 'atomic_numbers': [64, 64, 64, 64, 21, 21, 21, 21, 16, 16, 16, 16, 16, 16, 16, 16, 16, 16, 16, 16], 'species': [64, 64, 64, 64, 21, 21, 21, 21, 16, 16, 16, 16, 16, 16, 16, 16, 16, 16, 16, 16], 'labels': ['Gd', 'Gd', 'Gd', 'Gd', 'Sc', 'Sc', 'Sc', 'Sc', 'S', 'S', 'S', 'S', 'S', 'S', 'S', 'S', 'S', 'S', 'S', 'S'], 'positions': [[6.358255380000001e-10, 7.184325e-10, 6.10519334e-10], [2.82235538e-10, 7.184325e-10, 3.44710666e-10], [4.2494446199999993e-10, 2.394775e-10, 2.9210933400000003e-10], [7.135446199999998e-11, 2.394775e-10, 2.6300665999999996e-11], [0.0, 4.78955e-10, 3.1841e-10], [0.0, 0.0, 3.1841e-10], [3.5359e-10, 0.0, 0.0], [3.5359e-10, 4.78955e-10, 0.0], [5.77200316e-10, 6.485050699999989e-11, 1.109340440000001e-10], [5.77200316e-10, 4.141044930000001e-10, 1.109340440000001e-10], [2.2361031600000004e-10, 4.141044930000001e-10, 2.074759559999999e-10], [4.83569684e-10, 8.930594930000001e-10, 4.2934404400000007e-10], [1.29979684e-10, 5.43805507e-10, 5.258859559999999e-10], [4.83569684e-10, 5.43805507e-10, 4.2934404400000007e-10], [2.2361031600000004e-10, 6.485050699999989e-11, 2.074759559999999e-10], [1.29979684e-10, 8.930594930000001e-10, 5.258859559999999e-10], [6.739425399999999e-10, 2.394775e-10, 4.0979367e-10], [3.2035254e-10, 2.394775e-10, 5.4543633e-10], [3.8682746e-10, 7.184325e-10, 9.138367000000001e-11], [3.3237459999999994e-11, 7.184325e-10, 2.2702633e-10]], 'lattice_vectors': [[7.0718e-10, 0.0, 0.0], [0.0, 9.5791e-10, 0.0], [0.0, 0.0, 6.3682e-10]], 'periodic': [True, True, True]}",7.0718000000000005,9.5791,6.3682,90.0,90.0,90.0,431.39128898771634,0.046361622291750754,4.594495857717407
7,SmNbS3,"{'m_def': 'nomad.datamodel.metainfo.system.Atoms', 'atomic_numbers': [62, 62, 62, 62, 41, 41, 41, 41, 16, 16, 16, 16, 16, 16, 16, 16, 16, 16, 16, 16], 'species': [62, 62, 62, 62, 41, 41, 41, 41, 16, 16, 16, 16, 16, 16, 16, 16, 16, 16, 16, 16], 'labels': ['Sm', 'Sm', 'Sm', 'Sm', 'Nb', 'Nb', 'Nb', 'Nb', 'S', 'S', 'S', 'S', 'S', 'S', 'S', 'S', 'S', 'S', 'S', 'S'], 'positions': [[6.47069198e-10, 6.9147e-10, 3.673165200000006e-11], [2.83179198e-10, 6.9147e-10, 2.7667834799999987e-10], [4.44600802e-10, 2.3049e-10, 3.501416520000001e-10], [8.071080200000002e-11, 2.3049e-10, 5.90088348e-10], [0.0, 4.6098e-10, 3.1341e-10], [0.0, 0.0, 3.1341e-10], [3.6389e-10, 0.0, 0.0], [3.6389e-10, 4.6098e-10, 0.0], [5.911029160000001e-10, 5.6884932000000076e-11, 5.21326194e-10], [5.911029160000001e-10, 4.04095068e-10, 5.21326194e-10], [2.27212916e-10, 4.04095068e-10, 4.1890380600000006e-10], [5.00567084e-10, 8.65075068e-10, 2.0791619400000003e-10], [1.3667708400000004e-10, 5.17864932e-10, 1.05493806e-10], [5.00567084e-10, 5.17864932e-10, 2.0791619400000003e-10], [2.27212916e-10, 5.6884932000000076e-11, 4.1890380600000006e-10], [1.3667708400000004e-10, 8.65075068e-10, 1.05493806e-10], [7.0085214e-10, 2.3049e-10, 2.2158087000000002e-10], [3.3696214e-10, 2.3049e-10, 9.182913000000005e-11], [3.9081786000000003e-10, 6.9147e-10, 5.349908700000001e-10], [2.692786e-11, 6.9147e-10, 4.0523913000000004e-10]], 'lattice_vectors': [[7.2778e-10, 0.0, 0.0], [0.0, 9.2196e-10, 0.0], [0.0, 0.0, 6.2682e-10]], 'periodic': [True, True, True]}",7.2778,9.2196,6.2682,90.0,90.0,90.0,420.5862214688161,0.04755267524017755,5.360982886323986
8,DyTaS3,"{'m_def': 'nomad.datamodel.metainfo.system.Atoms', 'atomic_numbers': [66, 66, 66, 66, 73, 73, 73, 73, 16, 16, 16, 16, 16, 16, 16, 16, 16, 16, 16, 16], 'species': [66, 66, 66, 66, 73, 73, 73, 73, 16, 16, 16, 16, 16, 16, 16, 16, 16, 16, 16, 16], 'labels': ['Dy', 'Dy', 'Dy', 'Dy', 'Ta', 'Ta', 'Ta', 'Ta', 'S', 'S', 'S', 'S', 'S', 'S', 'S', 'S', 'S', 'S', 'S', 'S'], 'positions': [[5.60134458e-10, 6.974700000000001e-10, 3.46790052e-10], [2.46544458e-10, 6.974700000000001e-10, 5.84439948e-10], [3.80635542e-10, 2.3249000000000002e-10, 3.638005199999996e-11], [6.704554199999999e-11, 2.3249000000000002e-10, 2.7402994800000003e-10], [0.0, 4.6498000000000003e-10, 0.0], [0.0, 0.0, 0.0], [3.1359e-10, 0.0, 3.1041e-10], [3.1359e-10, 4.6498000000000003e-10, 3.1041e-10], [5.09395596e-10, 6.016841199999999e-11, 2.0592599399999993e-10], [5.09395596e-10, 4.0481158800000003e-10, 2.0592599399999993e-10], [1.9580559600000004e-10, 4.0481158800000003e-10, 1.0448400600000007e-10], [4.3137440399999996e-10, 8.69791588e-10, 5.16335994e-10], [1.17784404e-10, 5.25148412e-10, 4.1489400600000005e-10], [4.3137440399999996e-10, 5.25148412e-10, 5.16335994e-10], [1.9580559600000004e-10, 6.016841199999999e-11, 1.0448400600000007e-10], [1.17784404e-10, 8.69791588e-10, 4.1489400600000005e-10], [6.03535314e-10, 2.3249000000000002e-10, 5.3235315e-10], [2.89945314e-10, 2.324899999999999e-10, 3.9887684999999995e-10], [3.3723468599999996e-10, 6.974699999999999e-10, 2.2194315000000003e-10], [2.3644686000000002e-11, 6.974700000000002e-10, 8.846684999999998e-11]], 'lattice_vectors': [[6.2718e-10, 0.0, 0.0], [0.0, 9.299600000000001e-10, 0.0], [0.0, 0.0, 6.2082e-10]], 'periodic': [True, True, True]}",6.2718,9.2996,6.208200000000001,90.0,90.0,90.0,362.0947008324962,0.055234169276760385,8.064676748199343
9,CaHfS3,"{'m_def': 'nomad.datamodel.metainfo.system.Atoms', 'atomic_numbers': [20, 20, 20, 20, 72, 72, 72, 72, 16, 16, 16, 16, 16, 16, 16, 16, 16, 16, 16, 16], 'species': [20, 20, 20, 20, 72, 72, 72, 72, 16, 16, 16, 16, 16, 16, 16, 16, 16, 16, 16, 16], 'labels': ['Ca', 'Ca', 'Ca', 'Ca', 'Hf', 'Hf', 'Hf', 'Hf', 'S', 'S', 'S', 'S', 'S', 'S', 'S', 'S', 'S', 'S', 'S', 'S'], 'positions': [[6.40032414e-10, 2.39775e-10, 3.50553196e-10], [2.86462414e-10, 2.39775e-10, 6.25736804e-10], [4.20677586e-10, 7.193249999999999e-10, 2.5123195999999983e-11], [6.7107586e-11, 7.193249999999999e-10, 3.0030680400000006e-10], [0.0, 4.7955e-10, 0.0], [0.0, 0.0, 0.0], [3.5357e-10, 0.0, 3.2543000000000003e-10], [3.5357e-10, 4.7955e-10, 3.2543000000000003e-10], [5.73631968e-10, 5.4160377e-10, 2.0580193200000006e-10], [5.73631968e-10, 8.9704623e-10, 2.0580193200000006e-10], [2.20061968e-10, 8.9704623e-10, 1.19628068e-10], [4.87078032e-10, 4.1749623e-10, 5.31231932e-10], [1.3350803199999996e-10, 6.205376999999999e-11, 4.45058068e-10], [4.87078032e-10, 6.205376999999999e-11, 5.31231932e-10], [2.20061968e-10, 5.4160377e-10, 1.19628068e-10], [1.3350803199999996e-10, 4.1749623e-10, 4.45058068e-10], [6.82602242e-10, 7.193249999999999e-10, 5.678753500000001e-10], [3.29032242e-10, 7.193249999999999e-10, 4.0841465e-10], [3.7810775799999996e-10, 2.39775e-10, 2.4244535000000004e-10], [2.4537758e-11, 2.39775e-10, 8.298465e-11]], 'lattice_vectors': [[7.0714e-10, 0.0, 0.0], [0.0, 9.591e-10, 0.0], [0.0, 0.0, 6.508600000000001e-10]], 'periodic': [True, True, True]}",7.0714,9.591,6.5086,90.0,90.0,90.0,441.42495055764,0.0453078150084959,4.736263849972082
10,CaNbS3,"{'m_def': 'nomad.datamodel.metainfo.system.Atoms', 'atomic_numbers': [20, 20, 20, 20, 41, 41, 41, 41, 16, 16, 16, 16, 16, 16, 16, 16, 16, 16, 16, 16], 'species': [20, 20, 20, 20, 41, 41, 41, 41, 16, 16, 16, 16, 16, 16, 16, 16, 16, 16, 16, 16], 'labels': ['Ca', 'Ca', 'Ca', 'Ca', 'Nb', 'Nb', 'Nb', 'Nb', 'S', 'S', 'S', 'S', 'S', 'S', 'S', 'S', 'S', 'S', 'S', 'S'], 'positions': [[6.219666180000001e-10, 2.348e-10, 3.4299125200000005e-10], [2.78376618e-10, 2.348e-10, 6.12238748e-10], [4.08803382e-10, 7.044e-10, 2.458125200000005e-11], [6.5213382e-11, 7.044e-10, 2.93828748e-10], [0.0, 4.696e-10, 0.0], [0.0, 0.0, 0.0], [3.4359000000000005e-10, 0.0, 3.1841e-10], [3.4359000000000005e-10, 4.696e-10, 3.1841e-10], [5.544855420000001e-10, 5.2097424e-10, 2.0136248400000003e-10], [5.544855420000001e-10, 8.8782576e-10, 2.0136248400000003e-10], [2.1089554200000001e-10, 8.8782576e-10, 1.1704751599999999e-10], [4.762844580000001e-10, 4.1822576e-10, 5.19772484e-10], [1.32694458e-10, 5.137424e-11, 4.3545751599999995e-10], [4.762844580000001e-10, 5.137424e-11, 5.19772484e-10], [2.1089554200000001e-10, 5.2097424e-10, 1.1704751599999999e-10], [1.32694458e-10, 4.1822576e-10, 4.3545751599999995e-10], [6.66014856e-10, 7.044e-10, 5.5944637e-10], [3.2242485600000007e-10, 7.044e-10, 3.9578362999999994e-10], [3.6475514400000003e-10, 2.348e-10, 2.4103637e-10], [2.1165144000000004e-11, 2.3479999999999995e-10, 7.737362999999999e-11]], 'lattice_vectors': [[6.871800000000001e-10, 0.0, 0.0], [0.0, 9.392e-10, 0.0], [0.0, 0.0, 6.3682e-10]], 'periodic': [True, True, True]}",6.871800000000001,9.392,6.3682,90.0,90.0,90.0,411.0032815699202,0.048661411956628334,3.703730177795394
11,DyAlS3,"{'m_def': 'nomad.datamodel.metainfo.system.Atoms', 'atomic_numbers': [66, 66, 66, 66, 13, 13, 13, 13, 16, 16, 16, 16, 16, 16, 16, 16, 16, 16, 16, 16], 'species': [66, 66, 66, 66, 13, 13, 13, 13, 16, 16, 16, 16, 16, 16, 16, 16, 16, 16, 16, 16], 'labels': ['Dy', 'Dy', 'Dy', 'Dy', 'Al', 'Al', 'Al', 'Al', 'S', 'S', 'S', 'S', 'S', 'S', 'S', 'S', 'S', 'S', 'S', 'S'], 'positions': [[6.27338034e-10, 6.8247e-10, 3.3733595200000004e-10], [2.78468034e-10, 6.8247e-10, 6.021440480000001e-10], [4.19271966e-10, 2.2749000000000003e-10, 2.4175952000000016e-11], [7.0401966e-11, 2.2749000000000003e-10, 2.8898404800000003e-10], [0.0, 4.5498000000000007e-10, 0.0], [0.0, 0.0, 0.0], [3.4887e-10, 0.0, 3.1316000000000003e-10], [3.4887e-10, 4.5498000000000007e-10, 3.1316000000000003e-10], [5.66006688e-10, 5.614453200000008e-11, 2.02739784e-10], [5.66006688e-10, 3.988354680000001e-10, 2.02739784e-10], [2.1713668800000004e-10, 3.988354680000001e-10, 1.1042021599999994e-10], [4.80603312e-10, 8.53815468e-10, 5.158997840000001e-10], [1.31733312e-10, 5.11124532e-10, 4.2358021600000007e-10], [4.80603312e-10, 5.11124532e-10, 5.158997840000001e-10], [2.1713668800000004e-10, 5.614453200000008e-11, 1.1042021599999994e-10], [1.31733312e-10, 8.53815468e-10, 4.2358021600000007e-10], [6.73528422e-10, 2.2749000000000003e-10, 5.464642000000001e-10], [3.2465842200000003e-10, 2.274900000000001e-10, 3.930158e-10], [3.73081578e-10, 6.824700000000002e-10, 2.3330420000000006e-10], [2.4211578000000003e-11, 6.824699999999999e-10, 7.985580000000001e-11]], 'lattice_vectors': [[6.9774e-10, 0.0, 0.0], [0.0, 9.099600000000001e-10, 0.0], [0.0, 0.0, 6.263200000000001e-10]], 'periodic': [True, True, True]}",6.9774,9.0996,6.2632,90.0,90.0,90.0,397.66026994732846,0.050294187052302396,4.771681651596378
12,DyNbS3,"{'m_def': 'nomad.datamodel.metainfo.system.Atoms', 'atomic_numbers': [66, 66, 66, 66, 41, 41, 41, 41, 16, 16, 16, 16, 16, 16, 16, 16, 16, 16, 16, 16], 'species': [66, 66, 66, 66, 41, 41, 41, 41, 16, 16, 16, 16, 16, 16, 16, 16, 16, 16, 16, 16], 'labels': ['Dy', 'Dy', 'Dy', 'Dy', 'Nb', 'Nb', 'Nb', 'Nb', 'S', 'S', 'S', 'S', 'S', 'S', 'S', 'S', 'S', 'S', 'S', 'S'], 'positions': [[6.29251634e-10, 2.2977500000000002e-10, 2.87001052e-10], [2.7538163400000004e-10, 2.2977500000000002e-10, 2.5908947999999927e-11], [4.32358366e-10, 6.89325e-10, 5.999110520000001e-10], [7.848836600000002e-11, 6.89325e-10, 3.3881894800000006e-10], [0.0, 4.5955000000000003e-10, 0.0], [0.0, 0.0, 0.0], [3.5387e-10, 0.0, 3.1291e-10], [3.5387e-10, 4.5955000000000003e-10, 3.1291e-10], [5.74826428e-10, 5.180966700000001e-10, 4.2192784400000003e-10], [5.74826428e-10, 8.605533300000001e-10, 4.2192784400000003e-10], [2.20956428e-10, 8.605533300000001e-10, 5.16802156e-10], [4.86783572e-10, 4.010033300000001e-10, 1.0901784400000004e-10], [1.3291357200000003e-10, 5.854667000000001e-11, 2.03892156e-10], [4.86783572e-10, 5.854667000000001e-11, 1.0901784400000004e-10], [2.20956428e-10, 5.180966700000001e-10, 5.16802156e-10], [1.3291357200000003e-10, 4.010033300000001e-10, 2.03892156e-10], [6.7659944e-10, 6.89325e-10, 8.917934999999998e-11], [3.2272944e-10, 6.89325e-10, 2.2373064999999999e-10], [3.8501056e-10, 2.2977500000000002e-10, 4.0208935e-10], [3.114056e-11, 2.2977500000000002e-10, 5.366406500000001e-10]], 'lattice_vectors': [[7.0774e-10, 0.0, 0.0], [0.0, 9.191000000000001e-10, 0.0], [0.0, 0.0, 6.2582e-10]], 'periodic': [True, True, True]}",7.0774,9.191,6.2582,90.0,90.0,90.0,407.0857929938801,0.04912969291537195,5.7368529015205825
13,PrScS3,"{'m_def': 'nomad.datamodel.metainfo.system.Atoms', 'atomic_numbers': [59, 59, 59, 59, 21, 21, 21, 21, 16, 16, 16, 16, 16, 16, 16, 16, 16, 16, 16, 16], 'species': [59, 59, 59, 59, 21, 21, 21, 21, 16, 16, 16, 16, 16, 16, 16, 16, 16, 16, 16, 16], 'labels': ['Pr', 'Pr', 'Pr', 'Pr', 'Sc', 'Sc', 'Sc', 'Sc', 'S', 'S', 'S', 'S', 'S', 'S', 'S', 'S', 'S', 'S', 'S', 'S'], 'positions': [[6.54311034e-10, 7.1937e-10, 3.162985199999999e-11], [2.90441034e-10, 7.1937e-10, 2.9378014800000005e-10], [4.37298966e-10, 2.3979e-10, 3.57039852e-10], [7.342896600000001e-11, 2.3979e-10, 6.191901480000001e-10], [0.0, 4.7958e-10, 3.2541e-10], [0.0, 0.0, 3.2541e-10], [3.6387e-10, 0.0, 0.0], [3.6387e-10, 4.7958e-10, 0.0], [5.910704280000001e-10, 5.918017199999986e-11, 5.347787940000001e-10], [5.910704280000001e-10, 4.2039982800000015e-10, 5.347787940000001e-10], [2.2720042800000004e-10, 4.2039982800000015e-10, 4.414512060000001e-10], [5.00539572e-10, 8.99979828e-10, 2.09368794e-10], [1.3666957200000002e-10, 5.387601719999998e-10, 1.1604120600000002e-10], [5.00539572e-10, 5.387601719999998e-10, 2.09368794e-10], [2.2720042800000004e-10, 5.918017199999986e-11, 4.414512060000001e-10], [1.3666957200000002e-10, 8.99979828e-10, 1.1604120600000002e-10], [7.0081362e-10, 2.3979e-10, 2.4568455000000003e-10], [3.3694362e-10, 2.3979e-10, 7.972545000000004e-11], [3.9079638000000004e-10, 7.1937e-10, 5.7109455e-10], [2.6926380000000002e-11, 7.1937e-10, 4.0513545000000006e-10]], 'lattice_vectors': [[7.2774e-10, 0.0, 0.0], [0.0, 9.5916e-10, 0.0], [0.0, 0.0, 6.5082e-10]], 'periodic': [True, True, True]}",7.2774,9.5916,6.5082,90.0,90.0,90.0,454.2847896206879,0.04402524684284347,4.124014473964371
14,EuTiS3,"{'m_def': 'nomad.datamodel.metainfo.system.Atoms', 'atomic_numbers': [63, 63, 63, 63, 22, 22, 22, 22, 16, 16, 16, 16, 16, 16, 16, 16, 16, 16, 16, 16], 'species': [63, 63, 63, 63, 22, 22, 22, 22, 16, 16, 16, 16, 16, 16, 16, 16, 16, 16, 16, 16], 'labels': ['Eu', 'Eu', 'Eu', 'Eu', 'Ti', 'Ti', 'Ti', 'Ti', 'S', 'S', 'S', 'S', 'S', 'S', 'S', 'S', 'S', 'S', 'S', 'S'], 'positions': [[6.32222214e-10, 2.32475e-10, 6.16823852e-10], [2.8335221400000006e-10, 2.32475e-10, 3.38406148e-10], [4.14387786e-10, 6.97425e-10, 2.9841385200000003e-10], [6.551778599999999e-11, 6.97425e-10, 1.9996147999999998e-11], [0.0, 4.6495e-10, 3.1841e-10], [0.0, 0.0, 3.1841e-10], [3.4887e-10, 0.0, 0.0], [3.4887e-10, 4.6495e-10, 0.0], [5.62517988e-10, 5.102361299999999e-10, 1.1857588400000002e-10], [5.62517988e-10, 8.8461387e-10, 1.1857588400000002e-10], [2.1364798800000006e-10, 8.8461387e-10, 1.9983411600000005e-10], [4.84092012e-10, 4.1966386999999995e-10, 4.3698588400000004e-10], [1.3522201200000002e-10, 4.528613e-11, 5.18244116e-10], [4.84092012e-10, 4.528613e-11, 4.3698588400000004e-10], [2.1364798800000006e-10, 5.102361299999999e-10, 1.9983411600000005e-10], [1.3522201200000002e-10, 4.1966386999999995e-10, 5.18244116e-10], [6.8797164e-10, 6.97425e-10, 3.8368405e-10], [3.3910164e-10, 6.97425e-10, 5.7154595e-10], [3.5863836e-10, 2.32475e-10, 6.527404999999998e-11], [9.76836e-12, 2.32475e-10, 2.5313595e-10]], 'lattice_vectors': [[6.9774e-10, 0.0, 0.0], [0.0, 9.299e-10, 0.0], [0.0, 0.0, 6.3682e-10]], 'periodic': [True, True, True]}",6.9774,9.299,6.3682,90.0,90.0,90.0,413.18691824531993,0.04840424301169544,4.758744449157591
15,BaZrS3,"{'m_def': 'nomad.datamodel.metainfo.system.Atoms', 'atomic_numbers': [56, 56, 56, 56, 40, 40, 40, 40, 16, 16, 16, 16, 16, 16, 16, 16, 16, 16, 16, 16], 'species': [56, 56, 56, 56, 40, 40, 40, 40, 16, 16, 16, 16, 16, 16, 16, 16, 16, 16, 16, 16], 'labels': ['Ba', 'Ba', 'Ba', 'Ba', 'Zr', 'Zr', 'Zr', 'Zr', 'S', 'S', 'S', 'S', 'S', 'S', 'S', 'S', 'S', 'S', 'S', 'S'], 'positions': [[6.89643024e-10, 7.5678e-10, 3.587033e-10], [3.30753024e-10, 7.5678e-10, 7.035967e-10], [3.87026976e-10, 2.5226e-10, 4.6032999999999644e-12], [2.8136976000000005e-11, 2.5226e-10, 3.4949670000000007e-10], [0.0, 5.0452e-10, 0.0], [0.0, 0.0, 0.0], [3.5889000000000004e-10, 0.0, 3.541e-10], [3.5889000000000004e-10, 5.0452e-10, 3.541e-10], [5.587199520000001e-10, 3.5518208000000126e-11, 1.973045199999999e-10], [5.587199520000001e-10, 4.69001792e-10, 1.973045199999999e-10], [1.9982995200000005e-10, 4.69001792e-10, 1.5679548000000004e-10], [5.179500480000001e-10, 9.73521792e-10, 5.5140452e-10], [1.59060048e-10, 5.400382080000001e-10, 5.108954800000001e-10], [5.179500480000001e-10, 5.400382080000001e-10, 5.5140452e-10], [1.9982995200000005e-10, 3.5518208000000126e-11, 1.5679548000000004e-10], [1.59060048e-10, 9.73521792e-10, 5.108954800000001e-10], [7.093101960000001e-10, 2.5226e-10, 6.6202536e-10], [3.5042019600000005e-10, 2.5226000000000017e-10, 4.0027464000000005e-10], [3.6735980400000003e-10, 7.567800000000003e-10, 3.0792536e-10], [8.469804000000001e-12, 7.567799999999999e-10, 4.617464e-11]], 'lattice_vectors': [[7.177800000000001e-10, 0.0, 0.0], [0.0, 1.00904e-09, 0.0], [0.0, 0.0, 7.082e-10]], 'periodic': [True, True, True]}",7.1778,10.0904,7.082,90.0,90.0,90.0,512.9271154358402,0.03899189455602433,4.205302502031184
16,TbAlS3,"{'m_def': 'nomad.datamodel.metainfo.system.Atoms', 'atomic_numbers': [65, 65, 65, 65, 13, 13, 13, 13, 16, 16, 16, 16, 16, 16, 16, 16, 16, 16, 16, 16], 'species': [65, 65, 65, 65, 13, 13, 13, 13, 16, 16, 16, 16, 16, 16, 16, 16, 16, 16, 16, 16], 'labels': ['Tb', 'Tb', 'Tb', 'Tb', 'Al', 'Al', 'Al', 'Al', 'S', 'S', 'S', 'S', 'S', 'S', 'S', 'S', 'S', 'S', 'S', 'S'], 'positions': [[6.27373998e-10, 6.8247e-10, 3.37228232e-10], [2.78483998e-10, 6.8247e-10, 6.01951768e-10], [4.1929600200000005e-10, 2.2749000000000003e-10, 2.4168232000000016e-11], [7.0406002e-11, 2.2749000000000003e-10, 2.8889176799999996e-10], [0.0, 4.5498000000000007e-10, 0.0], [0.0, 0.0, 0.0], [3.4889e-10, 0.0, 3.1306e-10], [3.4889e-10, 4.5498000000000007e-10, 3.1306e-10], [5.66039136e-10, 5.505258000000001e-11, 2.02675044e-10], [5.66039136e-10, 3.9992742000000007e-10, 2.02675044e-10], [2.17149136e-10, 3.9992742000000007e-10, 1.1038495599999994e-10], [4.806308640000001e-10, 8.5490742e-10, 5.157350439999999e-10], [1.3174086400000004e-10, 5.100325800000001e-10, 4.23444956e-10], [4.806308640000001e-10, 5.100325800000001e-10, 5.157350439999999e-10], [2.17149136e-10, 5.505258000000001e-11, 1.1038495599999994e-10], [1.3174086400000004e-10, 8.5490742e-10, 4.23444956e-10], [6.735670340000001e-10, 2.2749000000000003e-10, 5.462897e-10], [3.24677034e-10, 2.274900000000001e-10, 3.9289029999999997e-10], [3.73102966e-10, 6.824700000000002e-10, 2.3322970000000004e-10], [2.421296600000001e-11, 6.824699999999999e-10, 7.98303e-11]], 'lattice_vectors': [[6.9778e-10, 0.0, 0.0], [0.0, 9.099600000000001e-10, 0.0], [0.0, 0.0, 6.2612e-10]], 'periodic': [True, True, True]}",6.9778,9.0996,6.2612,90.0,90.0,90.0,397.55607661545633,0.050307368385027564,4.713208877846193
17,EuScS3,"{'m_def': 'nomad.datamodel.metainfo.system.Atoms', 'atomic_numbers': [63, 63, 63, 63, 21, 21, 21, 21, 16, 16, 16, 16, 16, 16, 16, 16, 16, 16, 16, 16], 'species': [63, 63, 63, 63, 21, 21, 21, 21, 16, 16, 16, 16, 16, 16, 16, 16, 16, 16, 16, 16], 'labels': ['Eu', 'Eu', 'Eu', 'Eu', 'Sc', 'Sc', 'Sc', 'Sc', 'S', 'S', 'S', 'S', 'S', 'S', 'S', 'S', 'S', 'S', 'S', 'S'], 'positions': [[6.59405214e-10, 2.39775e-10, 6.304229960000001e-10], [2.9553521400000004e-10, 2.39775e-10, 3.45867004e-10], [4.32204786e-10, 7.193249999999999e-10, 3.0499299600000005e-10], [6.833478600000001e-11, 7.193249999999999e-10, 2.0437004000000005e-11], [0.0, 4.7955e-10, 3.2543000000000003e-10], [0.0, 0.0, 3.2543000000000003e-10], [3.6387e-10, 0.0, 0.0], [3.6387e-10, 4.7955e-10, 0.0], [5.87213406e-10, 5.4045285e-10, 1.2119013199999994e-10], [5.87213406e-10, 8.981971500000001e-10, 1.2119013199999994e-10], [2.2334340600000002e-10, 8.981971500000001e-10, 2.042398680000001e-10], [5.04396594e-10, 4.1864714999999997e-10, 4.46620132e-10], [1.4052659400000002e-10, 6.090285e-11, 5.29669868e-10], [5.04396594e-10, 6.090285e-11, 4.46620132e-10], [2.2334340600000002e-10, 5.4045285e-10, 2.042398680000001e-10], [1.4052659400000002e-10, 4.1864714999999997e-10, 5.29669868e-10], [7.02487422e-10, 7.193249999999999e-10, 4.0516035e-10], [3.38617422e-10, 7.193249999999999e-10, 5.711296500000001e-10], [3.8912257799999997e-10, 2.39775e-10, 7.973034999999997e-11], [2.5252578000000005e-11, 2.39775e-10, 2.456996500000001e-10]], 'lattice_vectors': [[7.2774e-10, 0.0, 0.0], [0.0, 9.591e-10, 0.0], [0.0, 0.0, 6.508600000000001e-10]], 'periodic': [True, True, True]}",7.2774,9.591,6.5086,90.0,90.0,90.0,454.2842909732399,0.04402529516737819,4.28567549202549
18,PrAlS3,"{'m_def': 'nomad.datamodel.metainfo.system.Atoms', 'atomic_numbers': [59, 59, 59, 59, 13, 13, 13, 13, 16, 16, 16, 16, 16, 16, 16, 16, 16, 16, 16, 16], 'species': [59, 59, 59, 59, 13, 13, 13, 13, 16, 16, 16, 16, 16, 16, 16, 16, 16, 16, 16, 16], 'labels': ['Pr', 'Pr', 'Pr', 'Pr', 'Al', 'Al', 'Al', 'Al', 'S', 'S', 'S', 'S', 'S', 'S', 'S', 'S', 'S', 'S', 'S', 'S'], 'positions': [[6.280717780000001e-10, 6.9372e-10, 2.458125199999998e-11], [2.7918177800000004e-10, 6.9372e-10, 2.9382874800000003e-10], [4.18598222e-10, 2.3124e-10, 3.42991252e-10], [6.9708222e-11, 2.3124e-10, 6.122387480000001e-10], [0.0, 4.6248e-10, 3.1841e-10], [0.0, 0.0, 3.1841e-10], [3.4889e-10, 0.0, 0.0], [3.4889e-10, 4.6248e-10, 0.0], [5.667369160000001e-10, 4.1160719999999986e-11, 5.16906794e-10], [5.667369160000001e-10, 4.2131928e-10, 5.16906794e-10], [2.1784691600000003e-10, 4.2131928e-10, 4.3832320600000005e-10], [4.79933084e-10, 8.837992799999999e-10, 1.9849679399999998e-10], [1.3104308400000002e-10, 5.036407199999999e-10, 1.19913206e-10], [4.79933084e-10, 5.036407199999999e-10, 1.9849679399999998e-10], [2.1784691600000003e-10, 4.1160719999999986e-11, 4.3832320600000005e-10], [1.3104308400000002e-10, 8.837992799999999e-10, 1.19913206e-10], [6.949888800000001e-10, 2.3124e-10, 2.6332506999999997e-10], [3.4609888e-10, 2.3124e-10, 5.5084930000000014e-11], [3.5168112000000005e-10, 6.9372e-10, 5.8173507e-10], [2.7911200000000003e-12, 6.9372e-10, 3.7349493000000006e-10]], 'lattice_vectors': [[6.9778e-10, 0.0, 0.0], [0.0, 9.2496e-10, 0.0], [0.0, 0.0, 6.3682e-10]], 'periodic': [True, True, True]}",6.9778,9.2496,6.3682,90.0,90.0,90.0,411.01546571961615,0.048659969436876296,4.267694519830899
19,GdZrSe3,"{'m_def': 'nomad.datamodel.metainfo.system.Atoms', 'atomic_numbers': [64, 64, 64, 64, 40, 40, 40, 40, 34, 34, 34, 34, 34, 34, 34, 34, 34, 34, 34, 34], 'species': [64, 64, 64, 64, 40, 40, 40, 40, 34, 34, 34, 34, 34, 34, 34, 34, 34, 34, 34, 34], 'labels': ['Gd', 'Gd', 'Gd', 'Gd', 'Zr', 'Zr', 'Zr', 'Zr', 'Se', 'Se', 'Se', 'Se', 'Se', 'Se', 'Se', 'Se', 'Se', 'Se', 'Se', 'Se'], 'positions': [[6.587941800000001e-10, 7.642800000000001e-10, 3.692193e-10], [2.8490418000000003e-10, 7.642800000000001e-10, 6.630807e-10], [4.6287582e-10, 2.5476e-10, 2.5119299999999983e-11], [8.898582e-11, 2.5476e-10, 3.1898070000000004e-10], [0.0, 5.0952e-10, 0.0], [0.0, 0.0, 0.0], [3.7389000000000004e-10, 0.0, 3.441e-10], [3.7389000000000004e-10, 5.0952e-10, 3.441e-10], [6.11983152e-10, 6.644140799999993e-11, 2.2476612e-10], [6.11983152e-10, 4.43078592e-10, 2.2476612e-10], [2.3809315200000006e-10, 4.43078592e-10, 1.1933388e-10], [5.096868480000001e-10, 9.52598592e-10, 5.6886612e-10], [1.35796848e-10, 5.75961408e-10, 4.6343388000000004e-10], [5.096868480000001e-10, 5.75961408e-10, 5.6886612e-10], [2.3809315200000006e-10, 6.644140799999993e-11, 1.1933388e-10], [1.35796848e-10, 9.52598592e-10, 4.6343388000000004e-10], [7.120361160000001e-10, 2.5476e-10, 5.882733600000001e-10], [3.38146116e-10, 2.5476e-10, 4.4402664e-10], [4.0963388399999995e-10, 7.642800000000001e-10, 2.4417336e-10], [3.5743884000000004e-11, 7.642800000000001e-10, 9.992664e-11]], 'lattice_vectors': [[7.477800000000001e-10, 0.0, 0.0], [0.0, 1.01904e-09, 0.0], [0.0, 0.0, 6.882e-10]], 'periodic': [True, True, True]}",7.477800000000002,10.1904,6.882,90.0,90.0,90.0,524.4206026118401,0.03813732698599446,6.147350239427085
20,SrTiS3,"{'m_def': 'nomad.datamodel.metainfo.system.Atoms', 'atomic_numbers': [38, 38, 38, 38, 22, 22, 22, 22, 16, 16, 16, 16, 16, 16, 16, 16, 16, 16, 16, 16], 'species': [38, 38, 38, 38, 22, 22, 22, 22, 16, 16, 16, 16, 16, 16, 16, 16, 16, 16, 16, 16], 'labels': ['Sr', 'Sr', 'Sr', 'Sr', 'Ti', 'Ti', 'Ti', 'Ti', 'S', 'S', 'S', 'S', 'S', 'S', 'S', 'S', 'S', 'S', 'S', 'S'], 'positions': [[6.453307380000001e-10, 2.3741500000000005e-10, 3.44088534e-10], [3.0174073800000003e-10, 2.3741500000000005e-10, 6.321414660000001e-10], [3.85439262e-10, 7.122450000000001e-10, 1.8678534000000004e-11], [4.1849262000000003e-11, 7.122450000000001e-10, 3.0673146600000004e-10], [0.0, 4.748300000000001e-10, 0.0], [0.0, 0.0, 0.0], [3.4359000000000005e-10, 0.0, 3.2541e-10], [3.4359000000000005e-10, 4.748300000000001e-10, 3.2541e-10], [5.478198960000001e-10, 5.1614021e-10, 1.95050754e-10], [5.478198960000001e-10, 9.083497900000002e-10, 1.95050754e-10], [2.0422989600000002e-10, 9.083497900000002e-10, 1.3035924599999997e-10], [4.829501040000001e-10, 4.3351979000000007e-10, 5.204607540000001e-10], [1.39360104e-10, 4.131021e-11, 4.55769246e-10], [4.829501040000001e-10, 4.131021e-11, 5.204607540000001e-10], [2.0422989600000002e-10, 5.1614021e-10, 1.3035924599999997e-10], [1.39360104e-10, 4.3351979000000007e-10, 4.55769246e-10], [6.70137936e-10, 7.122450000000001e-10, 5.8736505e-10], [3.26547936e-10, 7.122450000000001e-10, 3.8886495000000007e-10], [3.6063206400000003e-10, 2.3741500000000005e-10, 2.6195505e-10], [1.7042064000000006e-11, 2.3741500000000005e-10, 6.345495000000001e-11]], 'lattice_vectors': [[6.871800000000001e-10, 0.0, 0.0], [0.0, 9.496600000000002e-10, 0.0], [0.0, 0.0, 6.5082e-10]], 'periodic': [True, True, True]}",6.871800000000001,9.496600000000003,6.5082,90.0,90.0,90.0,424.71690485421624,0.04709019059852348,3.6232794896410097
21,ZrCdS3,"{'m_def': 'nomad.datamodel.metainfo.system.Atoms', 'atomic_numbers': [40, 40, 40, 40, 48, 48, 48, 48, 16, 16, 16, 16, 16, 16, 16, 16, 16, 16, 16, 16], 'species': [40, 40, 40, 40, 48, 48, 48, 48, 16, 16, 16, 16, 16, 16, 16, 16, 16, 16, 16, 16], 'labels': ['Zr', 'Zr', 'Zr', 'Zr', 'Cd', 'Cd', 'Cd', 'Cd', 'S', 'S', 'S', 'S', 'S', 'S', 'S', 'S', 'S', 'S', 'S', 'S'], 'positions': [[7.220706780000001e-10, 2.4749e-10, 6.499739340000001e-10], [3.2318067800000006e-10, 2.4749e-10, 3.26256066e-10], [4.745993220000001e-10, 7.4247e-10, 3.24563934e-10], [7.5709322e-11, 7.4247e-10, 8.460660000000001e-13], [7.20874008e-10, 2.4749e-10, 2.9872638e-10], [3.21984008e-10, 2.4749e-10, 2.6683619999999952e-11], [4.757959920000001e-10, 7.4247e-10, 6.241363800000001e-10], [7.6905992e-11, 7.4247e-10, 3.5209362000000007e-10], [7.149704360000001e-10, 7.7909852e-11, 4.88895984e-10], [7.149704360000001e-10, 4.17070148e-10, 4.88895984e-10], [3.1608043600000003e-10, 4.17070148e-10, 4.873340160000001e-10], [4.81699564e-10, 9.12050148e-10, 1.63485984e-10], [8.280956399999999e-11, 5.72889852e-10, 1.61924016e-10], [4.81699564e-10, 5.72889852e-10, 1.63485984e-10], [3.1608043600000003e-10, 7.7909852e-11, 4.873340160000001e-10], [8.280956399999999e-11, 9.12050148e-10, 1.61924016e-10], [6.90319034e-10, 7.4247e-10, 4.890912300000001e-10], [2.91429034e-10, 7.4247e-10, 4.871387699999999e-10], [5.06350966e-10, 2.4749e-10, 1.6368123000000002e-10], [1.07460966e-10, 2.4749e-10, 1.6172877000000002e-10]], 'lattice_vectors': [[7.9778e-10, 0.0, 0.0], [0.0, 9.8996e-10, 0.0], [0.0, 0.0, 6.5082e-10]], 'periodic': [True, True, True]}",7.9778,9.8996,6.5082,90.0,90.0,90.0,513.9982993568162,0.03891063457802621,3.8745609054138668
22,BaUS3,"{'m_def': 'nomad.datamodel.metainfo.system.Atoms', 'atomic_numbers': [56, 56, 56, 56, 92, 92, 92, 92, 16, 16, 16, 16, 16, 16, 16, 16, 16, 16, 16, 16], 'species': [56, 56, 56, 56, 92, 92, 92, 92, 16, 16, 16, 16, 16, 16, 16, 16, 16, 16, 16, 16], 'labels': ['Ba', 'Ba', 'Ba', 'Ba', 'U', 'U', 'U', 'U', 'S', 'S', 'S', 'S', 'S', 'S', 'S', 'S', 'S', 'S', 'S', 'S'], 'positions': [[7.11863028e-10, 2.6116e-10, 3.7177859999999995e-10], [3.33293028e-10, 2.6116e-10, 7.100214e-10], [4.2384697199999997e-10, 7.834800000000001e-10, 1.117859999999997e-11], [4.5276972e-11, 7.834800000000001e-10, 3.4942140000000005e-10], [0.0, 5.2232e-10, 0.0], [0.0, 0.0, 0.0], [3.7857e-10, 0.0, 3.606e-10], [3.7857e-10, 5.2232e-10, 3.606e-10], [5.96929176e-10, 5.695377280000001e-10, 2.1059039999999994e-10], [5.96929176e-10, 9.974222720000001e-10, 2.1059039999999994e-10], [2.1835917599999997e-10, 9.974222720000001e-10, 1.5000960000000014e-10], [5.38780824e-10, 4.75102272e-10, 5.711904e-10], [1.60210824e-10, 4.7217728e-11, 5.106096e-10], [5.38780824e-10, 4.7217728e-11, 5.711904e-10], [2.1835917599999997e-10, 5.695377280000001e-10, 1.5000960000000014e-10], [1.60210824e-10, 4.75102272e-10, 5.106096e-10], [7.40634348e-10, 7.834800000000001e-10, 6.5975376e-10], [3.62064348e-10, 7.834800000000001e-10, 4.2204624e-10], [3.9507565200000004e-10, 2.6116e-10, 2.9915376e-10], [1.6505652e-11, 2.6116e-10, 6.144623999999999e-11]], 'lattice_vectors': [[7.5714e-10, 0.0, 0.0], [0.0, 1.04464e-09, 0.0], [0.0, 0.0, 7.212e-10]], 'periodic': [True, True, True]}",7.571400000000001,10.4464,7.212,90.0,90.0,90.0,570.42501178752,0.03506157616989256,5.4908441450421686
23,GdZrS3,"{'m_def': 'nomad.datamodel.metainfo.system.Atoms', 'atomic_numbers': [64, 64, 64, 64, 40, 40, 40, 40, 16, 16, 16, 16, 16, 16, 16, 16, 16, 16, 16, 16], 'species': [64, 64, 64, 64, 40, 40, 40, 40, 16, 16, 16, 16, 16, 16, 16, 16, 16, 16, 16, 16], 'labels': ['Gd', 'Gd', 'Gd', 'Gd', 'Zr', 'Zr', 'Zr', 'Zr', 'S', 'S', 'S', 'S', 'S', 'S', 'S', 'S', 'S', 'S', 'S', 'S'], 'positions': [[6.426649980000001e-10, 2.3741500000000005e-10, 3.49359452e-10], [2.8407499800000004e-10, 2.3741500000000005e-10, 6.058705480000001e-10], [4.33105002e-10, 7.122450000000001e-10, 3.094945200000002e-11], [7.451500200000001e-11, 7.122450000000001e-10, 2.87460548e-10], [0.0, 4.748300000000001e-10, 0.0], [0.0, 0.0, 0.0], [3.5859e-10, 0.0, 3.1841e-10], [3.5859e-10, 4.748300000000001e-10, 3.1841e-10], [5.839279560000001e-10, 5.40071642e-10, 2.0804909399999998e-10], [5.839279560000001e-10, 8.844183580000002e-10, 2.0804909399999998e-10], [2.2533795600000006e-10, 8.844183580000002e-10, 1.1036090600000001e-10], [4.91842044e-10, 4.095883580000001e-10, 5.26459094e-10], [1.3325204399999997e-10, 6.5241642e-11, 4.28770906e-10], [4.91842044e-10, 6.5241642e-11, 5.26459094e-10], [2.2533795600000006e-10, 5.40071642e-10, 1.1036090600000001e-10], [1.3325204399999997e-10, 4.095883580000001e-10, 4.28770906e-10], [6.778785360000001e-10, 7.122450000000001e-10, 5.428890500000001e-10], [3.19288536e-10, 7.122450000000001e-10, 4.1234094999999994e-10], [3.97891464e-10, 2.3741500000000005e-10, 2.2447905000000002e-10], [3.9301464e-11, 2.3741500000000005e-10, 9.393095e-11]], 'lattice_vectors': [[7.1718e-10, 0.0, 0.0], [0.0, 9.496600000000002e-10, 0.0], [0.0, 0.0, 6.3682e-10]], 'periodic': [True, True, True]}",7.1718,9.496600000000003,6.3682,90.0,90.0,90.0,433.7235562670162,0.04611232134158576,5.278351448296584
24,GdNbS3,"{'m_def': 'nomad.datamodel.metainfo.system.Atoms', 'atomic_numbers': [64, 64, 64, 64, 41, 41, 41, 41, 16, 16, 16, 16, 16, 16, 16, 16, 16, 16, 16, 16], 'species': [64, 64, 64, 64, 41, 41, 41, 41, 16, 16, 16, 16, 16, 16, 16, 16, 16, 16, 16, 16], 'labels': ['Gd', 'Gd', 'Gd', 'Gd', 'Nb', 'Nb', 'Nb', 'Nb', 'S', 'S', 'S', 'S', 'S', 'S', 'S', 'S', 'S', 'S', 'S', 'S'], 'positions': [[6.29251634e-10, 6.9147e-10, 3.47627952e-10], [2.7538163400000004e-10, 6.9147e-10, 5.85852048e-10], [4.32358366e-10, 2.3049e-10, 3.6467952000000024e-11], [7.848836600000002e-11, 2.3049e-10, 2.74692048e-10], [0.0, 4.6098e-10, 0.0], [0.0, 0.0, 0.0], [3.5387e-10, 0.0, 3.1116000000000004e-10], [3.5387e-10, 4.6098e-10, 3.1116000000000004e-10], [5.74826428e-10, 5.6884932000000076e-11, 2.06423544e-10], [5.74826428e-10, 4.04095068e-10, 2.06423544e-10], [2.20956428e-10, 4.04095068e-10, 1.0473645599999995e-10], [4.86783572e-10, 8.65075068e-10, 5.17583544e-10], [1.3291357200000003e-10, 5.17864932e-10, 4.1589645600000005e-10], [4.86783572e-10, 5.17864932e-10, 5.17583544e-10], [2.20956428e-10, 5.6884932000000076e-11, 1.0473645599999995e-10], [1.3291357200000003e-10, 8.65075068e-10, 4.1589645600000005e-10], [6.8155362e-10, 2.3049e-10, 5.311501200000001e-10], [3.2768362e-10, 2.3049e-10, 4.0232988000000003e-10], [3.8005638000000003e-10, 6.9147e-10, 2.1999012000000003e-10], [2.618638e-11, 6.9147e-10, 9.116988e-11]], 'lattice_vectors': [[7.0774e-10, 0.0, 0.0], [0.0, 9.2196e-10, 0.0], [0.0, 0.0, 6.223200000000001e-10]], 'periodic': [True, True, True]}",7.0774,9.2196,6.223200000000002,90.0,90.0,90.0,406.06876013932816,0.04925274230191386,5.665345916952798
25,CaHfSe3,"{'m_def': 'nomad.datamodel.metainfo.system.Atoms', 'atomic_numbers': [20, 20, 20, 20, 72, 72, 72, 72, 34, 34, 34, 34, 34, 34, 34, 34, 34, 34, 34, 34], 'species': [20, 20, 20, 20, 72, 72, 72, 72, 34, 34, 34, 34, 34, 34, 34, 34, 34, 34, 34, 34], 'labels': ['Ca', 'Ca', 'Ca', 'Ca', 'Hf', 'Hf', 'Hf', 'Hf', 'Se', 'Se', 'Se', 'Se', 'Se', 'Se', 'Se', 'Se', 'Se', 'Se', 'Se', 'Se'], 'positions': [[6.825721920000001e-10, 7.5303e-10, 3.6746010000000007e-10], [3.0370219200000007e-10, 7.5303e-10, 6.618398999999999e-10], [4.54037808e-10, 2.5101e-10, 2.4360100000000023e-11], [7.5167808e-11, 2.5101e-10, 3.187399e-10], [0.0, 5.0202e-10, 0.0], [0.0, 0.0, 0.0], [3.7887e-10, 0.0, 3.4310000000000004e-10], [3.7887e-10, 5.0202e-10, 3.4310000000000004e-10], [6.12557016e-10, 5.542300800000014e-11, 2.1752540000000003e-10], [6.12557016e-10, 4.46596992e-10, 2.1752540000000003e-10], [2.3368701600000003e-10, 4.46596992e-10, 1.255745999999999e-10], [5.24052984e-10, 9.48616992e-10, 5.606254000000001e-10], [1.4518298399999997e-10, 5.57443008e-10, 4.686745999999999e-10], [5.24052984e-10, 5.57443008e-10, 5.606254000000001e-10], [2.3368701600000003e-10, 5.542300800000014e-11, 1.255745999999999e-10], [1.4518298399999997e-10, 9.48616992e-10, 4.686745999999999e-10], [7.36068636e-10, 2.5101e-10, 6.002877600000001e-10], [3.57198636e-10, 2.510099999999999e-10, 4.2901223999999995e-10], [4.00541364e-10, 7.530299999999999e-10, 2.5718776e-10], [2.1671364000000003e-11, 7.530300000000001e-10, 8.591224e-11]], 'lattice_vectors': [[7.5774e-10, 0.0, 0.0], [0.0, 1.00404e-09, 0.0], [0.0, 0.0, 6.862000000000001e-10]], 'periodic': [True, True, True]}",7.5774,10.0404,6.862000000000002,90.0,90.0,90.0,522.0618311995204,0.038309638446554904,5.794633146221635
26,BaUSe3,"{'m_def': 'nomad.datamodel.metainfo.system.Atoms', 'atomic_numbers': [56, 56, 56, 56, 92, 92, 92, 92, 34, 34, 34, 34, 34, 34, 34, 34, 34, 34, 34, 34], 'species': [56, 56, 56, 56, 92, 92, 92, 92, 34, 34, 34, 34, 34, 34, 34, 34, 34, 34, 34, 34], 'labels': ['Ba', 'Ba', 'Ba', 'Ba', 'U', 'U', 'U', 'U', 'Se', 'Se', 'Se', 'Se', 'Se', 'Se', 'Se', 'Se', 'Se', 'Se', 'Se', 'Se'], 'positions': [[7.24915156e-10, 8.235299999999999e-10, 3.790168750000001e-10], [3.31025156e-10, 8.235299999999999e-10, 7.02858125e-10], [4.56754844e-10, 2.7451e-10, 1.839187500000002e-11], [6.286484400000001e-11, 2.7450999999999997e-10, 3.4223312500000003e-10], [0.0, 5.4902e-10, 0.0], [0.0, 0.0, 0.0], [3.9389e-10, 0.0, 3.6062500000000003e-10], [3.9389e-10, 5.4902e-10, 3.6062500000000003e-10], [6.310905580000001e-10, 5.512160800000002e-11, 2.2142375000000003e-10], [6.310905580000001e-10, 4.93898392e-10, 2.2142375000000003e-10], [2.3720055800000004e-10, 4.93898392e-10, 1.3920125000000006e-10], [5.50579442e-10, 1.0429183920000001e-09, 5.820487500000001e-10], [1.56689442e-10, 6.041416080000001e-10, 4.998262500000001e-10], [5.50579442e-10, 6.041416080000001e-10, 5.820487500000001e-10], [2.3720055800000004e-10, 5.512160800000002e-11, 1.3920125000000006e-10], [1.56689442e-10, 1.0429183920000001e-09, 4.998262500000001e-10], [7.580806940000001e-10, 2.7451e-10, 6.38234125e-10], [3.6419069399999996e-10, 2.745100000000001e-10, 4.43640875e-10], [4.23589306e-10, 8.2353e-10, 2.7760912500000007e-10], [2.9699306e-11, 8.235299999999999e-10, 8.301587499999999e-11]], 'lattice_vectors': [[7.8778e-10, 0.0, 0.0], [0.0, 1.09804e-09, 0.0], [0.0, 0.0, 7.212500000000001e-10]], 'periodic': [True, True, True]}",7.877800000000001,10.980400000000001,7.2125,90.0,90.0,90.0,623.8913123029997,0.03205686568414144,6.518068951452527
27,CeScSe3,"{'m_def': 'nomad.datamodel.metainfo.system.Atoms', 'atomic_numbers': [58, 58, 58, 58, 21, 21, 21, 21, 34, 34, 34, 34, 34, 34, 34, 34, 34, 34, 34, 34], 'species': [58, 58, 58, 58, 21, 21, 21, 21, 34, 34, 34, 34, 34, 34, 34, 34, 34, 34, 34, 34], 'labels': ['Ce', 'Ce', 'Ce', 'Ce', 'Sc', 'Sc', 'Sc', 'Sc', 'Se', 'Se', 'Se', 'Se', 'Se', 'Se', 'Se', 'Se', 'Se', 'Se', 'Se', 'Se'], 'positions': [[6.749947920000001e-10, 7.575300000000001e-10, 6.369538199999999e-10], [2.96124792e-10, 7.575300000000001e-10, 3.6234618000000004e-10], [4.6161520800000003e-10, 2.5251000000000004e-10, 3.0385382e-10], [8.274520800000001e-11, 2.5251000000000004e-10, 2.9246179999999994e-11], [0.0, 5.050200000000001e-10, 3.331e-10], [0.0, 0.0, 3.331e-10], [3.7887e-10, 0.0, 0.0], [3.7887e-10, 5.050200000000001e-10, 3.6981528950263966e-26], [6.2021019e-10, 5.827930800000008e-11, 1.2124840000000003e-10], [6.2021019e-10, 4.46740692e-10, 1.2124840000000003e-10], [2.4134019000000004e-10, 4.46740692e-10, 2.1185160000000007e-10], [5.1639981e-10, 9.51760692e-10, 4.5434840000000005e-10], [1.3752981e-10, 5.63299308e-10, 5.449516000000001e-10], [5.1639981e-10, 5.63299308e-10, 4.5434840000000005e-10], [2.4134019000000004e-10, 5.827930800000008e-11, 2.1185160000000007e-10], [1.3752981e-10, 9.51760692e-10, 5.449516000000001e-10], [7.292489760000001e-10, 2.5251000000000004e-10, 4.1624176000000004e-10], [3.50378976e-10, 2.5251000000000004e-10, 5.8305824e-10], [4.07361024e-10, 7.575300000000001e-10, 8.314176000000002e-11], [2.8491024e-11, 7.575300000000001e-10, 2.4995824e-10]], 'lattice_vectors': [[7.5774e-10, 0.0, 0.0], [0.0, 1.0100400000000002e-09, 0.0], [0.0, 0.0, 6.662e-10]], 'periodic': [True, True, True]}",7.5774,10.100400000000002,6.662,90.0,90.0,90.0,509.87464413552027,0.03922532769580942,5.496783518383881
28,CaVS3,"{'m_def': 'nomad.datamodel.metainfo.system.Atoms', 'atomic_numbers': [20, 20, 20, 20, 23, 23, 23, 23, 16, 16, 16, 16, 16, 16, 16, 16, 16, 16, 16, 16], 'species': [20, 20, 20, 20, 23, 23, 23, 23, 16, 16, 16, 16, 16, 16, 16, 16, 16, 16, 16, 16], 'labels': ['Ca', 'Ca', 'Ca', 'Ca', 'V', 'V', 'V', 'V', 'S', 'S', 'S', 'S', 'S', 'S', 'S', 'S', 'S', 'S', 'S', 'S'], 'positions': [[6.32258458e-10, 2.2749000000000003e-10, 3.4299125200000005e-10], [2.8336845800000005e-10, 2.274900000000001e-10, 6.12238748e-10], [4.1441154200000004e-10, 6.824700000000002e-10, 2.458125200000005e-11], [6.552154200000001e-11, 6.824699999999999e-10, 2.93828748e-10], [0.0, 4.5498000000000007e-10, 0.0], [0.0, 0.0, 0.0], [3.4889e-10, 0.0, 3.1841e-10], [3.4889e-10, 4.5498000000000007e-10, 3.1841e-10], [5.630386820000001e-10, 4.99295052e-10, 2.0136248400000003e-10], [5.630386820000001e-10, 8.656449480000002e-10, 2.0136248400000003e-10], [2.14148682e-10, 8.656449480000002e-10, 1.1704751599999999e-10], [4.83631318e-10, 4.10664948e-10, 5.19772484e-10], [1.3474131800000002e-10, 4.431505200000001e-11, 4.3545751599999995e-10], [4.83631318e-10, 4.431505200000001e-11, 5.19772484e-10], [2.14148682e-10, 4.99295052e-10, 1.1704751599999999e-10], [1.3474131800000002e-10, 4.10664948e-10, 4.3545751599999995e-10], [6.87452856e-10, 6.8247e-10, 5.683618500000001e-10], [3.38562856e-10, 6.8247e-10, 3.8686814999999996e-10], [3.5921714400000003e-10, 2.2749000000000003e-10, 2.4995185e-10], [1.0327144000000002e-11, 2.2749000000000003e-10, 6.845814999999998e-11]], 'lattice_vectors': [[6.9778e-10, 0.0, 0.0], [0.0, 9.099600000000001e-10, 0.0], [0.0, 0.0, 6.3682e-10]], 'periodic': [True, True, True]}",6.9778,9.0996,6.3682,90.0,90.0,90.0,404.35006182561625,0.049462092103315626,3.075325277456195
29,DyZrS3,"{'m_def': 'nomad.datamodel.metainfo.system.Atoms', 'atomic_numbers': [66, 66, 66, 66, 40, 40, 40, 40, 16, 16, 16, 16, 16, 16, 16, 16, 16, 16, 16, 16], 'species': [66, 66, 66, 66, 40, 40, 40, 40, 16, 16, 16, 16, 16, 16, 16, 16, 16, 16, 16, 16], 'labels': ['Dy', 'Dy', 'Dy', 'Dy', 'Zr', 'Zr', 'Zr', 'Zr', 'S', 'S', 'S', 'S', 'S', 'S', 'S', 'S', 'S', 'S', 'S', 'S'], 'positions': [[6.426649980000001e-10, 2.3741500000000005e-10, 6.10519334e-10], [2.8407499800000004e-10, 2.3741500000000005e-10, 3.44710666e-10], [4.33105002e-10, 7.122450000000001e-10, 2.9210933400000003e-10], [7.451500200000001e-11, 7.122450000000001e-10, 2.6300665999999996e-11], [0.0, 4.748300000000001e-10, 3.1841e-10], [0.0, 0.0, 3.1841e-10], [3.5859e-10, 0.0, 0.0], [3.5859e-10, 4.748300000000001e-10, 0.0], [5.839279560000001e-10, 5.429206220000001e-10, 1.109340440000001e-10], [5.839279560000001e-10, 8.81569378e-10, 1.109340440000001e-10], [2.2533795600000006e-10, 8.81569378e-10, 2.074759559999999e-10], [4.91842044e-10, 4.067393780000001e-10, 4.2934404400000007e-10], [1.3325204399999997e-10, 6.8090622e-11, 5.258859559999999e-10], [4.91842044e-10, 6.8090622e-11, 4.2934404400000007e-10], [2.2533795600000006e-10, 5.429206220000001e-10, 2.074759559999999e-10], [1.3325204399999997e-10, 4.067393780000001e-10, 5.258859559999999e-10], [6.778785360000001e-10, 7.122450000000001e-10, 4.1488823e-10], [3.19288536e-10, 7.122450000000001e-10, 5.4034177e-10], [3.97891464e-10, 2.3741500000000005e-10, 9.647823000000001e-11], [3.9301464e-11, 2.3741500000000005e-10, 2.2193177e-10]], 'lattice_vectors': [[7.1718e-10, 0.0, 0.0], [0.0, 9.496600000000002e-10, 0.0], [0.0, 0.0, 6.3682e-10]], 'periodic': [True, True, True]}",7.1718,9.496600000000003,6.3682,90.0,90.0,90.0,433.7235562670162,0.04611232134158576,5.358751325000195
30,SmZrS3,"{'m_def': 'nomad.datamodel.metainfo.system.Atoms', 'atomic_numbers': [62, 62, 62, 62, 40, 40, 40, 40, 16, 16, 16, 16, 16, 16, 16, 16, 16, 16, 16, 16], 'species': [62, 62, 62, 62, 40, 40, 40, 40, 16, 16, 16, 16, 16, 16, 16, 16, 16, 16, 16, 16], 'labels': ['Sm', 'Sm', 'Sm', 'Sm', 'Zr', 'Zr', 'Zr', 'Zr', 'S', 'S', 'S', 'S', 'S', 'S', 'S', 'S', 'S', 'S', 'S', 'S'], 'positions': [[6.49980318e-10, 7.122450000000001e-10, 6.199145939999999e-10], [2.8609031800000003e-10, 7.122450000000001e-10, 3.50015406e-10], [4.41689682e-10, 2.3741500000000005e-10, 2.96604594e-10], [7.779968199999999e-11, 2.3741500000000005e-10, 2.6705406000000005e-11], [0.0, 4.748300000000001e-10, 3.2331e-10], [0.0, 0.0, 3.2331e-10], [3.6389e-10, 0.0, 0.0], [3.6389e-10, 4.748300000000001e-10, 0.0], [5.92558476e-10, 6.524164199999999e-11, 1.1296451400000005e-10], [5.92558476e-10, 4.095883580000001e-10, 1.1296451400000005e-10], [2.28668476e-10, 4.095883580000001e-10, 2.1034548599999994e-10], [4.991115240000001e-10, 8.844183580000002e-10, 4.3627451400000004e-10], [1.3522152400000003e-10, 5.40071642e-10, 5.33655486e-10], [4.991115240000001e-10, 5.40071642e-10, 4.3627451400000004e-10], [2.28668476e-10, 6.524164199999999e-11, 2.1034548599999994e-10], [1.3522152400000003e-10, 8.844183580000002e-10, 5.33655486e-10], [6.93064894e-10, 2.3741500000000005e-10, 4.1609997000000006e-10], [3.29174894e-10, 2.3741500000000005e-10, 5.5383003e-10], [3.98605106e-10, 7.122450000000001e-10, 9.278997000000004e-11], [3.471510600000001e-11, 7.122450000000001e-10, 2.3052002999999997e-10]], 'lattice_vectors': [[7.2778e-10, 0.0, 0.0], [0.0, 9.496600000000002e-10, 0.0], [0.0, 0.0, 6.4662e-10]], 'periodic': [True, True, True]}",7.2778,9.496600000000003,6.4662,90.0,90.0,90.0,446.9072454047764,0.044752015559482466,5.020238377676872
31,LaScS3,"{'m_def': 'nomad.datamodel.metainfo.system.Atoms', 'atomic_numbers': [57, 57, 57, 57, 21, 21, 21, 21, 16, 16, 16, 16, 16, 16, 16, 16, 16, 16, 16, 16], 'species': [57, 57, 57, 57, 21, 21, 21, 21, 16, 16, 16, 16, 16, 16, 16, 16, 16, 16, 16, 16], 'labels': ['La', 'La', 'La', 'La', 'Sc', 'Sc', 'Sc', 'Sc', 'S', 'S', 'S', 'S', 'S', 'S', 'S', 'S', 'S', 'S', 'S', 'S'], 'positions': [[6.58713678e-10, 7.193249999999999e-10, 6.38286038e-10], [2.9482367800000004e-10, 7.193249999999999e-10, 3.52943962e-10], [4.32956322e-10, 2.39775e-10, 3.07876038e-10], [6.906632200000001e-11, 2.39775e-10, 2.2533962e-11], [0.0, 4.7955e-10, 3.3041e-10], [0.0, 0.0, 3.3041e-10], [3.6389e-10, 0.0, 0.0], [3.6389e-10, 4.7955e-10, 3.66828789566398e-26], [5.90375136e-10, 5.917647000000008e-11, 1.1974058400000004e-10], [5.90375136e-10, 4.2037353000000003e-10, 1.1974058400000004e-10], [2.26485136e-10, 4.2037353000000003e-10, 2.10669416e-10], [5.01294864e-10, 8.999235299999999e-10, 4.50150584e-10], [1.3740486400000003e-10, 5.3872647e-10, 5.41079416e-10], [5.01294864e-10, 5.3872647e-10, 4.50150584e-10], [2.26485136e-10, 5.917647000000008e-11, 2.10669416e-10], [1.3740486400000003e-10, 8.999235299999999e-10, 5.41079416e-10], [7.02526034e-10, 2.39775e-10, 4.1136045e-10], [3.38636034e-10, 2.39775e-10, 5.7986955e-10], [3.89143966e-10, 7.193249999999999e-10, 8.095045000000004e-11], [2.5253966000000002e-11, 7.193249999999999e-10, 2.4945954999999994e-10]], 'lattice_vectors': [[7.2778e-10, 0.0, 0.0], [0.0, 9.591e-10, 0.0], [0.0, 0.0, 6.6082e-10]], 'periodic': [True, True, True]}",7.2778,9.591,6.6082,90.0,90.0,90.0,461.26147799436,0.043359354626714676,4.032806431904726
32,EuZrS3,"{'m_def': 'nomad.datamodel.metainfo.system.Atoms', 'atomic_numbers': [63, 63, 63, 63, 40, 40, 40, 40, 16, 16, 16, 16, 16, 16, 16, 16, 16, 16, 16, 16], 'species': [63, 63, 63, 63, 40, 40, 40, 40, 16, 16, 16, 16, 16, 16, 16, 16, 16, 16, 16, 16], 'labels': ['Eu', 'Eu', 'Eu', 'Eu', 'Zr', 'Zr', 'Zr', 'Zr', 'S', 'S', 'S', 'S', 'S', 'S', 'S', 'S', 'S', 'S', 'S', 'S'], 'positions': [[6.49800554e-10, 7.1997e-10, 3.53828934e-10], [2.9123055400000003e-10, 7.1997e-10, 6.31401066e-10], [4.2590944600000003e-10, 2.3999e-10, 2.541893400000001e-11], [6.7339446e-11, 2.3999e-10, 3.0299106600000004e-10], [0.0, 4.7998e-10, 0.0], [0.0, 0.0, 0.0], [3.5857000000000003e-10, 0.0, 3.2841e-10], [3.5857000000000003e-10, 4.7998e-10, 3.2841e-10], [5.78660266e-10, 5.922953200000009e-11, 2.0768648400000005e-10], [5.78660266e-10, 4.2075046800000006e-10, 2.0768648400000005e-10], [2.2009026600000002e-10, 4.2075046800000006e-10, 1.2072351599999999e-10], [4.970497340000001e-10, 9.007304680000001e-10, 5.360964840000001e-10], [1.38479734e-10, 5.39209532e-10, 4.49133516e-10], [4.970497340000001e-10, 5.39209532e-10, 5.360964840000001e-10], [2.2009026600000002e-10, 5.922953200000009e-11, 1.2072351599999999e-10], [1.38479734e-10, 9.007304680000001e-10, 4.49133516e-10], [6.922552420000001e-10, 2.3999e-10, 5.7307545e-10], [3.33685242e-10, 2.3999e-10, 4.1215455e-10], [3.8345475799999997e-10, 7.1997e-10, 2.4466545000000004e-10], [2.4884758000000002e-11, 7.1997e-10, 8.374455000000002e-11]], 'lattice_vectors': [[7.171400000000001e-10, 0.0, 0.0], [0.0, 9.5996e-10, 0.0], [0.0, 0.0, 6.5682e-10]], 'periodic': [True, True, True]}",7.171400000000002,9.5996,6.5682,90.0,90.0,90.0,452.171777732208,0.04423097810373451,4.985350776677934
33,CaZrS3,"{'m_def': 'nomad.datamodel.metainfo.system.Atoms', 'atomic_numbers': [20, 20, 20, 20, 40, 40, 40, 40, 16, 16, 16, 16, 16, 16, 16, 16, 16, 16, 16, 16], 'species': [20, 20, 20, 20, 40, 40, 40, 40, 16, 16, 16, 16, 16, 16, 16, 16, 16, 16, 16, 16], 'labels': ['Ca', 'Ca', 'Ca', 'Ca', 'Zr', 'Zr', 'Zr', 'Zr', 'S', 'S', 'S', 'S', 'S', 'S', 'S', 'S', 'S', 'S', 'S', 'S'], 'positions': [[6.496626780000001e-10, 2.3999e-10, 3.5047915200000004e-10], [2.9077267800000003e-10, 2.3999e-10, 6.34750848e-10], [4.2700732200000005e-10, 7.1997e-10, 2.2069152000000012e-11], [6.811732200000001e-11, 7.1997e-10, 3.06340848e-10], [0.0, 4.7998e-10, 0.0], [0.0, 0.0, 0.0], [3.5889000000000004e-10, 0.0, 3.2841e-10], [3.5889000000000004e-10, 4.7998e-10, 3.2841e-10], [5.858520360000001e-10, 5.42089412e-10, 2.1425468400000005e-10], [5.858520360000001e-10, 8.97850588e-10, 2.1425468400000005e-10], [2.2696203600000002e-10, 8.97850588e-10, 1.1415531599999998e-10], [4.908179640000001e-10, 4.178705880000001e-10, 5.42664684e-10], [1.31927964e-10, 6.2109412e-11, 4.4256531599999996e-10], [4.908179640000001e-10, 6.2109412e-11, 5.42664684e-10], [2.2696203600000002e-10, 5.42089412e-10, 1.1415531599999998e-10], [1.31927964e-10, 4.178705880000001e-10, 4.4256531599999996e-10], [6.92873034e-10, 7.1997e-10, 5.632231500000001e-10], [3.3398303400000005e-10, 7.1997e-10, 4.2200685e-10], [3.83796966e-10, 2.3999e-10, 2.3481315000000006e-10], [2.4906966000000004e-11, 2.3999e-10, 9.359685e-11]], 'lattice_vectors': [[7.177800000000001e-10, 0.0, 0.0], [0.0, 9.5996e-10, 0.0], [0.0, 0.0, 6.5682e-10]], 'periodic': [True, True, True]}",7.1778,9.5996,6.5682,90.0,90.0,90.0,452.575311125616,0.04419154007817461,3.3388269070403673
34,EuVS3,"{'m_def': 'nomad.datamodel.metainfo.system.Atoms', 'atomic_numbers': [63, 63, 63, 63, 23, 23, 23, 23, 16, 16, 16, 16, 16, 16, 16, 16, 16, 16, 16, 16], 'species': [63, 63, 63, 63, 23, 23, 23, 23, 16, 16, 16, 16, 16, 16, 16, 16, 16, 16, 16, 16], 'labels': ['Eu', 'Eu', 'Eu', 'Eu', 'V', 'V', 'V', 'V', 'S', 'S', 'S', 'S', 'S', 'S', 'S', 'S', 'S', 'S', 'S', 'S'], 'positions': [[6.32258458e-10, 2.2979e-10, 6.16887534e-10], [2.8336845800000005e-10, 2.2979e-10, 3.38342466e-10], [4.1441154200000004e-10, 6.8937e-10, 2.98477534e-10], [6.552154200000001e-11, 6.8937e-10, 1.9932466e-11], [0.0, 4.5958e-10, 3.1841e-10], [0.0, 0.0, 3.1841e-10], [3.4889e-10, 0.0, 0.0], [3.4889e-10, 4.5958e-10, 0.0], [5.630386820000001e-10, 5.004826199999999e-10, 1.1857588400000002e-10], [5.630386820000001e-10, 8.7825738e-10, 1.1857588400000002e-10], [2.14148682e-10, 8.7825738e-10, 1.9983411600000005e-10], [4.83631318e-10, 4.1867738e-10, 4.3698588400000004e-10], [1.3474131800000002e-10, 4.0902619999999996e-11, 5.18244116e-10], [4.83631318e-10, 4.0902619999999996e-11, 4.3698588400000004e-10], [2.14148682e-10, 5.004826199999999e-10, 1.9983411600000005e-10], [1.3474131800000002e-10, 4.1867738e-10, 5.18244116e-10], [6.94500434e-10, 6.8937e-10, 3.7731585e-10], [3.4561043400000004e-10, 6.8937e-10, 5.7791415e-10], [3.5216956600000006e-10, 2.2979e-10, 5.890585000000001e-11], [3.2795660000000013e-12, 2.2979e-10, 2.5950415e-10]], 'lattice_vectors': [[6.9778e-10, 0.0, 0.0], [0.0, 9.1916e-10, 0.0], [0.0, 0.0, 6.3682e-10]], 'periodic': [True, True, True]}",6.9778,9.1916,6.3682,90.0,90.0,90.0,408.438176213936,0.04896701915915958,4.864070938592738
35,SmScSe3,"{'m_def': 'nomad.datamodel.metainfo.system.Atoms', 'atomic_numbers': [62, 62, 62, 62, 21, 21, 21, 21, 34, 34, 34, 34, 34, 34, 34, 34, 34, 34, 34, 34], 'species': [62, 62, 62, 62, 21, 21, 21, 21, 34, 34, 34, 34, 34, 34, 34, 34, 34, 34, 34, 34], 'labels': ['Sm', 'Sm', 'Sm', 'Sm', 'Sc', 'Sc', 'Sc', 'Sc', 'Se', 'Se', 'Se', 'Se', 'Se', 'Se', 'Se', 'Se', 'Se', 'Se', 'Se', 'Se'], 'positions': [[6.571787920000001e-10, 7.5678e-10, 6.324378000000001e-10], [2.88308792e-10, 7.5678e-10, 3.593622e-10], [4.4943120799999994e-10, 2.5226e-10, 3.0183780000000004e-10], [8.0561208e-11, 2.5226e-10, 2.87622e-11], [0.0, 5.0452e-10, 3.3060000000000003e-10], [0.0, 0.0, 3.3060000000000003e-10], [3.6887e-10, 0.0, 0.0], [3.6887e-10, 5.0452e-10, 0.0], [6.035450940000001e-10, 6.276228800000004e-11, 1.1676792000000007e-10], [6.035450940000001e-10, 4.41757712e-10, 1.1676792000000007e-10], [2.3467509400000003e-10, 4.41757712e-10, 2.1383207999999993e-10], [5.030649059999999e-10, 9.46277712e-10, 4.4736792000000007e-10], [1.3419490599999998e-10, 5.672822880000001e-10, 5.4443208e-10], [5.030649059999999e-10, 5.672822880000001e-10, 4.4736792000000007e-10], [2.3467509400000003e-10, 6.276228800000004e-11, 2.1383207999999993e-10], [1.3419490599999998e-10, 9.46277712e-10, 5.4443208e-10], [7.076402080000001e-10, 2.5226e-10, 4.2634176000000003e-10], [3.3877020800000003e-10, 2.5226000000000017e-10, 5.6545824e-10], [3.9896979199999995e-10, 7.567800000000003e-10, 9.574175999999999e-11], [3.0099792e-11, 7.567799999999999e-10, 2.3485824e-10]], 'lattice_vectors': [[7.3774e-10, 0.0, 0.0], [0.0, 1.00904e-09, 0.0], [0.0, 0.0, 6.612000000000001e-10]], 'periodic': [True, True, True]}",7.3774,10.0904,6.612,90.0,90.0,90.0,492.20334293952,0.040633612686489864,5.832371580553817
36,EuScSe3,"{'m_def': 'nomad.datamodel.metainfo.system.Atoms', 'atomic_numbers': [63, 63, 63, 63, 21, 21, 21, 21, 34, 34, 34, 34, 34, 34, 34, 34, 34, 34, 34, 34], 'species': [63, 63, 63, 63, 21, 21, 21, 21, 34, 34, 34, 34, 34, 34, 34, 34, 34, 34, 34, 34], 'labels': ['Eu', 'Eu', 'Eu', 'Eu', 'Sc', 'Sc', 'Sc', 'Sc', 'Se', 'Se', 'Se', 'Se', 'Se', 'Se', 'Se', 'Se', 'Se', 'Se', 'Se', 'Se'], 'positions': [[6.888614340000001e-10, 2.47365e-10, 6.555678520000001e-10], [3.09991434e-10, 2.47365e-10, 3.59662148e-10], [4.4774856600000004e-10, 7.420950000000001e-10, 3.1715785200000005e-10], [6.8878566e-11, 7.420950000000001e-10, 2.1252148e-11], [0.0, 4.9473e-10, 3.3841e-10], [0.0, 0.0, 3.3841e-10], [3.7887e-10, 0.0, 0.0], [3.7887e-10, 4.9473e-10, 0.0], [6.10889988e-10, 5.5756071e-10, 1.2060932400000003e-10], [6.10889988e-10, 9.2662929e-10, 1.2060932400000003e-10], [2.32019988e-10, 9.2662929e-10, 2.1780067600000007e-10], [5.25720012e-10, 4.3189929000000007e-10, 4.590193240000001e-10], [1.4685001200000002e-10, 6.283071e-11, 5.56210676e-10], [5.25720012e-10, 6.283071e-11, 4.590193240000001e-10], [2.32019988e-10, 5.5756071e-10, 2.1780067600000007e-10], [1.4685001200000002e-10, 4.3189929000000007e-10, 5.56210676e-10], [7.314464220000001e-10, 7.420950000000001e-10, 4.2470455e-10], [3.52576422e-10, 7.420950000000001e-10, 5.905254500000001e-10], [4.05163578e-10, 2.47365e-10, 8.629455000000001e-11], [2.6293578e-11, 2.47365e-10, 2.5211545000000005e-10]], 'lattice_vectors': [[7.5774e-10, 0.0, 0.0], [0.0, 9.8946e-10, 0.0], [0.0, 0.0, 6.7682e-10]], 'periodic': [True, True, True]}",7.5774,9.8946,6.7682,90.0,90.0,90.0,507.44810999512816,0.03941289681853779,5.6781506347671575
37,BaNbSe3,"{'m_def': 'nomad.datamodel.metainfo.system.Atoms', 'atomic_numbers': [56, 56, 56, 56, 41, 41, 41, 41, 34, 34, 34, 34, 34, 34, 34, 34, 34, 34, 34, 34], 'species': [56, 56, 56, 56, 41, 41, 41, 41, 34, 34, 34, 34, 34, 34, 34, 34, 34, 34, 34, 34], 'labels': ['Ba', 'Ba', 'Ba', 'Ba', 'Nb', 'Nb', 'Nb', 'Nb', 'Se', 'Se', 'Se', 'Se', 'Se', 'Se', 'Se', 'Se', 'Se', 'Se', 'Se', 'Se'], 'positions': [[6.70388592e-10, 8.097300000000001e-10, 3.753871000000001e-10], [3.21518592e-10, 8.097300000000001e-10, 7.169129000000001e-10], [3.76221408e-10, 2.6991e-10, 1.128710000000005e-11], [2.7351407999999993e-11, 2.6991e-10, 3.5281289999999994e-10], [0.0, 5.3982e-10, 0.0], [0.0, 0.0, 0.0], [3.4887e-10, 0.0, 3.641e-10], [3.4887e-10, 5.3982e-10, 3.641e-10], [5.50098216e-10, 1.900166399999983e-11, 2.0870211999999997e-10], [5.50098216e-10, 5.20818336e-10, 2.0870211999999997e-10], [2.01228216e-10, 5.20818336e-10, 1.5539788000000004e-10], [4.96511784e-10, 1.060638336e-09, 5.7280212e-10], [1.47641784e-10, 5.58821664e-10, 5.194978800000001e-10], [4.96511784e-10, 5.58821664e-10, 5.7280212e-10], [2.01228216e-10, 1.900166399999983e-11, 1.5539788000000004e-10], [1.47641784e-10, 1.060638336e-09, 5.194978800000001e-10], [6.96484068e-10, 8.097300000000001e-10, 2.5341360000000042e-11], [3.47614068e-10, 8.097300000000001e-10, 3.3875863999999986e-10], [3.5012593200000007e-10, 2.6991e-10, 3.8944136000000006e-10], [1.255932e-12, 2.6991e-10, 7.0285864e-10]], 'lattice_vectors': [[6.9774e-10, 0.0, 0.0], [0.0, 1.07964e-09, 0.0], [0.0, 0.0, 7.282e-10]], 'periodic': [True, True, True]}",6.9774,10.7964,7.282,90.0,90.0,90.0,548.5588955035203,0.03645916630636729,5.655983512168176
38,GdNbSe3,"{'m_def': 'nomad.datamodel.metainfo.system.Atoms', 'atomic_numbers': [64, 64, 64, 64, 41, 41, 41, 41, 34, 34, 34, 34, 34, 34, 34, 34, 34, 34, 34, 34], 'species': [64, 64, 64, 64, 41, 41, 41, 41, 34, 34, 34, 34, 34, 34, 34, 34, 34, 34, 34, 34], 'labels': ['Gd', 'Gd', 'Gd', 'Gd', 'Nb', 'Nb', 'Nb', 'Nb', 'Se', 'Se', 'Se', 'Se', 'Se', 'Se', 'Se', 'Se', 'Se', 'Se', 'Se', 'Se'], 'positions': [[6.47069198e-10, 2.47275e-10, 2.8545315200000004e-10], [2.83179198e-10, 2.472749999999999e-10, 3.270684800000007e-11], [4.44600802e-10, 7.418249999999999e-10, 6.03613152e-10], [8.071080200000002e-11, 7.418250000000002e-10, 3.50866848e-10], [0.0, 4.9455e-10, 0.0], [0.0, 0.0, 0.0], [3.6389e-10, 0.0, 3.1816e-10], [3.6389e-10, 4.9455e-10, 3.1816e-10], [5.92558476e-10, 5.5557747e-10, 4.27097984e-10], [5.92558476e-10, 9.280725300000001e-10, 4.27097984e-10], [2.28668476e-10, 9.280725300000001e-10, 5.27382016e-10], [4.991115240000001e-10, 4.3352253e-10, 1.0893798400000001e-10], [1.3522152400000003e-10, 6.102747e-11, 2.0922201599999998e-10], [4.991115240000001e-10, 6.102747e-11, 1.0893798400000001e-10], [2.28668476e-10, 5.5557747e-10, 5.27382016e-10], [1.3522152400000003e-10, 4.3352253e-10, 2.0922201599999998e-10], [7.02526034e-10, 7.418250000000001e-10, 9.067559999999998e-11], [3.38636034e-10, 7.418250000000001e-10, 2.2748439999999995e-10], [3.89143966e-10, 2.47275e-10, 4.088356e-10], [2.5253966000000002e-11, 2.47275e-10, 5.456444e-10]], 'lattice_vectors': [[7.2778e-10, 0.0, 0.0], [0.0, 9.891e-10, 0.0], [0.0, 0.0, 6.3632e-10]], 'periodic': [True, True, True]}",7.2778,9.891,6.3632,90.0,90.0,90.0,458.05316903135997,0.043663053444851795,7.062437216060373
