,atomic_number,atomic_element_symbol,atomic_method,atomic_basis_set,atomic_homo,atomic_lumo,atomic_homo_lumo_diff,atomic_ea_by_energy_difference,atomic_ip_by_energy_difference,atomic_ea_by_half_charged_homo,atomic_ip_by_half_charged_homo,atomic_rs_max,atomic_rs_max_orbital_index,atomic_rp_max,atomic_rp_max_orbital_index,atomic_rd_max,atomic_rd_max_orbital_index,atomic_rf_max,atomic_rf_max_orbital_index
0,1,H,pbe,NAO/full_tier,-1.04024960036487E-18,-1.04024963607487E-18,-3.57100017683352E-26,-2.8965541003538E-19,0,-2.44290710545567E-19,2.03178163932803E-18,5.433E-11,1,1.3812E-10,3,1.058E-10,7,0,0
1,2,He,pbe,NAO/full_tier,-2.52567803443611E-18,2.5029169992584E-19,2.77596973436195E-18,4.96292926915323E-19,4.32350720607285E-18,4.82176668783033E-19,4.28576919734262E-18,2.964E-11,1,1.0292E-10,3,6.615E-11,10,0,0
2,3,Li,pbe,NAO/full_tier,-4.60488121050977E-19,-1.63543426582087E-19,2.9694469446889E-19,-1.21142799981961E-19,8.48734086823154E-19,-1.0852045651154E-19,8.59038282118036E-19,1.6576E-10,2,2.0134E-10,3,6.7419E-10,14,9.9999E-10,7
3,4,Be,pbe,NAO/full_tier,-8.98767625183087E-19,-3.22642718031675E-19,5.76124907151412E-19,1.03920565618713E-19,1.53067874396124E-18,1.17782360773028E-19,1.52216856751157E-18,1.0805E-10,2,1.204E-10,3,2.8974E-10,7,0,0
4,5,B,pbe,NAO/full_tier,-5.77870866106248E-19,-5.77870885943574E-19,-1.98373253314074E-26,-4.6742828372151E-20,1.31715623851334E-18,-1.71366231770842E-20,1.2959309139545E-18,8.025E-11,2,8.348E-11,3,2.1383E-10,10,0,0
5,6,C,pbe,NAO/full_tier,-8.46817796677241E-19,-8.46817825747058E-19,-2.90698166172633E-26,-1.61587535987741E-19,1.74024621970561E-18,-1.34012860145258E-19,1.7176074148782E-18,6.418E-11,2,6.367E-11,3,1.8186E-10,11,0,0
6,7,N,pbe,NAO/full_tier,-1.13590657004396E-18,-1.1359066090377E-18,-3.89937431383946E-26,-3.17864073254649E-19,2.17763370622164E-18,-2.85675946817968E-19,2.15393217764218E-18,5.361E-11,2,5.154E-11,3,1.7042E-10,10,0,0
7,8,O,pbe,NAO/full_tier,-1.44684326231947E-18,-1.10108498729398E-20,1.43583241244653E-18,-4.93278711184632E-19,2.63259501674929E-18,-4.58652526309572E-19,2.60794793912423E-18,4.608E-11,2,4.333E-11,3,2.3652E-10,11,0,0
8,9,F,pbe,NAO/full_tier,-1.78024514406896E-18,1.82116465186066E-19,1.96236160925503E-18,-6.94752061140591E-19,3.10687606430009E-18,-6.57567225357518E-19,3.08134296249632E-18,4.044E-11,2,3.74E-11,3,1.4319E-10,10,0,0
9,10,Ne,pbe,NAO/full_tier,-2.13631296961822E-18,3.07144786681937E-19,2.44345775630015E-18,4.75435673115137E-19,3.60313196571487E-18,4.64575992771909E-19,3.57599571493005E-18,3.604E-11,2,3.292E-11,3,2.3975E-10,10,0,0
10,11,Na,pbe,NAO/full_tier,-4.39722360259486E-19,-4.39722375354408E-19,-1.50949216956206E-26,-1.21288245094853E-19,8.24742225094629E-19,-1.09123402036768E-19,8.23125395447962E-19,1.7588E-10,6,2.6021E-10,7,8.4568E-10,11,0,0
11,12,Mg,pbe,NAO/full_tier,-7.53877434322997E-19,-2.09334430663467E-19,5.4454300365953E-19,8.01660080372387E-20,1.27715090393171E-18,1.13192656679366E-19,1.2703093684765E-18,1.3518E-10,6,1.9116E-10,7,5.6121E-10,11,0,0
12,13,Al,pbe,NAO/full_tier,-4.34517756979499E-19,-4.34517771895756E-19,-1.49162564487607E-26,-5.57797580367584E-20,9.23376702954999E-19,-3.8119947449012E-20,9.13877086792643E-19,1.1043E-10,6,1.3964E-10,7,9.9999E-10,14,0,0
13,14,Si,pbe,NAO/full_tier,-6.53858329060564E-19,-6.5385835150641E-19,-2.24458458703933E-26,-1.67380802207991E-19,1.24018424983706E-18,-1.53266062778843E-19,1.22996421559833E-18,9.466E-11,6,1.1405E-10,7,4.874E-10,11,0,0
14,15,P,pbe,NAO/full_tier,-8.82250658800377E-19,-8.82250689086543E-19,-3.02861666588868E-26,-3.08504327271345E-19,1.55887313178691E-18,-2.92821467088503E-19,1.54843374739224E-18,8.336E-11,6,9.712E-11,7,2.0621E-10,14,0,0
15,16,S,pbe,NAO/full_tier,-1.12286650625108E-18,1.30500099121145E-19,1.25336660537222E-18,-4.56152121731397E-19,1.88565289415619E-18,-4.43170812191582E-19,1.87504972405215E-18,7.473E-11,6,8.493E-11,7,2.7321E-10,11,0,0
16,17,Cl,pbe,NAO/full_tier,-1.3770173218247E-18,3.16006266951672E-21,1.38017738449422E-18,-6.30493325358717E-19,2.22318360290905E-18,-6.16226164298884E-19,2.21243361254411E-18,6.785E-11,6,7.567E-11,7,2.2495E-10,14,0,0
17,18,Ar,pbe,NAO/full_tier,-1.64531503442979E-18,3.46451035367873E-19,1.99176606979767E-18,5.98529692865955E-19,2.57302659806811E-18,5.94956933211294E-19,2.56217393253461E-18,6.222E-11,6,6.835E-11,7,1.6557E-10,14,0,0
18,19,K,pbe,NAO/full_tier,-3.71532129885227E-19,-1.22795919089335E-19,2.48736210795893E-19,-1.01924432353256E-19,6.911108531363E-19,-9.46089812248068E-20,6.86430759204319E-19,2.2049E-10,10,3.0281E-10,11,2.078E-10,15,0,0
19,20,Ca,pbe,NAO/full_tier,-6.03405481410814E-19,-3.11759156284664E-19,2.91646325126149E-19,2.40319214310049E-20,1.01085487621658E-18,4.47268335638463E-20,1.0063811075458E-18,1.7984E-10,10,2.3102E-10,16,6.761E-11,11,0,0
20,21,Sc,pbe,NAO/full_tier,-5.18420862975085E-19,-5.18420880771593E-19,-1.77965076954546E-26,4.41127740601547E-20,1.10304361152249E-18,9.12987785842299E-20,1.09960277044405E-18,1.6506E-10,10,2.1774E-10,16,5.809E-11,11,0,0
21,22,Ti,pbe,NAO/full_tier,-6.76044726994829E-19,-6.76044750202296E-19,-2.32074670965564E-26,-5.02922079444386E-20,1.14063872035691E-18,-1.22415954893019E-20,1.12307620402749E-18,1.5467E-10,10,2.0603E-10,16,5.194E-11,11,0,0
22,23,V,pbe,NAO/full_tier,-6.9669502372781E-19,-6.96695047644167E-19,-2.39163567460281E-26,-1.25089112082195E-19,1.14870671095986E-18,-9.87318014383413E-20,1.14120948360152E-18,1.4818E-10,10,2.0566E-10,16,4.759E-11,11,0,0
23,24,Cr,pbe,NAO/full_tier,-7.0317738364668E-19,-7.03177407785565E-19,-2.41388851436679E-26,-1.72790990722145E-19,1.15807228902643E-18,-1.79112170934076E-19,1.15905160923145E-18,1.4246E-10,10,1.9893E-10,16,4.395E-11,11,0,0
24,25,Mn,pbe,NAO/full_tier,-7.06741998994733E-19,-1.50038822445826E-19,5.56703176548907E-19,-1.84610357717197E-19,1.17162764338885E-18,-2.33494531511411E-19,1.17014484462837E-18,4.083E-11,15,2.0542E-10,16,1.3751E-10,10,0,0
25,26,Fe,pbe,NAO/full_tier,-7.10075960197958E-19,-1.30143726975558E-19,5.799322332224E-19,-2.0888188722644E-19,1.19689416383116E-18,-2.4221945987E-19,1.18402213106821E-18,1.3301E-10,15,1.9365E-10,16,3.815E-11,10,0,0
26,27,Co,pbe,NAO/full_tier,-7.10280569360545E-19,2.30000400597035E-20,7.33280609420248E-19,-2.17743377909735E-19,1.22928061089456E-18,-2.40701890992949E-19,1.1989860569505E-18,1.2878E-10,15,1.614E-10,16,3.582E-11,10,0,0
27,28,Ni,pbe,NAO/full_tier,-7.11295163692097E-19,-7.11295188109651E-19,-2.44175547843726E-26,-2.16516084022056E-19,1.2655226862201E-18,-2.33960668777234E-19,1.21531715378835E-18,1.2517E-10,15,1.5674E-10,16,3.381E-11,10,0,0
28,29,Cu,pbe,NAO/full_tier,-7.38309288117316E-19,-9.65216148128175E-20,6.41787673304499E-19,-2.47929930088927E-19,1.30536326160945E-18,-2.45639427630813E-19,1.29715622658994E-18,1.2022E-10,15,2.0302E-10,16,3.19E-11,10,0,0
29,30,Zn,pbe,NAO/full_tier,-9.57650167816282E-19,-1.77425487508254E-19,7.80224680308028E-19,1.47784476947832E-19,1.58444795715342E-18,1.57589658153336E-19,1.57653717180045E-18,1.1068E-10,15,1.6661E-10,16,2.997E-11,10,0,0
30,31,Ga,pbe,NAO/full_tier,-4.13185250260787E-19,-4.13185264444735E-19,-1.41839478282029E-26,-3.90156433264985E-20,9.11473861916755E-19,-1.84151697329039E-20,9.0080698654702E-19,1.0027E-10,15,1.3439E-10,16,2.823E-11,10,0,0
31,32,Ge,pbe,NAO/full_tier,-6.24036757103616E-19,-6.24036778525738E-19,-2.14221219492036E-26,-1.46753400990445E-19,1.19285432611388E-18,-1.34680632940885E-19,1.18297736290954E-18,9.22E-11,15,1.1722E-10,16,2.666E-11,10,0,0
32,33,As,pbe,NAO/full_tier,-8.32218845527966E-19,-8.32218874096625E-19,-2.85686593123372E-26,-2.88469538822473E-19,1.46590754061257E-18,-2.75408180052678E-19,1.45659935155089E-18,8.558E-11,15,1.0507E-10,16,2.524E-11,10,0,0
33,34,Se,pbe,NAO/full_tier,-1.04309517008579E-18,-3.38359739023315E-20,1.00925919618345E-18,-4.37524683464631E-19,1.73768296269984E-18,-4.23544057272514E-19,1.72872984353531E-18,7.997E-11,15,9.578E-11,16,2.397E-11,10,0,0
34,35,Br,pbe,NAO/full_tier,-1.25906067872603E-18,8.82963861158874E-21,1.26789031733762E-18,-5.89304721817737E-19,2.01142249839498E-18,-5.77119982611842E-19,2.00272288666879E-18,7.514E-11,15,8.834E-11,16,2.281E-11,10,0,0
35,36,Kr,pbe,NAO/full_tier,-1.48134508201674E-18,1.55533166728792E-19,1.63687824874553E-18,5.3332889501576E-19,2.29073147030586E-18,5.33842029408994E-19,2.28219602112201E-18,7.093E-11,15,8.218E-11,16,2.177E-11,10,0,0
36,37,Rb,pbe,NAO/full_tier,-3.57492905527641E-19,-1.06168985145135E-19,2.51323920382506E-19,-9.0595949843535E-20,6.65478916741827E-19,-8.67410635489627E-20,6.60328366876951E-19,2.3142E-10,19,3.24E-10,20,2.401E-10,23,0,0
37,38,Sr,pbe,NAO/full_tier,-5.64892721631071E-19,-2.05268981190342E-19,3.59623740440729E-19,2.41265451808306E-20,9.42869616045091E-19,3.16047715260831E-20,9.38792216577116E-19,1.9584E-10,19,2.5493E-10,25,1.1121E-10,20,0,0
38,39,Y,pbe,NAO/full_tier,-4.03552448851154E-19,-4.03552462704424E-19,-1.38532700863905E-26,2.50587703662928E-20,1.00147822759008E-18,5.44887386961975E-20,9.81513070538717E-19,1.785E-10,19,2.3581E-10,25,9.426E-11,20,0,0
39,40,Zr,pbe,NAO/full_tier,-5.77139637528512E-19,-5.77139657340735E-19,-1.98122234345877E-26,-4.34841408361545E-20,1.14388205551427E-18,-3.04683796930495E-20,1.15852363275463E-18,1.6694E-10,19,2.22E-10,25,8.444E-11,20,0,0
40,41,Nb,pbe,NAO/full_tier,-7.13565886881081E-19,-7.13565911376585E-19,-2.44955047766453E-26,-1.77120529210492E-19,1.14316386542528E-18,-1.5553837700716E-19,1.13485798443991E-18,1.5834E-10,19,2.0916E-10,25,7.756E-11,20,0,0
41,42,Mo,pbe,NAO/full_tier,-6.84801576819786E-19,-6.84801600327861E-19,-2.35080749089611E-26,-2.44991171428967E-19,1.11241760854515E-18,-2.61416104066722E-19,1.09380624283314E-18,1.5449E-10,19,2.2052E-10,25,7.279E-11,20,0,0
42,43,Tc,pbe,NAO/full_tier,-6.37297512707447E-19,-6.37297534584788E-19,-2.18773411064278E-26,-2.38365941033175E-19,1.14458791877701E-18,-2.35775555171835E-19,1.05613765737716E-18,1.5119E-10,24,2.0608E-10,25,6.858E-11,19,0,0
43,44,Ru,pbe,NAO/full_tier,-5.8521389444754E-19,-5.85213914536939E-19,-2.00893989388416E-26,-1.92204853378394E-19,1.22527469429837E-18,-1.90863211985866E-19,1.20442243608553E-18,1.484E-10,24,2.1211E-10,25,6.481E-11,19,0,0
44,45,Rh,pbe,NAO/full_tier,-5.40293088504542E-19,-5.40293107051886E-19,-1.85473440028186E-26,-1.37980249358837E-19,1.34059335011314E-18,-1.39005537293676E-19,1.32382977084969E-18,1.4595E-10,24,2.1777E-10,25,6.138E-11,19,0,0
45,46,Pd,pbe,NAO/full_tier,-6.48886240052396E-19,-5.31719404940106E-19,1.1716683511229E-19,-9.87725313327245E-20,1.46073642728945E-18,-9.23611851053052E-20,1.44349620961683E-18,1.4219E-10,24,2.2134E-10,25,5.819E-11,19,0,0
46,47,Ag,pbe,NAO/full_tier,-7.05303851664281E-19,-3.9460501444379E-20,6.65843350219902E-19,-2.36415075827213E-19,1.24264234077135E-18,-2.26713451947921E-19,1.23567044133058E-18,1.3241E-10,24,1.9044E-10,25,5.486E-11,19,0,0
47,48,Cd,pbe,NAO/full_tier,-9.06354953407011E-19,-1.85390822329124E-19,7.20964131077887E-19,1.51928378119428E-19,1.48552689603692E-18,1.58804596695165E-19,1.47879054395922E-18,1.2355E-10,24,1.7966E-10,25,5.192E-11,19,0,0
48,49,In,pbe,NAO/full_tier,-4.03409781436747E-19,-4.03409795285119E-19,-1.38483725428384E-26,-2.68906960686974E-20,8.59489473319064E-19,-2.66056664450656E-20,8.50663809066776E-19,1.1407E-10,24,1.5132E-10,25,4.929E-11,19,0,0
49,50,Sn,pbe,NAO/full_tier,-5.91754184264471E-19,-5.91754204578387E-19,-2.03139159554455E-26,-1.62313357085308E-19,1.10153645118358E-18,-1.49983643483033E-19,1.0937022343335E-18,1.0659E-10,24,1.3554E-10,25,4.694E-11,19,0,0
50,51,Sb,pbe,NAO/full_tier,-7.73342645911792E-19,-7.73342672459332E-19,-2.65475395100766E-26,-2.82301928199308E-19,1.33272185557715E-18,-2.72654269156331E-19,1.32546382277354E-18,1.0035E-10,24,1.24E-10,25,4.483E-11,19,0,0
51,52,Te,pbe,NAO/full_tier,-9.5356822407498E-19,3.1073574674252E-20,9.84641798749231E-19,-4.12638818716174E-19,1.55884194814455E-18,-4.03687093605802E-19,1.55192511455195E-18,9.497E-11,24,1.1492E-10,25,4.293E-11,19,0,0
52,53,I,pbe,NAO/full_tier,-1.13497234729762E-18,4.66026683592488E-20,1.18157501565686E-18,-5.50257153517424E-19,1.7834397633584E-18,-5.40601683064545E-19,1.77680162934845E-18,9.024E-11,24,1.0749E-10,25,4.119E-11,19,0,0
53,54,Xe,pbe,NAO/full_tier,-1.318918680926E-18,1.93267984564065E-19,1.51218666549006E-18,5.0690235816107E-19,2.01035951028222E-18,5.08041914937992E-19,2.0036846236263E-18,8.604E-11,24,1.0121E-10,25,3.961E-11,19,0,0
54,55,Cs,pbe,NAO/full_tier,-3.34201874143225E-19,-7.67831865811595E-20,2.57418687562065E-19,-8.73661484330736E-20,6.19013181451134E-19,-8.37793086884098E-20,6.1417804905371E-19,2.5357E-10,28,3.1904E-10,29,2.0225E-10,32,0,0
55,56,Ba,pbe,NAO/full_tier,-5.17398852168214E-19,-3.24029240076446E-19,1.93369612091767E-19,2.90873079311604E-20,8.59312347726592E-19,5.31646823134867E-20,8.55838994960508E-19,2.1967E-10,28,2.6614E-10,34,1.3101E-10,29,0,0
56,57,La,pbe,NAO/full_tier,-4.45104524757289E-19,-4.45104540036971E-19,-1.5279682221865E-26,-3.55189513354861E-20,9.31104899293347E-19,-2.22286352759423E-20,9.33052580655805E-19,2.0543E-10,28,2.6761E-10,41,1.1973E-10,29,3.977E-11,34
57,58,Ce,pbe,NAO/full_tier,-4.05404033037674E-19,-4.05404046954506E-19,-1.39168318412346E-26,1.39281701275299E-20,9.13324926422087E-19,2.54237247307254E-20,9.45670083630221E-19,2.0428E-10,28,2.5754E-10,41,1.1868E-10,36,3.801E-11,29
58,59,Pr,pbe,NAO/full_tier,-3.71862317646978E-19,-3.7186233041238E-19,-1.27654017202521E-26,1.84664555712285E-20,9.1325318928499E-19,3.21773413847725E-20,9.44819731593509E-19,2.0197E-10,28,2.7135E-10,41,1.1798E-10,36,3.644E-11,29
59,60,Nd,pbe,NAO/full_tier,-3.3983326361442E-19,-3.39833275280318E-19,-1.16658987150231E-26,5.74580290789297E-20,9.25544507685284E-19,6.95290066922557E-20,9.46372126983749E-19,2.0025E-10,28,2.7222E-10,41,1.1744E-10,36,3.502E-11,29
60,61,Pm,pbe,NAO/full_tier,-3.52391733960161E-19,-3.52391746057171E-19,-1.20970096589824E-26,8.93930027898826E-20,9.40934604700338E-19,9.75994615099797E-20,9.48704538857083E-19,1.9778E-10,28,2.6338E-10,41,1.1647E-10,36,3.369E-11,29
61,62,Sm,pbe,NAO/full_tier,-4.0361474628253E-19,-4.03614760137939E-19,-1.3855408687149E-26,8.50036162792021E-20,9.52296138348104E-19,9.80246599588082E-20,9.53625350373211E-19,1.9474E-10,28,2.6786E-10,41,1.1512E-10,36,3.246E-11,29
62,63,Eu,pbe,NAO/full_tier,-4.43393786310421E-19,-4.43393801531377E-19,-1.52209555141463E-26,7.69513489609332E-20,9.61676591026556E-19,1.09270382515534E-19,9.60238545859574E-19,3.135E-11,35,2.6774E-10,41,1.1402E-10,36,1.9185E-10,28
63,64,Gd,pbe,NAO/full_tier,-4.60571833174322E-19,-2.20481902943324E-19,2.40089930230998E-19,2.12343435155565E-19,9.70423359608148E-19,2.56965119629173E-19,9.69999446427185E-19,3.032E-11,35,2.021E-10,41,1.1128E-10,36,1.8999E-10,28
64,65,Tb,pbe,NAO/full_tier,-4.94101349592652E-19,-2.08689894235361E-19,2.85411455357291E-19,7.76769483082347E-20,9.80457464132584E-19,1.23087505621115E-19,9.79675449257878E-19,2.939E-11,35,2.5789E-10,41,1.1245E-10,36,1.8636E-10,28
65,66,Dy,pbe,NAO/full_tier,-5.07073136631219E-19,-1.87978460938023E-19,3.19094675693196E-19,7.54816133800025E-20,9.91419019678846E-19,1.21440170050904E-19,9.92848045548413E-19,2.852E-11,35,2.5601E-10,41,1.1198E-10,36,1.8374E-10,28
66,67,Ho,pbe,NAO/full_tier,-5.12828473685836E-19,-1.81864687936763E-19,3.30963785749073E-19,5.82613468102385E-20,1.00277269881508E-18,1.03729879524145E-19,1.0057473361424E-18,2.771E-11,35,1.1173E-10,41,2.5624E-10,36,1.8118E-10,28
67,68,Er,pbe,NAO/full_tier,-5.1200635202939E-19,-1.78810359311106E-19,3.33195992718284E-19,5.83349703521414E-20,1.01569517755709E-18,1.04559933585258E-19,1.01985426736371E-18,2.696E-11,35,2.5511E-10,36,1.1171E-10,39,1.7868E-10,28
68,69,Tm,pbe,NAO/full_tier,-5.05326344405109E-19,-1.71818338776003E-19,3.33508005629106E-19,8.36726421778831E-20,1.02934427318551E-18,1.27451397339778E-19,1.03574718331558E-18,1.7624E-10,28,2.5447E-10,36,1.1195E-10,39,2.625E-11,29
69,70,Yb,pbe,NAO/full_tier,-4.92988460126661E-19,-1.75350755302891E-19,3.17637704823769E-19,7.63917653788937E-20,1.04646572087092E-18,7.9240084373514E-20,1.05424094942476E-18,1.7383E-10,28,2.489E-10,36,1.1251E-10,39,2.558E-11,29
70,71,Lu,pbe,NAO/full_tier,-2.8091214056954E-19,-2.80912150212777E-19,-9.6432366280631E-27,4.95095730206161E-20,8.42749450537843E-19,6.24878970676924E-20,8.2588542025029E-19,1.6229E-10,35,2.3206E-10,41,9.753E-11,36,2.481E-11,28
71,72,Hf,pbe,NAO/full_tier,-4.31572826676727E-19,-4.3157284149189E-19,-1.48151620748639E-26,2.95719392830101E-20,1.04200564008206E-18,5.26115132114889E-20,1.02722653728257E-18,1.5365E-10,35,2.1377E-10,41,8.951E-11,36,2.406E-11,28
72,73,Ta,pbe,NAO/full_tier,-5.76193175755387E-19,-5.7619319553512E-19,-1.97797330927224E-26,-4.52623058247947E-20,1.23151697243681E-18,-2.89868549834186E-20,1.21805061930885E-18,1.4665E-10,35,2.0433E-10,41,8.37E-11,36,2.336E-11,28
73,74,W,pbe,NAO/full_tier,-7.18804837622268E-19,-7.18804862297617E-19,-2.46753490778171E-26,-1.42040361502648E-19,1.40307257234767E-18,-1.24898341713221E-19,1.40308977348294E-18,1.4074E-10,35,2.0694E-10,41,7.906E-11,36,0,0
74,75,Re,pbe,NAO/full_tier,-8.6094492284989E-19,-8.60944952404666E-19,-2.95547768513572E-26,-2.35843480729783E-19,1.47407223747683E-18,-2.1932001407156E-19,1.48382545768769E-18,1.3561E-10,35,2.0133E-10,41,7.516E-11,36,0,0
75,76,Os,pbe,NAO/full_tier,-9.47573770178919E-19,-1.60642028919163E-19,7.86931741259757E-19,-3.32792273482023E-19,1.44843037510762E-18,-3.20121250919358E-19,1.45134008022378E-18,7.199E-11,40,1.9718E-10,41,1.3172E-10,35,0,0
76,77,Ir,pbe,NAO/full_tier,-9.08874327990176E-19,-5.34834497716253E-20,8.55390878218551E-19,-3.81266586302783E-19,1.43671195021652E-18,-4.08753792916241E-19,1.40655575255193E-18,1.2957E-10,40,1.7925E-10,41,6.944E-11,35,0,0
77,78,Pt,pbe,NAO/full_tier,-8.58275360235521E-19,-8.58275389698656E-19,-2.9463135230517E-26,-3.75462773914186E-19,1.49070210164451E-18,-3.77904292255356E-19,1.46271659967323E-18,1.2729E-10,40,1.7103E-10,41,6.708E-11,35,0,0
78,79,Au,pbe,NAO/full_tier,-9.21742072886966E-19,-9.21742104528805E-19,-3.16418395319486E-26,-3.98183993255577E-19,1.5060628261087E-18,-3.88149048560029E-19,1.50043023192706E-18,1.2274E-10,40,1.8209E-10,41,6.436E-11,35,0,0
79,80,Hg,pbe,NAO/full_tier,-1.09076113414002E-18,-1.52540585990071E-19,9.38220548149949E-19,2.22475655680951E-19,1.71108667218876E-18,2.2776521040318E-19,1.70549607795028E-18,1.1675E-10,40,1.7351E-10,41,6.158E-11,35,0,0
80,81,Tl,pbe,NAO/full_tier,-3.79595966247877E-19,-3.79595979278762E-19,-1.30308847593688E-26,-2.23607751184529E-20,8.27842539220972E-19,-1.07110057228601E-20,8.18830203460588E-19,1.0974E-10,40,1.5446E-10,41,5.904E-11,35,0,0
81,82,Pb,pbe,NAO/full_tier,-5.6013338084244E-19,-5.60133400070867E-19,-1.92284275572358E-26,-1.41479426010842E-19,1.05364707012942E-18,-1.31406121988872E-19,1.04574966968702E-18,1.0396E-10,40,1.4049E-10,41,5.676E-11,35,0,0
82,83,Bi,pbe,NAO/full_tier,-7.31999365655608E-19,-7.31999390783903E-19,-2.51282948673349E-26,-2.65036673002152E-19,1.26794171095374E-18,-2.55217894755411E-19,1.26083364573419E-18,9.899E-11,40,1.3017E-10,41,5.469E-11,35,0,0
83,84,Po,pbe,NAO/full_tier,-9.00299700114662E-19,3.62138603546707E-20,9.36513560469333E-19,-3.88214891135613E-19,1.47559959885621E-18,-3.78819868902268E-19,1.46902242077941E-18,9.462E-11,40,1.2195E-10,41,5.281E-11,35,0,0
84,85,At,pbe,NAO/full_tier,-1.06763156370112E-18,9.43798635594404E-20,1.16201142726056E-18,-5.13337188620185E-19,1.6798963084576E-18,-5.05291911750421E-19,1.67358794229209E-18,9.072E-11,40,1.1513E-10,41,5.109E-11,35,0,0
85,86,Rn,pbe,NAO/full_tier,-1.23544698340101E-18,-4.86904502931812E-20,1.18675653310783E-18,2.60868576232243E-19,1.88398202245599E-18,2.61289403939612E-19,1.87734674224177E-18,8.72E-11,40,1.0932E-10,41,4.951E-11,35,0,0
86,87,Fr,pbe,NAO/full_tier,-3.47447642987467E-19,-9.4823060860418E-20,2.52624582127049E-19,-9.02670766580311E-20,6.46236850359602E-19,-8.6439064471329E-20,6.41522048152747E-19,2.4339E-10,44,3.7855E-10,45,2.4234E-10,48,0,0
87,88,Ra,pbe,NAO/full_tier,-5.25537069577894E-19,-2.11224529637317E-19,3.14312539940576E-19,4.44902132148103E-20,8.72365022533005E-19,5.64427837433053E-20,8.68639669981359E-19,2.1626E-10,44,3.0782E-10,50,1.6012E-10,45,0,0
88,89,Ac,pbe,NAO/full_tier,-3.61906023971458E-19,-3.61906036395077E-19,-1.24236190663803E-26,1.00563672458408E-20,8.22126646449587E-19,2.14340469964896E-20,8.12942037755719E-19,1.99E-10,44,2.8257E-10,50,1.4024E-10,45,6.61E-11,53
89,90,Th,pbe,NAO/full_tier,-4.43656171562118E-19,-4.43656186792081E-19,-1.52299627996067E-26,-4.89781524954244E-20,9.02752273618627E-19,-3.68679425510792E-20,8.95282494106595E-19,1.8931E-10,44,2.4049E-10,57,1.311E-10,45,6.135E-11,50
90,91,Pa,pbe,NAO/full_tier,-3.80188777985633E-19,-3.80188791036868E-19,-1.30512349536814E-26,1.25607138230749E-21,8.6504696867707E-19,1.36742954686149E-20,8.34575164810304E-19,1.8856E-10,44,2.5112E-10,57,1.3074E-10,52,5.882E-11,45
91,92,U,pbe,NAO/full_tier,-3.1967792888984E-19,-3.1967793986384E-19,-1.09740002935962E-26,8.76169052519864E-20,8.95658012900179E-19,8.57285103555954E-20,8.64218928229688E-19,1.8798E-10,44,2.4176E-10,57,1.3123E-10,52,5.659E-11,45
92,93,Np,pbe,NAO/full_tier,-2.61928080227157E-19,-2.61928089218703E-19,-8.99154608682643E-27,1.5531834593039E-19,9.48617732284222E-19,1.44956359319623E-19,1.0037456776105E-18,1.8744E-10,44,2.4653E-10,57,1.3238E-10,52,5.449E-11,45
93,94,Pu,pbe,NAO/full_tier,-3.25335531571815E-19,-3.25335542740031E-19,-1.11682161729026E-26,1.33069792388133E-19,1.00018479728887E-18,1.592352906098E-19,1.05733354283463E-18,1.8484E-10,44,2.5649E-10,57,1.3112E-10,52,5.244E-11,45
94,95,Am,pbe,NAO/full_tier,-4.15511841346593E-19,-4.15511855610409E-19,-1.42638157578107E-26,1.30861604650829E-19,1.02275118245497E-18,1.93264197018536E-19,1.04529017824981E-18,1.8202E-10,44,2.6048E-10,57,1.2991E-10,52,5.06E-11,45
95,96,Cm,pbe,NAO/full_tier,-4.81224118208421E-19,-1.54873621110109E-19,3.26350497098311E-19,1.51217146288457E-19,1.02813884388628E-18,2.63915844061895E-19,1.0342188301877E-18,4.9E-11,51,4.5591E-10,57,1.3029E-10,52,1.8065E-10,44
96,97,Bk,pbe,NAO/full_tier,-5.84923722647677E-19,-1.44213683164835E-19,4.40710039482842E-19,1.28788429765571E-19,1.02471304966448E-18,1.98250968543932E-19,1.02224093534611E-18,4.746E-11,51,2.3189E-10,57,1.2859E-10,52,1.7671E-10,44
97,98,Cf,pbe,NAO/full_tier,-1.01061877874322E-18,-4.98439967915028E-19,5.12178810828192E-19,-3.26730359087431E-19,6.03343170890834E-19,1.30436366137378E-19,1.01061882144693E-18,1.7112E-10,51,2.1956E-10,57,1.2621E-10,52,4.615E-11,44
98,99,Es,pbe,NAO/full_tier,-6.06066606963391E-19,-6.86633795036488E-20,5.37403227459742E-19,5.77719741358934E-20,9.99564331165839E-19,9.34943213154469E-20,9.99647901019713E-19,4.487E-11,51,2.3957E-10,57,1.3368E-10,52,1.7365E-10,44
99,100,Fm,pbe,NAO/full_tier,-6.01226559734651E-19,-6.20947677860897E-20,5.39131791948562E-19,4.3377913640061E-20,9.89888110113369E-19,6.97141766529356E-20,9.91620009212715E-19,4.372E-11,51,2.4751E-10,52,1.3783E-10,55,1.7257E-10,44
100,101,Md,pbe,NAO/full_tier,-5.93862701495838E-19,-1.03148081128125E-19,4.90714620367713E-19,-2.17400564874809E-20,9.82339377736809E-19,1.23617218857396E-20,9.85913637682388E-19,1.713E-10,51,2.8542E-10,52,1.5012E-10,55,4.263E-11,44
101,102,No,pbe,NAO/full_tier,-6.60083166333612E-19,-1.25698800367809E-19,5.34384365965803E-19,7.98990424849408E-20,1.10191129545624E-18,8.62301566618472E-20,1.09671015751554E-18,1.6466E-10,51,2.6509E-10,52,1.3348E-10,55,4.153E-11,44
