,diff,PCE (%)
0,0.0,33.69191567915919
1,0.002,33.70127953445974
2,0.004,33.70430774642339
3,0.006,33.6930681468917
4,0.008,33.67305952340667
5,0.01,33.650724146859595
6,0.012,33.646672943435334
7,0.014,33.64623926836233
8,0.016,33.64873706533473
9,0.018,33.64987544930128
10,0.02,33.64935839586043
11,0.022,33.64809999267208
12,0.024,33.64622399064727
13,0.026,33.644070504056096
14,0.028,33.64102051384291
15,0.03,33.630185777826725
16,0.032,33.6146766515407
17,0.034,33.60574085891885
18,0.036,33.606630900689964
19,0.038,33.60577447546765
20,0.04,33.60428789336431
21,0.042,33.6047287593928
22,0.044,33.59843221897418
23,0.046,33.58506350495241
24,0.048,33.566912995399356
25,0.05,33.54499123711439
26,0.052,33.52033735213324
27,0.054,33.494721508276164
28,0.056,33.469135697765495
29,0.058,33.444445048217126
30,0.06,33.42013201602475
31,0.062,33.394559087526616
32,0.064,33.368674448304134
33,0.066,33.34315499647175
34,0.068,33.318200692292784
35,0.07,33.29295151539445
36,0.072,33.2662891650748
37,0.074,33.23894016682131
38,0.076,33.211920731515306
39,0.078,33.185940550240645
40,0.08,33.159622724287416
41,0.082,33.131830166264564
42,0.084,33.10390473326739
43,0.086,33.07655153453164
44,0.088,33.049268605491406
45,0.09,33.04983721095526
46,0.092,33.065811693956
47,0.094,33.08190756428774
48,0.096,33.09769604697197
49,0.098,33.112777797706556
50,0.1,33.1275045763965
51,0.102,33.14216923329417
52,0.104,33.156759212350934
53,0.106,33.168610482763086
54,0.108,33.17978806885289
55,0.11,33.19323851084887
56,0.112,33.20682101290758
57,0.114,33.2202743409376
58,0.116,33.233653269381165
59,0.118,33.246474343552386
60,0.12,33.25873021577726
61,0.122,33.271215687004776
62,0.124,33.28315197582916
63,0.126,33.294142389836324
64,0.128,33.30504173440616
65,0.13,33.3159139794967
66,0.132,33.32694894863244
67,0.134,33.33793540949472
68,0.136,33.34864933138291
69,0.138,33.35908320476485
70,0.14,33.368746996833636
71,0.142,33.37823988042073
72,0.144,33.38784710844178
73,0.146,33.39695675556033
74,0.148,33.40577945614399
75,0.15,33.414467977146444
76,0.152,33.42306366750019
77,0.154,33.430790475188694
78,0.156,33.43796214162294
79,0.158,33.44535293870528
80,0.16,33.452524748713046
81,0.162,33.45931637995388
82,0.164,33.4657766693711
83,0.166,33.47199554631074
84,0.168,33.47760756626501
85,0.17,33.48238118223029
86,0.172,33.48675245083809
87,0.174,33.49088181436829
88,0.176,33.49482171506576
89,0.178,33.4983323577728
90,0.18,33.49934920536699
91,0.182,33.50019722659815
92,0.184,33.50249930821238
93,0.186,33.504275839605256
94,0.188,33.506259812798234
95,0.19,33.508061591721685
96,0.192,33.50904605734564
97,0.194,33.50921537793235
98,0.196,33.508396843565905
99,0.198,33.50568280123975
100,0.2,33.503355777069316
101,0.202,33.50147088955552
102,0.204,33.499595676769175
103,0.206,33.49499167020396
104,0.208,33.48557246918637
105,0.21,33.4780667785747
106,0.212,33.46996069100119
107,0.214,33.45766780783178
108,0.216,33.44297651138478
109,0.218,33.42814267401441
110,0.22,33.413763070088216
111,0.222,33.394940632981964
112,0.224,33.366958204320575
113,0.226,33.328534229096306
114,0.228,33.28336579246091
115,0.23,33.22577607899455
116,0.232,33.15920740705733
117,0.234,33.09811156304544
118,0.236,33.03750617315789
119,0.238,32.9735944592064
120,0.24,32.91087113152537
121,0.242,32.84604641800702
122,0.244,32.79061804463581
123,0.246,32.73597951643333
124,0.248,32.667162080350295
125,0.25,32.60803464038963
126,0.252,32.56288612108468
127,0.254,32.51645014066499
128,0.256,32.45998892509209
129,0.258,32.399084745118664
130,0.26,32.34794177428027
131,0.262,32.295943171832235
132,0.264,32.242509812658916
133,0.266,32.196032173500406
134,0.268,32.15433204033868
135,0.27,32.11986698251432
136,0.272,32.08857928392677
137,0.274,32.06629558746082
138,0.276,32.046623510158504
139,0.278,32.02431146281011
140,0.28,32.00740084344785
141,0.282,31.99344768386301
142,0.284,31.972795008741375
143,0.286,31.95369002513092
144,0.288,31.94118130716616
145,0.29,31.927198058873632
146,0.292,31.912202058529655
147,0.294,31.8960784850225
148,0.296,31.87458594935349
149,0.298,31.85521313888954
150,0.3,31.84374121946246
151,0.302,31.831735640206524
152,0.304,31.820158865836007
153,0.306,31.80298128644797
154,0.308,31.783210109009985
155,0.31,31.762350549929007
156,0.312,31.74408596638254
157,0.314,31.729909526783185
158,0.316,31.712361900613452
159,0.318,31.697865078099028
160,0.32,31.68577566879893
161,0.322,31.673644451295317
162,0.324,31.662127315366885
163,0.326,31.64984712846351
164,0.328,31.637764993596498
165,0.33,31.626671238782585
166,0.332,31.615376493258516
167,0.334,31.604461027654867
168,0.336,31.593953097355566
169,0.338,31.58399763247236
170,0.34,31.57363468140106
171,0.342,31.562863857082018
172,0.344,31.552044896325597
173,0.346,31.541023048781092
174,0.348,31.53001575165675
175,0.35,31.51823023481041
176,0.352,31.506195823234496
177,0.354,31.493501303136792
178,0.356,31.47886177297802
179,0.358,31.460533410168704
180,0.36,31.43930070092787
181,0.362,31.41595992049551
182,0.364,31.393050122594463
183,0.366,31.37307116976311
184,0.368,31.3546380883964
185,0.37,31.33842208261555
186,0.372,31.32196656086253
187,0.374,31.30453927900244
188,0.376,31.288163778943836
189,0.378,31.271478967509196
190,0.38,31.25291678114599
191,0.382,31.23386540912455
192,0.384,31.211991789073394
193,0.386,31.18661951270982
194,0.388,31.1610892109431
195,0.39,31.13728687223576
196,0.392,31.111550484510765
197,0.394,31.08048695830076
198,0.396,31.045358916056156
199,0.398,31.009614565868667
200,0.4,30.9707920021747
201,0.402,30.930272216574878
202,0.404,30.89388023190984
203,0.406,30.852444858006134
204,0.408,30.799608511645655
205,0.41,30.74155899269145
206,0.412,30.682529096342012
207,0.414,30.62228361721757
208,0.416,30.561938405431768
209,0.418,30.49476632033658
210,0.42,30.411757641751297
211,0.422,30.31919699460545
212,0.424,30.22549621951394
213,0.426,30.1311479128719
214,0.428,30.036728361102913
215,0.43,29.94225434935312
216,0.432,29.84773271568179
217,0.434,29.75328721360199
218,0.436,29.65905809280111
219,0.438,29.564807459005703
220,0.44,29.47059605996403
221,0.442,29.376307587968654
222,0.444,29.281880386437663
223,0.446,29.18781060973919
224,0.448,29.093744469307882
225,0.45,28.999618009761924
226,0.452,28.905394360429064
227,0.454,28.811146801669146
228,0.456,28.71736262331056
229,0.458,28.623791491756876
230,0.46,28.529999583109657
231,0.462,28.43689180571316
232,0.464,28.345629959904414
233,0.466,28.25410343130748
234,0.468,28.165560193464326
235,0.47,28.079219788293056
236,0.472,27.990505157401923
237,0.474,27.899844692770394
238,0.476,27.809444602600774
239,0.478,27.721774947089077
240,0.48,27.635244412492813
241,0.482,27.54985726237466
242,0.484,27.472222048370448
243,0.486,27.396733656525086
244,0.488,27.317821871448505
245,0.49,27.249456143902837
246,0.492,27.184539109588343
247,0.494,27.110169063160857
248,0.496,27.033813612315292
249,0.498,26.95623987844136
250,0.5,26.87670474162036
251,0.502,26.798767999880692
252,0.504,26.72964418306007
253,0.506,26.660082691287855
254,0.508,26.594825541325893
255,0.51,26.544335415508552
256,0.512,26.4963895255502
257,0.514,26.45520988353211
258,0.516,26.410987092413297
259,0.518,26.36155683698666
260,0.52,26.321045925895262
261,0.522,26.28597711005118
262,0.524,26.25076245899839
263,0.526,26.217897394536088
264,0.528,26.186006496148035
265,0.53,26.153112485814404
266,0.532,26.120572512457265
267,0.534,26.088500568857626
268,0.536,26.057025562067643
269,0.538,26.025911358316375
270,0.54,25.99467290701794
271,0.542,25.96223429526983
272,0.544,25.930172918283187
273,0.546,25.89835916145266
274,0.548,25.865848752820202
275,0.55,25.83075294385687
276,0.552,25.792803352553893
277,0.554,25.752395225016695
278,0.556,25.71263338559953
279,0.558,25.67678746469347
280,0.56,25.64041314047005
281,0.562,25.603936775304398
282,0.564,25.569172232814843
283,0.566,25.530769096883645
284,0.568,25.490458190905823
285,0.57,25.44964203370441
286,0.572,25.409022202224858
287,0.574,25.37130798837006
288,0.576,25.333805756059146
289,0.578,25.296107184987676
290,0.58,25.258255365066248
291,0.582,25.21964557166275
292,0.584,25.177982016870065
293,0.586,25.134437931365856
294,0.588,25.09158096758756
295,0.59,25.04858883467125
296,0.592,25.006237620351996
297,0.594,24.96414208886616
298,0.596,24.918815658089965
299,0.598,24.873094428023208
300,0.6,24.829019224988567
301,0.602,24.783364227249717
302,0.604,24.737275166263924
303,0.606,24.69150207858445
304,0.608,24.645375364871587
305,0.61,24.59928286308063
306,0.612,24.55254800032535
307,0.614,24.50381023689089
308,0.616,24.453708266038433
309,0.618,24.40296673415987
310,0.62,24.35124625648663
311,0.622,24.29820873836953
312,0.624,24.243239236739516
313,0.626,24.18629670183805
314,0.628,24.128606347387482
315,0.63,24.070443762430354
316,0.632,24.011866801592443
317,0.634,23.95268137056621
318,0.636,23.892495825153034
319,0.638,23.829390578426707
320,0.64,23.763381331152125
321,0.642,23.69367890801833
322,0.644,23.618154729924292
323,0.646,23.538055144329405
324,0.648,23.45477371508983
325,0.65,23.365548360417584
326,0.652,23.268963683435775
327,0.654,23.167889756638854
328,0.656,23.063942629329272
329,0.658,22.95873258309925
330,0.66,22.85284543178357
331,0.662,22.804662900612797
332,0.664,22.760043037392347
333,0.666,22.7156663901429
334,0.668,22.67206700251636
335,0.67,22.629799074819278
336,0.672,22.587949765627467
337,0.674,22.545433729810156
338,0.676,22.501954337424394
339,0.678,22.458607615602425
340,0.68,22.41633278558254
341,0.682,22.373882482771965
342,0.684,22.330358094500404
343,0.686,22.286106836178178
344,0.688,22.241854607310152
345,0.69,22.19818332959334
346,0.692,22.15465658831244
347,0.694,22.11095624965743
348,0.696,22.06710020753536
349,0.698,22.02302942578994
350,0.7,21.978697350532677
351,0.702,21.93423990348927
352,0.704,21.88982666513134
353,0.706,21.845614381703225
354,0.708,21.801480476899677
355,0.71,21.75721128336367
356,0.712,21.712849370445557
357,0.714,21.668674118071763
358,0.716,21.62510370662417
359,0.718,21.582323016629672
360,0.72,21.54032289586587
361,0.722,21.498401203358178
362,0.724,21.455938018895818
363,0.726,21.41299860016192
364,0.728,21.369987276692303
365,0.73,21.327257378693638
366,0.732,21.284766135678364
367,0.734,21.242264103055685
368,0.736,21.19950102906253
369,0.738,21.156428807028863
370,0.74,21.113402894208253
371,0.742,21.070919411603743
372,0.744,21.029472191914234
373,0.746,20.988403554198648
374,0.748,20.94693574610581
375,0.75,20.90520270814009
376,0.752,20.863514763354733
377,0.754,20.822247404825397
378,0.756,20.781078878644216
379,0.758,20.739349955586516
380,0.76,20.698352706590686
381,0.762,20.65966196324334
382,0.764,20.623206777857693
383,0.766,20.587583382285153
384,0.768,20.549149926549124
385,0.77,20.506865368252125
386,0.772,20.462852052225937
387,0.774,20.418659755949943
388,0.776,20.375125750046415
389,0.778,20.331634395052085
390,0.78,20.28736522369158
391,0.782,20.242572050374598
392,0.784,20.197547828758566
393,0.786,20.152406149327444
394,0.788,20.107342514002386
395,0.79,20.06261329177848
396,0.792,20.01840469088676
397,0.794,19.974753576232906
398,0.796,19.93151492760208
399,0.798,19.888501618873928
400,0.8,19.84590168365883
401,0.802,19.80391788751796
402,0.804,19.76256045938238
403,0.806,19.72146059893532
404,0.808,19.679834036346065
405,0.81,19.637618336302694
406,0.812,19.595778783925486
407,0.814,19.554474582633347
408,0.816,19.51318913926992
409,0.818,19.47148522216633
410,0.82,19.429095071871437
411,0.822,19.386212223354054
412,0.824,19.343137630806794
413,0.826,19.300070617006057
414,0.828,19.257271831676572
415,0.83,19.21557946870219
416,0.832,19.17544371045425
417,0.834,19.13542979422735
418,0.836,19.094520534846307
419,0.838,19.053264150979306
420,0.84,19.011904841697618
421,0.842,18.970085704689673
422,0.844,18.927593465297644
423,0.846,18.884684428464794
424,0.848,18.842115831189563
425,0.85,18.801061914842776
426,0.852,18.760948040721324
427,0.854,18.719911263062425
428,0.856,18.67779299013446
429,0.858,18.63556376375011
430,0.86,18.593267230464388
431,0.862,18.550482253909387
432,0.864,18.50777352037826
433,0.866,18.466078479047262
434,0.868,18.424537718268073
435,0.87,18.38174165761449
436,0.872,18.338795149519655
437,0.874,18.29736713237644
438,0.876,18.25720750118732
439,0.878,18.21769853492633
440,0.88,18.177831259014788
441,0.882,18.13643703288463
442,0.884,18.09441986504775
443,0.886,18.05295390769318
444,0.888,18.01153713734072
445,0.89,17.969460379343847
446,0.892,17.926797316823574
447,0.894,17.883628551083884
448,0.896,17.840262269086935
449,0.898,17.79705182928605
450,0.9,17.754220894198227
451,0.902,17.711980292330036
452,0.904,17.669773057750717
453,0.906,17.626861666709647
454,0.908,17.583705184513946
455,0.91,17.541049481733978
456,0.912,17.498785461311936
457,0.914,17.456589403140157
458,0.916,17.4143328855277
459,0.918,17.371941765762507
460,0.92,17.32972600680034
461,0.922,17.288251067272515
462,0.924,17.24717071328449
463,0.926,17.205617656948558
464,0.928,17.163586499060415
465,0.93,17.121738841229558
466,0.932,17.080141762385324
467,0.934,17.03847363624841
468,0.936,16.99648780240726
469,0.938,16.953987924936595
470,0.94,16.911095215633072
471,0.942,16.86868002272916
472,0.944,16.827149137317345
473,0.946,16.78576419689454
474,0.948,16.74406128304554
475,0.95,16.70341521445298
476,0.952,16.66508231713511
477,0.954,16.627472993992495
478,0.956,16.588925289068765
479,0.958,16.54940727910671
480,0.96,16.508965181087277
481,0.962,16.467698657979447
482,0.964,16.425736768925546
483,0.966,16.38371060390843
484,0.968,16.34265878474421
485,0.97,16.30220245493667
486,0.972,16.260622112194028
487,0.974,16.21741242322749
488,0.976,16.174209562490418
489,0.978,16.132142509047334
490,0.98,16.090889131559603
491,0.982,16.050064116051303
492,0.984,16.010302452075955
493,0.986,15.972273651857131
494,0.988,15.934214550222096
495,0.99,15.89379672929865
496,0.992,15.851236320026352
497,0.994,15.807722424123442
498,0.996,15.764113126606764
499,0.998,15.721365306588059
500,1.0,15.679830708429394
501,1.002,15.638280556421375
502,1.004,15.595746509318875
503,1.006,15.553303759827628
504,1.008,15.512040913695005
505,1.01,15.47274007827375
506,1.012,15.436401720921756
507,1.014,15.401599931604165
508,1.016,15.365189033646285
509,1.018,15.32605956244405
510,1.02,15.285386105061326
511,1.022,15.244038698686277
512,1.024,15.202273385066418
513,1.026,15.160334586321932
514,1.028,15.119009654712432
515,1.03,15.079328760517528
516,1.032,15.040599959093377
517,1.034,15.001222239710877
518,1.036,14.960699771913472
519,1.038,14.920014357940966
520,1.04,14.879893604680543
521,1.042,14.84019916270167
522,1.044,14.80071016840298
523,1.046,14.762040504184549
524,1.048,14.725092800053288
525,1.05,14.689620663156894
526,1.052,14.654292886612136
527,1.054,14.618478646128056
528,1.056,14.583894209651621
529,1.058,14.552085485243593
530,1.06,14.520318144392848
531,1.062,14.48505012399229
532,1.064,14.446496685105329
533,1.066,14.406928738895772
534,1.068,14.367666957720772
535,1.07,14.328878442151474
536,1.072,14.290751960551278
537,1.074,14.252857139776724
538,1.076,14.214636800819846
539,1.078,14.175761707942048
540,1.08,14.135787672655036
541,1.082,14.094473439702067
542,1.084,14.052830757853059
543,1.086,14.011819398468916
544,1.088,13.971373299973346
545,1.09,13.931396481857043
546,1.092,13.891735166505105
547,1.094,13.851865014376088
548,1.096,13.811427755380555
549,1.098,13.771174858830578
550,1.1,13.731920266759818
551,1.102,13.693305313953573
552,1.104,13.654560388785914
553,1.106,13.615271325153874
554,1.108,13.575208005204226
555,1.11,13.534181909522887
556,1.112,13.492846711431742
557,1.114,13.452133590285325
558,1.116,13.412424506958992
559,1.118,13.373994959527861
560,1.12,13.337034013237192
561,1.122,13.300320962033062
562,1.124,13.262401469313101
563,1.126,13.223516764406178
564,1.128,13.184882640516403
565,1.13,13.147228111758627
566,1.132,13.110083381419228
567,1.134,13.072972676443863
568,1.136,13.035721378988432
569,1.138,12.998021275541324
570,1.14,12.959722139045983
571,1.142,12.92112071883524
572,1.144,12.882467291656996
573,1.146,12.843780308168071
574,1.148,12.805095577115555
575,1.15,12.766424890951832
576,1.152,12.727495860992525
577,1.154,12.688051850231682
578,1.156,12.64829732613646
579,1.158,12.608690407887794
580,1.16,12.569453831678446
581,1.162,12.529894116200241
582,1.164,12.489328894510548
583,1.166,12.448311084499919
584,1.168,12.407945276868961
585,1.17,12.368828239270625
586,1.172,12.330159997201594
587,1.174,12.291086894346407
588,1.176,12.251922500624381
589,1.178,12.213562599861488
590,1.18,12.176523987401579
591,1.182,12.13988458847403
592,1.184,12.10254078795272
593,1.186,12.064329829139849
594,1.188,12.02533188701095
595,1.19,11.98560098362773
596,1.192,11.946108195027387
597,1.194,11.908288918711511
598,1.196,11.872415588459726
599,1.198,11.83689814446482
600,1.2,11.800329001079563
601,1.202,11.763347797383084
602,1.204,11.727185669281214
603,1.206,11.692460046138898
604,1.208,11.659354773429644
605,1.21,11.628074451415873
606,1.212,11.597900348095934
607,1.214,11.566175236451768
608,1.216,11.530942176138234
609,1.218,11.4933253141525
610,1.22,11.455060494757802
611,1.222,11.416755528452164
612,1.224,11.378271164972642
613,1.226,11.33948111391343
614,1.228,11.300379108871905
615,1.23,11.26102823998796
616,1.232,11.221469139804833
617,1.234,11.181804805478643
618,1.236,11.142202393021657
619,1.238,11.102707347457628
620,1.24,11.063264858644997
621,1.242,11.023839202035687
622,1.244,10.984481134339504
623,1.246,10.945342772965391
624,1.248,10.906555109383367
625,1.25,10.86788767390604
626,1.252,10.829007377160876
627,1.254,10.789795262910415
628,1.256,10.7506764907511
629,1.258,10.71211508677672
630,1.26,10.67411995034185
631,1.262,10.636430630375187
632,1.264,10.59886444202215
633,1.266,10.561251677321808
634,1.268,10.523237341505165
635,1.27,10.48465167313786
636,1.272,10.445926872302543
637,1.274,10.407627597705634
638,1.276,10.369908088055604
639,1.278,10.332584520081458
640,1.28,10.295469496697335
641,1.282,10.258493768332736
642,1.284,10.221209204396976
643,1.286,10.183274187345708
644,1.288,10.145021519030678
645,1.29,10.107208086739375
646,1.292,10.070264339767208
647,1.294,10.034022759667097
648,1.296,9.998168058672231
649,1.298,9.962599891377206
650,1.3,9.926936409942298
651,1.302,9.890728028096872
652,1.304,9.85393616949902
653,1.306,9.816909907385002
654,1.308,9.779968307576445
655,1.31,9.743175231677856
656,1.312,9.706828959959353
657,1.314,9.671164640738109
658,1.316,9.635950979332424
659,1.318,9.600476711735299
660,1.32,9.56430898032411
661,1.322,9.52772129632922
662,1.324,9.491233071266068
663,1.326,9.455098858958886
664,1.328,9.419158374955344
665,1.33,9.383129513761606
666,1.332,9.346925358124011
667,1.334,9.310431528645575
668,1.336,9.27350359095483
669,1.338,9.23613491539128
670,1.34,9.198553071347897
671,1.342,9.161020611851221
672,1.344,9.123563136137852
673,1.346,9.086225061190909
674,1.348,9.049062439697428
675,1.35,9.012099860994272
676,1.352,8.975505678796125
677,1.354,8.939448580418802
678,1.356,8.903875734447794
679,1.358,8.86847967063968
680,1.36,8.833034113619062
681,1.362,8.797509064559705
682,1.364,8.761893364965141
683,1.366,8.726178983649394
684,1.368,8.69033661727057
685,1.37,8.654280917481433
686,1.372,8.617935400567474
687,1.374,8.581359608829217
688,1.376,8.544774627522607
689,1.378,8.508329761573162
690,1.38,8.472092986819602
691,1.382,8.436246999835227
692,1.384,8.400882605383776
693,1.386,8.36589766033081
694,1.388,8.331009086976003
695,1.39,8.296036208804658
696,1.392,8.261194037586927
697,1.394,8.226980896896906
698,1.396,8.193730806144742
699,1.398,8.161095398251486
700,1.4,8.128066375891796
701,1.402,8.093998038217709
702,1.404,8.058959705806055
703,1.406,8.023166048017417
704,1.408,7.986771537864607
705,1.41,7.9499324969351015
706,1.412,7.913225620379583
707,1.414,7.877066430455433
708,1.416,7.841435595523262
709,1.418,7.806317908911613
710,1.42,7.771701672029548
711,1.422,7.737554253467248
712,1.424,7.703630259965577
713,1.426,7.669691760734886
714,1.428,7.635745420806422
715,1.43,7.60188372011243
716,1.432,7.568193893991503
717,1.434,7.534698862590548
718,1.436,7.502048653564318
719,1.438,7.470935572219678
720,1.44,7.441378497580584
721,1.442,7.412156380656518
722,1.444,7.381870646830547
723,1.446,7.350323442133555
724,1.448,7.318149397038561
725,1.45,7.286217121834248
726,1.452,7.254751687662476
727,1.454,7.223532381180848
728,1.456,7.192186451371835
729,1.458,7.1605478701932155
730,1.46,7.12872391183016
731,1.462,7.096952743721484
732,1.464,7.06536793265196
733,1.466,7.034072745795225
734,1.468,7.003346413032054
735,1.47,6.97340376616168
736,1.472,6.944197672198531
737,1.474,6.915267776402769
738,1.476,6.886217992605329
739,1.478,6.857035903692347
740,1.48,6.828416026188482
741,1.482,6.8011288411009385
742,1.484,6.775245929108855
743,1.486,6.750157347035111
744,1.488,6.724991408057198
745,1.49,6.6994681712335895
746,1.492,6.673355352915896
747,1.494,6.646163703684628
748,1.496,6.617635337162033
749,1.498,6.587968911400453
750,1.5,6.557944328442835
751,1.502,6.5281570835655875
752,1.504,6.498607513330617
753,1.506,6.469646017479934
754,1.508,6.441639729464005
755,1.51,6.414597147168277
756,1.512,6.388474642435984
757,1.514,6.36322552512147
758,1.516,6.3388371007439765
759,1.518,6.314975146375725
760,1.52,6.290873864533097
761,1.522,6.266071859381613
762,1.524,6.240567711564367
763,1.526,6.214371899600614
764,1.528,6.187493473382477
765,1.53,6.159939238194249
766,1.532,6.133603970189126
767,1.534,6.11079930315768
768,1.536,6.091959379813807
769,1.538,6.075982434677922
770,1.54,6.060589328980682
771,1.542,6.044606036027884
772,1.544,6.027971798943179
773,1.546,6.010158698228327
774,1.548,5.99072254460595
775,1.55,5.969661580038922
776,1.552,5.947363179231434
777,1.554,5.924326169608522
778,1.556,5.900676315911037
779,1.558,5.876544489889689
780,1.56,5.852290920372922
781,1.562,5.828132298453407
782,1.564,5.804067012224933
783,1.566,5.779912715070508
784,1.568,5.755486463140758
785,1.57,5.730777239095673
786,1.572,5.705798295660976
787,1.574,5.680571885187258
788,1.576,5.6551069300846395
789,1.578,5.629465612014484
790,1.58,5.603886375660375
791,1.582,5.578580245759501
792,1.584,5.553547575156589
793,1.586,5.528675082589066
794,1.588,5.503821304898185
795,1.59,5.478936767720504
796,1.592,5.453985479098023
797,1.594,5.4288531073497515
798,1.596,5.4034570330198815
799,1.598,5.377806422758093
800,1.6,5.351962746560677
801,1.602,5.32599691161457
802,1.604,5.299924137236674
803,1.606,5.273926247447132
804,1.608,5.248587838955064
805,1.61,5.224303101469719
806,1.612,5.2010650650149834
807,1.614,5.178176431038093
808,1.616,5.154774208080894
809,1.618,5.1306976230841235
810,1.62,5.1060984083857015
811,1.622,5.081469779960791
812,1.624,5.057172652716827
813,1.626,5.033207433008527
814,1.628,5.009325687733452
815,1.63,4.985201119028229
816,1.632,4.960734988075711
817,1.634,4.9359412012514285
818,1.636,4.910894556549655
819,1.638,4.885658698045318
820,1.64,4.860243568539439
821,1.642,4.834771561738276
822,1.644,4.8094630310270965
823,1.646,4.784402989395986
824,1.648,4.7595975039185
825,1.65,4.7350656489128955
826,1.652,4.710811439377605
827,1.654,4.686835218805038
828,1.656,4.663064725105528
829,1.658,4.639332016440179
830,1.66,4.615536598714082
831,1.662,4.591670161578526
832,1.664,4.567639389215152
833,1.666,4.543325893873681
834,1.668,4.5187135294426435
835,1.67,4.493855891197046
836,1.672,4.469136606570242
837,1.674,4.444889194324637
838,1.676,4.421114199226081
839,1.678,4.397899499096086
840,1.68,4.375389259402884
841,1.682,4.353662234028173
842,1.684,4.332719289430951
843,1.686,4.311803688404763
844,1.688,4.2899855183423625
845,1.69,4.267070192631282
846,1.692,4.243140268536631
847,1.694,4.218987886065548
848,1.696,4.195323487806008
849,1.698,4.17215693545751
850,1.7,4.149440723635623
851,1.702,4.1270828812417095
852,1.704,4.105027578774392
853,1.706,4.083280588735419
854,1.708,4.0617085659074315
855,1.71,4.0400974855026455
856,1.712,4.018376798464034
857,1.714,3.9965464312675256
858,1.716,3.974593058292618
859,1.718,3.9524897921504807
860,1.72,3.9302293834033506
861,1.722,3.907811623808197
862,1.724,3.88523575621404
863,1.726,3.8625141931159224
864,1.728,3.839633880787766
865,1.73,3.8166426511239626
866,1.732,3.7936791596884523
867,1.734,3.7708409516074544
868,1.736,3.7481276600846143
869,1.738,3.7254350622932213
870,1.74,3.7025809690777307
871,1.742,3.679482589240127
872,1.744,3.6561498325456503
873,1.746,3.632754107114867
874,1.748,3.6095529656071363
875,1.75,3.586620997654524
876,1.752,3.563969091333027
877,1.754,3.5415881714855413
878,1.756,3.5194755166573786
879,1.758,3.497631314920515
880,1.76,3.4760618755461734
881,1.762,3.454704324025671
882,1.764,3.4334964360851736
883,1.766,3.412552822790171
884,1.768,3.3920010187833
885,1.77,3.3720122488520388
886,1.772,3.352802359574784
887,1.774,3.334873171727206
888,1.776,3.3187218501350513
889,1.778,3.3047195016674884
890,1.78,3.293133517306618
891,1.782,3.283842861642348
892,1.784,3.276253618603923
893,1.786,3.268594069857188
894,1.788,3.2594602983005396
895,1.79,3.248413514031388
896,1.792,3.2353476823741585
897,1.794,3.2208191405218605
898,1.796,3.205490932698669
899,1.798,3.1901981809245004
900,1.8,3.1756149451453592
901,1.802,3.162116656555861
902,1.804,3.1500745124081386
903,1.806,3.1398151075514296
904,1.808,3.131387174529768
905,1.81,3.1243973372379017
906,1.812,3.118167756288429
907,1.814,3.1115878309081633
908,1.816,3.1038157804973214
909,1.818,3.0944209380395353
910,1.82,3.083236169438363
911,1.822,3.0705257773961696
912,1.824,3.056575916597057
913,1.826,3.0417183652338537
914,1.828,3.0263082380995034
915,1.83,3.0107655854819724
916,1.832,2.995411249352239
917,1.834,2.980425906594503
918,1.836,2.9658713303153528
919,1.838,2.9515395648845892
920,1.84,2.9373293359894483
921,1.842,2.923386439400003
922,1.844,2.909864957447483
923,1.846,2.8969489719504025
924,1.848,2.884765669274476
925,1.85,2.873217066104935
926,1.852,2.8621806780636345
927,1.854,2.851362435195966
928,1.856,2.8405043363047504
929,1.858,2.8295978228124947
930,1.86,2.8186348502600773
931,1.862,2.807604574923108
932,1.864,2.796488909996269
933,1.866,2.7853550604812343
934,1.868,2.7742775843203544
935,1.87,2.7633404331886045
936,1.872,2.7526354996005966
937,1.874,2.742001328410505
938,1.876,2.731204630450088
939,1.878,2.7201697918715038
940,1.88,2.7088623589157432
941,1.882,2.6975348296493875
942,1.884,2.686618374290517
943,1.886,2.676394349001286
944,1.888,2.6670643931747833
945,1.89,2.6586590475606733
946,1.892,2.651010928988443
947,1.894,2.643898931494094
948,1.896,2.636926694876691
949,1.898,2.6297856468168304
950,1.9,2.622301812766088
951,1.902,2.6143173300461613
952,1.904,2.6057099418449394
953,1.906,2.5963675461665403
954,1.908,2.586191973190561
955,1.91,2.5750811798626727
956,1.912,2.5631397210218507
957,1.914,2.5504878487343237
958,1.916,2.5374314281702643
959,1.918,2.5243794966996362
960,1.92,2.511548494923723
961,1.922,2.4991112071078
962,1.924,2.487107680440828
963,1.926,2.475461058351536
964,1.928,2.463991889222397
965,1.93,2.45219719904178
966,1.932,2.4397058238830995
967,1.934,2.4264624419773213
968,1.936,2.412411751257951
969,1.938,2.3978488179183097
970,1.94,2.3830831189886172
971,1.942,2.368426355082729
972,1.944,2.3542462245329507
973,1.946,2.340675282763905
974,1.948,2.327804498572044
975,1.95,2.3156026907160627
976,1.952,2.303924138040609
977,1.954,2.2926108071133298
978,1.956,2.2814017015476913
979,1.958,2.2701112643768515
980,1.96,2.2588883493827088
981,1.962,2.247877674108612
982,1.964,2.2372218092120684
983,1.966,2.2270890873435953
984,1.968,2.2174281174575516
985,1.97,2.208128034498656
986,1.972,2.199071980415165
987,1.974,2.190084244095157
988,1.976,2.181067774187645
989,1.978,2.1720340723383957
990,1.98,2.1629850556467596
991,1.982,2.1536679104138168
992,1.984,2.1438391499677687
993,1.986,2.1336260966785394
994,1.988,2.1231856416564905
995,1.99,2.1125299894023613
996,1.992,2.1016250932421876
997,1.994,2.0904388871363024
998,1.996,2.0789148577552803
999,1.998,2.0670376464695925
1000,2.0,2.055112797200971
1001,2.002,2.043418742189354
1002,2.004,2.0319015275772654
1003,2.006,2.0204916007033216
1004,2.008,2.008974959773268
1005,2.01,1.9970086374690925
1006,2.012,1.9845608303537032
1007,2.014,1.9719784552552684
1008,2.016,1.9594961830860838
1009,2.018,1.9472808750141926
1010,2.02,1.9354905402993232
1011,2.022,1.9240588162263437
1012,2.024,1.912897513816542
1013,2.026,1.9019140569767878
1014,2.028,1.8909684883066398
1015,2.03,1.8799589945559274
1016,2.032,1.8687416232677958
1017,2.034,1.8571969133042692
1018,2.036,1.8454271859520088
1019,2.038,1.833544545930003
1020,2.04,1.8215595974260992
1021,2.042,1.8094743331912602
1022,2.044,1.7973041669972223
1023,2.046,1.7851085358373486
1024,2.048,1.7729305999824478
1025,2.05,1.7609619024696632
1026,2.052,1.7493828005974077
1027,2.054,1.738229462278927
1028,2.056,1.7275539284985466
1029,2.058,1.7173187532177179
1030,2.06,1.7073655295627066
1031,2.062,1.6975906255253754
1032,2.064,1.6878827327522514
1033,2.066,1.6781350934172867
1034,2.068,1.6684237760678207
1035,2.07,1.6588463269481497
1036,2.072,1.649381562363188
1037,2.074,1.6398863099818068
1038,2.076,1.6302718612580136
1039,2.078,1.6206666017614406
1040,2.08,1.6111929189427523
1041,2.082,1.6019348679231526
1042,2.084,1.5930208122904987
1043,2.086,1.584468519065075
1044,2.088,1.57617723564292
1045,2.09,1.5680745420605204
1046,2.092,1.560038077475881
1047,2.094,1.5519351943769362
1048,2.096,1.5436880553006884
1049,2.098,1.5351690421516209
1050,2.1,1.526326082572171
1051,2.102,1.5172053510123265
1052,2.104,1.507845355350003
1053,2.106,1.498437556055431
1054,2.108,1.4892208691015734
1055,2.11,1.4803363407881804
1056,2.112,1.4720144250330538
1057,2.114,1.464398237431046
1058,2.116,1.4573968728929565
1059,2.118,1.4509111215907335
1060,2.12,1.4447295918138963
1061,2.122,1.4384851844654987
1062,2.124,1.4320199114186045
1063,2.126,1.4253316160245995
1064,2.128,1.4184170436981023
1065,2.13,1.4113733326338895
1066,2.132,1.4043354019550296
1067,2.134,1.397265207458539
1068,2.136,1.3899213768842227
1069,2.138,1.3821372982968716
1070,2.14,1.373998188105252
1071,2.142,1.3656054348862554
1072,2.144,1.3569695771579267
1073,2.146,1.3480871090403979
1074,2.148,1.3389535175148741
1075,2.15,1.3296202698143977
1076,2.152,1.3201417218442626
1077,2.154,1.3105592557749177
1078,2.156,1.3009466381056605
1079,2.158,1.2913380238158954
1080,2.16,1.2817567024614531
1081,2.162,1.2722267079932634
1082,2.164,1.2628008673753481
1083,2.166,1.2535666148417925
1084,2.168,1.2445682103554192
1085,2.17,1.2358722651126717
1086,2.172,1.2275367723585913
1087,2.174,1.2195140569831708
1088,2.176,1.2117311485464792
1089,2.178,1.204134210704291
1090,2.18,1.1965256759284508
1091,2.182,1.1887287597915546
1092,2.184,1.1807779812488495
1093,2.186,1.1727277294539693
1094,2.188,1.164596639403748
1095,2.19,1.1563522782392253
1096,2.192,1.1479673004196034
1097,2.194,1.1394538936727057
1098,2.196,1.1308346014461457
1099,2.198,1.1221332781323612
1100,2.2,1.1135313169890904
1101,2.202,1.10519348698498
1102,2.204,1.097142016556601
1103,2.206,1.0894081817631631
1104,2.208,1.0820012903367524
1105,2.21,1.0747976392295193
1106,2.212,1.067679959810649
1107,2.214,1.0605988471457737
1108,2.216,1.0534548442197271
1109,2.218,1.0461983349645212
1110,2.22,1.0389102854689467
1111,2.222,1.0316759974812553
1112,2.224,1.0244854121054496
1113,2.226,1.0173065912108208
1114,2.228,1.0101207010211457
1115,2.23,1.0028882935745396
1116,2.232,0.9955567435793661
1117,2.234,0.9881376222183431
1118,2.236,0.9807105877853312
1119,2.238,0.9733365205787963
1120,2.24,0.9660155033062633
1121,2.242,0.9587515353097666
1122,2.244,0.9515407841812036
1123,2.246,0.9443208318871315
1124,2.248,0.9370311237087267
1125,2.25,0.9297370117859165
1126,2.252,0.9225706776733248
1127,2.254,0.9155986538808395
1128,2.256,0.9088896801541569
1129,2.258,0.9025225353551383
1130,2.26,0.89644203894589
1131,2.262,0.8904280115445559
1132,2.264,0.8843214106794979
1133,2.266,0.8780142371200227
1134,2.268,0.8713466480313795
1135,2.27,0.8642744803984456
1136,2.272,0.8569152453886477
1137,2.274,0.8493829479370091
1138,2.276,0.8417253811503472
1139,2.278,0.8340521056233278
1140,2.28,0.8264255393950343
1141,2.282,0.8188722029686728
1142,2.284,0.8114275841690773
1143,2.286,0.80409704303244
1144,2.288,0.7968851581937813
1145,2.29,0.7897980307632825
1146,2.292,0.7828026457751321
1147,2.294,0.775832079227126
1148,2.296,0.7688526733041294
1149,2.298,0.7617997566156545
1150,2.3,0.7545903341266459
1151,2.302,0.7472220270956933
1152,2.304,0.7397814289157397
1153,2.306,0.7323373170400779
1154,2.308,0.7249287003821083
1155,2.31,0.7176412027403377
1156,2.312,0.7105172652658589
1157,2.314,0.7035183283330997
1158,2.316,0.6965976351690183
1159,2.318,0.6897434559323802
1160,2.32,0.6829468629753402
1161,2.322,0.6762018223101275
1162,2.324,0.6695232231416893
1163,2.326,0.6629463472449355
1164,2.328,0.656494266214346
1165,2.33,0.6501924414352265
1166,2.332,0.6440739498569091
1167,2.334,0.6381501466422219
1168,2.336,0.6324035364630751
1169,2.338,0.6268120313736272
1170,2.34,0.621351033295286
1171,2.342,0.6159217306991669
1172,2.344,0.6104486509498609
1173,2.346,0.6048955040246415
1174,2.348,0.5991929990849048
1175,2.35,0.5933088704417641
1176,2.352,0.5872311358605908
1177,2.354,0.5809466784133019
1178,2.356,0.5744553402114573
1179,2.358,0.5678316046420973
1180,2.36,0.5611506208211524
1181,2.362,0.5544354849821163
1182,2.364,0.547765452437412
1183,2.366,0.5412023689214486
1184,2.368,0.5347621724806972
1185,2.37,0.5284738281136724
1186,2.372,0.5223544271683124
1187,2.374,0.516359851830801
1188,2.376,0.5104273288608857
1189,2.378,0.5045407574649278
1190,2.38,0.4986236401546262
1191,2.382,0.49259398349613076
1192,2.384,0.48645288085132965
1193,2.386,0.4802322308936086
1194,2.388,0.4739620681533681
1195,2.39,0.4676546212326955
1196,2.392,0.46134260503231145
1197,2.394,0.45505071697534427
1198,2.396,0.4487986547395843
1199,2.398,0.4426275194587298
1200,2.4,0.4365566532557886
1201,2.402,0.4305793727413925
1202,2.404,0.4246902545740646
1203,2.406,0.418884992797234
1204,2.408,0.4130692184434152
1205,2.41,0.4071350019974973
1206,2.412,0.401067227288343
1207,2.414,0.3948206063079396
1208,2.416,0.3883495240205535
1209,2.418,0.381681373360585
1210,2.42,0.3749344954441037
1211,2.422,0.3682056865955406
1212,2.424,0.3615340058518304
1213,2.426,0.3550339662594766
1214,2.428,0.3487764924621928
1215,2.43,0.342767806420181
1216,2.432,0.3370167782418277
1217,2.434,0.3315295596824023
1218,2.436,0.32625551239215966
1219,2.438,0.32111796584147007
1220,2.44,0.3160866784219967
1221,2.442,0.3110597861648704
1222,2.444,0.3058984949877857
1223,2.446,0.30057078954854405
1224,2.448,0.29511984089538085
1225,2.45,0.28959838825864587
1226,2.452,0.28401159117254154
1227,2.454,0.27837150341947675
1228,2.456,0.2726879358112709
1229,2.458,0.26696803151803294
1230,2.46,0.2612993854463147
1231,2.462,0.25576269047089173
1232,2.464,0.2503712517562313
1233,2.466,0.24519938219291545
1234,2.468,0.24031121543649486
1235,2.47,0.23569975979996058
1236,2.472,0.23133558652056985
1237,2.474,0.2271969340927885
1238,2.476,0.22324570783086756
1239,2.478,0.21936054283389067
1240,2.48,0.21545619920857156
1241,2.482,0.2115442612392582
1242,2.484,0.20765331094033473
1243,2.486,0.20380290842790325
1244,2.488,0.20001106193840834
1245,2.49,0.19632422735097374
1246,2.492,0.1927677271158797
1247,2.494,0.18935282136695658
1248,2.496,0.18610109602455285
1249,2.498,0.1830253840614896
1250,2.5,0.18007612125955774
1251,2.502,0.1771555896740384
1252,2.504,0.17421306882891507
1253,2.506,0.17124949407949464
1254,2.508,0.16826366512234292
1255,2.51,0.16525652782827382
1256,2.512,0.16221282136563406
1257,2.514,0.15910661920787278
1258,2.516,0.15592474699836165
1259,2.518,0.15267358783516383
1260,2.52,0.14936404722307547
1261,2.522,0.1460009638596582
1262,2.524,0.1426059353961748
1263,2.526,0.13921755006827977
1264,2.528,0.13585401158245494
1265,2.53,0.1325578297096746
1266,2.532,0.12940892552358732
1267,2.534,0.12644566877365887
1268,2.536,0.12363323550185548
1269,2.538,0.12090037313775584
1270,2.54,0.11821184461283311
1271,2.542,0.11554850065632093
1272,2.544,0.11286849398551295
1273,2.546,0.11014996348620995
1274,2.548,0.10741960180741843
1275,2.55,0.10473960471618074
1276,2.552,0.10214586339837836
1277,2.554,0.0996311207537027
1278,2.556,0.09717491151036536
1279,2.558,0.09476467163221736
1280,2.56,0.092389118969991
1281,2.562,0.09001114159159553
1282,2.564,0.08760543907654576
1283,2.566,0.08518147382624741
1284,2.568,0.08277799430228922
1285,2.57,0.08042395115018638
1286,2.572,0.0781230612484485
1287,2.574,0.07589783620178234
1288,2.576,0.07376716168055243
1289,2.578,0.07173201133931244
1290,2.58,0.06980416506648894
1291,2.582,0.0679946548788438
1292,2.584,0.0663035971049846
1293,2.586,0.06468453194259757
1294,2.588,0.06308959234242567
1295,2.59,0.06151763082483805
1296,2.592,0.059925946328378735
1297,2.594,0.05826483834828854
1298,2.596,0.05652766604301611
1299,2.598,0.05475221847219836
1300,2.6,0.052989142305327044
1301,2.602,0.05125135220415795
1302,2.604,0.049545644302231066
1303,2.606,0.047883062413373256
1304,2.608,0.04626785383427557
1305,2.61,0.044701143660753166
1306,2.612,0.0431852708642537
1307,2.614,0.04172146262009602
1308,2.616,0.0403014806888797
1309,2.618,0.03890022773137146
1310,2.62,0.037500855769866545
1311,2.622,0.03610623110362936
1312,2.624,0.034733203945246593
1313,2.626,0.03339577442379852
1314,2.628,0.03209395255709832
1315,2.63,0.03082192930759022
1316,2.632,0.02957389400719477
1317,2.634,0.02834985644191667
1318,2.636,0.02715595149260363
1319,2.638,0.02599964286155428
1320,2.64,0.024882241959009052
1321,2.642,0.023793196638536383
1322,2.644,0.02271577435298457
1323,2.646,0.02164383302822929
1324,2.648,0.020591507865695156
1325,2.65,0.019591491387822967
1326,2.652,0.018662429125068634
1327,2.654,0.017803045681743332
1328,2.656,0.017007373171173054
1329,2.658,0.016270802357569426
1330,2.66,0.015593334077834706
1331,2.662,0.014960820124914944
1332,2.664,0.01435912006323625
1333,2.666,0.01378822919935237
1334,2.668,0.013240646373493547
1335,2.67,0.01270662335229231
1336,2.672,0.012183911436316619
1337,2.674,0.011668691024829002
1338,2.676,0.011153717536571189
1339,2.678,0.01063558255853864
1340,2.68,0.010116718710435828
1341,2.682,0.009605862429440023
1342,2.684,0.009109382609613113
1343,2.686,0.008627245662518601
1344,2.688,0.008156687011751967
1345,2.69,0.007695011082353585
1346,2.692,0.007242207542148717
1347,2.694,0.006806175175531582
1348,2.696,0.006397591812093829
1349,2.698,0.006019202887205405
1350,2.7,0.0056700448616211615
1351,2.702,0.005347964971686824
1352,2.704,0.00505179791175143
1353,2.706,0.0047802336595914865
1354,2.708,0.0045251936779412095
1355,2.71,0.004279901884430318
1356,2.712,0.004044366678941035
1357,2.714,0.003814252655039387
1358,2.716,0.003584512851704421
1359,2.718,0.0033544288865242845
1360,2.72,0.0031264122701036585
1361,2.722,0.002904930090047719
1362,2.724,0.0026920358614411794
1363,2.726,0.0024886073975923842
1364,2.728,0.0022987568436803668
1365,2.73,0.0021257148474326253
1366,2.732,0.001969472406485447
1367,2.734,0.001826704913382143
1368,2.736,0.001693618058715
1369,2.738,0.0015697358584708984
1370,2.74,0.001453129622943443
1371,2.742,0.0013401403197590173
1372,2.744,0.0012290373265633318
1373,2.746,0.0011202427528244742
1374,2.748,0.0010162555640153884
1375,2.75,0.0009191591980345994
1376,2.752,0.000828948521976666
1377,2.754,0.0007469070401377155
1378,2.756,0.0006746424553691694
1379,2.758,0.000612474164815892
1380,2.76,0.0005593178397071116
1381,2.762,0.0005125570768678097
1382,2.764,0.00047065861720907936
1383,2.766,0.0004335794694442713
1384,2.768,0.00039930777511649383
1385,2.77,0.0003658725521359358
1386,2.772,0.0003332742555763841
1387,2.774,0.0003020806480430982
1388,2.776,0.0002732100575736611
1389,2.778,0.00024701589659013303
1390,2.78,0.00022346622026757812
1391,2.782,0.00020241458748235887
1392,2.784,0.00018374325602761322
1393,2.786,0.00016744985444710556
1394,2.788,0.00015291689159428358
1395,2.79,0.0001393461188513112
1396,2.792,0.00012655510602945896
1397,2.794,0.00011450643879411563
1398,2.796,0.00010308636478663476
1399,2.798,9.22195041097662e-05
1400,2.8,8.190597329032149e-05
1401,2.802,7.245210239980217e-05
1402,2.804,6.420395173974239e-05
1403,2.806,5.720057857978862e-05
1404,2.808,5.127388289905564e-05
1405,2.81,4.6027616063683735e-05
1406,2.812,4.123271993554344e-05
1407,2.814,3.688886530354163e-05
1408,2.816,3.2890387556087996e-05
1409,2.818,2.9126039395396097e-05
1410,2.82,2.558998724033529e-05
1411,2.822,2.2308615965022183e-05
1412,2.824,1.933898788281644e-05
1413,2.826,1.671137808095451e-05
1414,2.828,1.4425341634342005e-05
1415,2.83,1.2456135344861485e-05
1416,2.832,1.0778211065374289e-05
1417,2.834,9.390257057838133e-06
1418,2.836,8.244481211776756e-06
1419,2.838,7.237302881868404e-06
1420,2.84,6.312638381310005e-06
1421,2.842,5.4704200632449626e-06
1422,2.844,4.707209707363597e-06
1423,2.846,4.019346542251281e-06
1424,2.848,3.406522986761112e-06
1425,2.85,2.8663577647233453e-06
1426,2.852,2.3931303022008976e-06
1427,2.854,1.9833872481572007e-06
1428,2.856,1.63701784362477e-06
1429,2.858,1.3475803746698726e-06
1430,2.86,1.107629036648609e-06
1431,2.862,9.160370167559683e-07
1432,2.864,7.680276999369767e-07
1433,2.866,6.482485373496261e-07
1434,2.868,5.460481765161934e-07
1435,2.87,4.6139528235084044e-07
1436,2.872,3.905395720415737e-07
1437,2.874,3.2841448949992276e-07
1438,2.876,2.736833485209027e-07
1439,2.878,2.2620868998679465e-07
1440,2.88,1.8517583015096825e-07
1441,2.882,1.498968041042058e-07
1442,2.884,1.203609075531825e-07
1443,2.886,9.61241227247945e-08
1444,2.888,7.641135542872399e-08
1445,2.89,6.087870837598634e-08
1446,2.892,4.95139382822141e-08
1447,2.894,4.093283118191152e-08
1448,2.896,3.3699160018184885e-08
1449,2.898,2.775163945344057e-08
1450,2.9,2.29476431786771e-08
1451,2.902,1.8876517452434095e-08
1452,2.904,1.5268612305889043e-08
1453,2.906,1.2123290947603449e-08
1454,2.908,9.438705620333216e-09
1455,2.91,7.212434049464606e-09
1456,2.912,5.442803540684809e-09
1457,2.914,4.1197277320495685e-09
1458,2.916,3.120136005850013e-09
1459,2.918,2.330181562893673e-09
1460,2.92,1.749136865419398e-09
1461,2.922,1.3453929125095646e-09
1462,2.924,1.0443894870015755e-09
1463,2.926,8.026822344270517e-10
1464,2.928,6.200881144884875e-10
1465,2.93,4.824131351319202e-10
1466,2.932,3.708541824465774e-10
1467,2.934,2.8065722850891503e-10
1468,2.936,2.1139300083154668e-10
1469,2.938,1.577496288766145e-10
1470,2.94,1.1480620669707297e-10
1471,2.942,8.252552047003858e-11
1472,2.944,5.963207053372777e-11
1473,2.946,4.282480499525597e-11
1474,2.948,3.005053400398485e-11
1475,2.95,2.1291293157510868e-11
1476,2.952,1.553520664648428e-11
1477,2.954,1.1293746944462217e-11
1478,2.956,8.077076903267236e-12
1479,2.958,5.880731011263475e-12
1480,2.96,4.351807448867758e-12
1481,2.962,3.1229508871454055e-12
1482,2.964,2.1761245686461107e-12
1483,2.966,1.4936282836745906e-12
1484,2.968,1.0001095439017192e-12
1485,2.97,6.372031459008458e-13
1486,2.972,4.0418547543206947e-13
1487,2.974,2.7433617296778014e-13
1488,2.976,1.9310602172651918e-13
1489,2.978,1.3218863029810753e-13
1490,2.98,9.1485796553261e-14
1491,2.982,6.533713361607652e-14
1492,2.984,4.599280826711326e-14
1493,2.986,3.1288846385879034e-14
1494,2.988,2.120340957556628e-14
1495,2.99,1.433541362513244e-14
1496,2.992,9.225216804709538e-15
1497,2.994,5.793326287999728e-15
1498,2.996,3.908018551267139e-15
1499,2.998,2.8434404102902214e-15
1500,3.0,2.00099842741363e-15
1501,3.002,1.3798300349089834e-15
1502,3.004,9.530581071758597e-16
1503,3.006,6.503449022299617e-16
1504,3.008,4.276078964630993e-16
1505,3.01,2.8441910827969277e-16
1506,3.012,2.017021249244006e-16
1507,3.014,1.460980195680637e-16
1508,3.016,1.030332028143356e-16
1509,3.018,7.245645621386572e-17
1510,3.02,5.118581032440903e-17
1511,3.022,3.495944344321638e-17
1512,3.024,2.2655224502310848e-17
1513,3.026,1.4254352190025106e-17
1514,3.028,8.673571087893337e-18
1515,3.03,4.723976905098052e-18
1516,3.032,2.2802313484318834e-18
1517,3.034,1.2907512379521064e-18
1518,3.036,1.0225506724571416e-18
1519,3.038,7.904196288786377e-19
1520,3.04,5.943047870888946e-19
1521,3.042,4.3351865817721e-19
1522,3.044,3.0467231178344264e-19
1523,3.046,2.0499804722638239e-19
1524,3.048,1.343972623440635e-19
1525,3.05,8.934942574140261e-20
1526,3.052,5.879541664700518e-20
1527,3.054,3.513706658958595e-20
1528,3.056,1.8356088757885268e-20
1529,3.058,7.438417584751293e-21
1530,3.06,
