Time,Time Code,Country Name,Country Code,"Agriculture, forestry, and fishing, value added (% of GDP) [NV.AGR.TOTL.ZS]",Control of Corruption: Estimate [CC.EST],Electricity production from coal sources (% of total) [EG.ELC.COAL.ZS],"Energy imports, net (% of energy use) [EG.IMP.CONS.ZS]",Energy use (kg of oil equivalent per capita) [EG.USE.PCAP.KG.OE],Fossil fuel energy consumption (% of total) [EG.USE.COMM.FO.ZS],Government Effectiveness: Estimate [GE.EST],Individuals using the Internet (% of population) [IT.NET.USER.ZS],"Labor force participation rate, total (% of total population ages 15-64) (modeled ILO estimate) [SL.TLF.ACTI.ZS]","Life expectancy at birth, total (years) [SP.DYN.LE00.IN]",Political Stability and Absence of Violence/Terrorism: Estimate [PV.EST],Proportion of seats held by women in national parliaments (%) [SG.GEN.PARL.ZS],Regulatory Quality: Estimate [RQ.EST],Rule of Law: Estimate [RL.EST],"School enrollment, primary (% gross) [SE.PRM.ENRR]",Terrestrial and marine protected areas (% of total territorial area) [ER.PTD.TOTL.ZS],"Unemployment, total (% of total labor force) (modeled ILO estimate) [SL.UEM.TOTL.ZS]",Voice and Accountability: Estimate [VA.EST]
2023,YR2023,Afghanistan,AFG,34.74324714,-1.154931784,..,..,..,..,-1.987013698,17.7,38.634,66.035,-2.484080553,..,-1.266425252,-1.649640918,..,3.6,13.991,-1.85290134
2023,YR2023,Albania,ALB,16.22256713,-0.332218528,..,..,..,..,0.250855356,83.1,71.301,79.602,0.183348969,35.71428571,0.171953663,-0.164097369,93.71381378,14.2,10.108,0.168997228
2023,YR2023,Algeria,DZA,13.08678415,-0.589308321,..,..,..,..,-0.67013514,76.9,44.941,76.261,-0.57788527,7.862407862,-0.948087156,-0.678364396,108.7616425,4.4,11.701,-0.97988379
2023,YR2023,Andorra,AND,0.478492136,1.251356125,..,..,..,..,1.475438714,95.4,..,84.041,1.583465934,50,1.350545764,1.476898909,97.62286377,26.9,..,0.996939778
2023,YR2023,Angola,AGO,14.89328441,-0.609920204,..,..,..,..,-1.008909583,44.8,76.592,64.617,-0.341505051,33.63636364,-0.761388183,-1.099066019,..,7.7,14.537,-0.737252414
2023,YR2023,Antigua and Barbuda,ATG,1.943267807,0.326792687,..,..,..,..,0.38041082,77.6,..,77.598,0.92339325,5.555555556,0.54603678,0.378593177,..,0.4,..,0.741840482
2023,YR2023,Argentina,ARG,5.929853762,-0.360883951,..,..,..,..,-0.377517343,89.2,70.886,77.395,-0.127517909,43.19066148,-0.482535392,-0.410826534,..,9.6,6.139,0.533921838
2023,YR2023,Armenia,ARM,8.481559899,0.058399647,..,..,..,..,-0.184129968,80,72.792,77.46585366,-0.829278231,35.51401869,0.047635019,-0.12201798,93.80795288,24.7,13.245,0.076707557
2023,YR2023,Australia,AUS,2.573502062,1.781204939,46.50057929,-208.482901,5078.218284,90.19,1.589879632,97.1,80.627,83.05121951,0.917057216,38.41059603,1.942205548,1.523183942,..,32.1,3.668,1.50660193
2023,YR2023,Austria,AUT,1.296970303,1.133653283,2.600099796,63.70944775,3324.726691,62.06,1.326681495,95.3,77.976,81.54146341,0.727989197,40.98360656,1.361369729,1.746565461,..,29.5,5.264,1.411248326
2023,YR2023,Azerbaijan,AZE,5.510588946,-1.195471406,..,..,..,..,-0.032642219,89,70.173,74.429,-0.730753899,18.6440678,-0.108809568,-0.566586077,101.9796982,5.5,5.636,-1.411533952
2023,YR2023,"Bahamas, The",BHS,0.454447231,1.266910076,..,..,..,..,0.270353258,94.8,80.45,74.552,1.008562326,17.94871795,0.007183752,0.179566532,77.93193054,8.6,8.643,0.860349119
2023,YR2023,Bahrain,BHR,0.251492807,0.177784815,..,..,0,..,0.697198749,100,73.154,81.284,-0.373967588,20,1.077985287,0.468770444,93.74128723,20.5,1.154,-1.377833009
2023,YR2023,Bangladesh,BGD,11.00369002,-1.120866418,..,..,..,..,-0.697334111,44.5,64.544,74.672,-0.908656716,20.85714286,-0.91415298,-0.502657235,111.5953844,5.9,4.454,-0.753886342
2023,YR2023,Barbados,BRB,1.854009024,1.344585896,..,..,..,..,0.380443245,80,75.87,76.178,1.187128544,26.66666667,0.503107727,0.414195389,93.44592285,0,7.878,1.162192225
2023,YR2023,Belarus,BLR,7.248599571,-0.665028036,..,..,..,..,-0.991465747,91.5,79.324,74.18378049,-0.729365647,40,-1.419533491,-1.250942707,94.73578644,13.8,3.461,-1.667396545
2023,YR2023,Belgium,BEL,0.769218254,1.336844444,2.246237068,89.65344023,3997.421958,69.34,1.037021995,94.6,70.576,82.39756098,0.403853089,42.66666667,1.168224812,1.29537487,..,17.8,5.528,1.325729012
2023,YR2023,Belize,BLZ,8.101146127,-0.226113811,..,..,..,..,-0.376311779,72.4,65.014,73.566,0.585325778,15.625,-0.430582851,-0.635611892,96.9522934,21.1,8.267,0.539004624
2023,YR2023,Benin,BEN,25.40197237,-0.049579449,..,..,..,..,-0.218984127,32.2,76.598,60.774,-0.346559435,26.60550459,-0.2958363,-0.505709648,..,23.5,1.657,-0.218986943
2023,YR2023,Bhutan,BTN,14.96154042,1.531422734,..,..,..,..,0.566305339,88.4,67.738,72.975,0.982800424,17.39130435,-0.401030838,0.667693257,..,49.7,3.126,0.20014222
2023,YR2023,Bolivia,BOL,13.4661293,-0.838301063,..,..,..,..,-0.639481068,70.2,80.28,68.581,-0.313183635,46.15384615,-1.177118778,-1.21933794,98.93453979,30.9,3.024,-0.265191317
2023,YR2023,Bosnia and Herzegovina,BIH,4.653222125,-0.581560016,..,..,..,..,-0.967812538,83.4,62.678,77.85,-0.353373319,19.04761905,-0.141291112,-0.351819545,87.23724365,4.1,10.668,-0.319465935
2023,YR2023,Botswana,BWA,1.664615689,0.685792089,..,..,..,..,0.430828422,81.4,70.631,69.163,1.038439989,11.11111111,0.497434795,0.390436381,..,29.1,23.381,0.504056931
2023,YR2023,Brazil,BRA,6.023060235,-0.503643155,1.989977332,-13.57212534,1477.285051,49.35,-0.546764314,84.2,70.266,75.848,-0.408567786,17.54385965,-0.296478212,-0.308802843,..,29.5,7.947,0.382853866
2023,YR2023,Brunei Darussalam,BRN,1.173122166,1.278036118,..,..,..,..,1.401787043,99,68.728,75.327,1.366000652,11.76470588,0.976891637,0.886853814,93.48573643,9,5.183,-0.715453029
2023,YR2023,Bulgaria,BGR,2.517578651,-0.137721658,..,..,..,..,0.047112051,80.4,73.783,75.70731707,0.341861486,24.16666667,0.407896698,-0.006857681,..,33.1,4.319,0.388988107
2023,YR2023,Burkina Faso,BFA,16.33445505,-0.169615507,..,..,..,..,-0.826227486,17,48.566,61.092,-2.03523159,16.90140845,-0.485633552,-0.74177897,72.32357025,16.4,5.348,-0.809887171
2023,YR2023,Burundi,BDI,25.34187423,-1.556025982,..,..,..,..,-1.200113416,11.1,79.7,63.651,-1.172402978,38.21138211,-0.985730171,-1.251056314,..,7.6,0.921,-1.366918325
2023,YR2023,Cabo Verde,CPV,4.634221175,0.984857202,..,..,..,..,0.013676665,73.5,62.329,76.059,0.903245568,41.66666667,0.242902502,0.400105774,..,0,11.971,0.958101332
2023,YR2023,Cambodia,KHM,17.07844725,-1.299216747,..,..,..,..,-0.305874288,60.7,83.65,70.668,0.044493821,13.6,-0.684618413,-0.81912744,111.392143,31.8,0.225,-1.292421818
2023,YR2023,Cameroon,CMR,17.29494102,-1.162559748,..,..,..,..,-0.906262577,41.9,66.193,63.7,-1.400436401,33.88888889,-0.91347301,-1.038197875,112.6423264,11,3.613,-1.066397071
2023,YR2023,Canada,CAN,..,1.67150104,4.330692959,-87.19171772,7418.42238,76.78,1.516803265,94,80.297,81.64658537,0.822420537,30.6547619,1.644710422,1.473005652,..,11.5,5.415,1.479646206
2023,YR2023,Central African Republic,CAF,28.61105552,-1.311393023,..,..,..,..,-1.735009193,..,73.717,57.408,-2.203107119,12.85714286,-1.46841526,-1.7595011,..,18.1,5.877,-1.262248158
2023,YR2023,Chad,TCD,35.04177599,-1.482406974,..,..,..,..,-1.479148746,13.2,60.483,55.069,-1.559462905,25.88832487,-1.156420708,-1.354239225,91.77436829,21,1.074,-1.434938669
2023,YR2023,Chile,CHL,3.490227334,0.96860379,17.28327521,63.54010512,1959.704568,66.66,0.717555761,94.5,69.496,81.167,0.136159942,35.48387097,0.925731719,0.625093758,..,37.9,9.013,1.017949224
2023,YR2023,China,CHN,6.889519411,-0.005370105,..,..,..,..,0.679014027,77.5,75.03,77.953,-0.513097048,26.536782,-0.356507808,-0.040129971,99.32386017,14.7,4.67,-1.504554152
2023,YR2023,Colombia,COL,8.807922947,-0.309191287,10.80095859,-130.12494,782.3048881,75.26,-0.07587792,77.3,69.087,77.725,-0.71731323,28.87700535,0.101034269,-0.458272934,..,16.7,9.594,0.20521374
2023,YR2023,Comoros,COM,35.94277039,-0.990109265,..,..,..,..,-1.535102248,35.7,52.258,66.777,-0.226316765,16.66666667,-1.238432407,-1.341284752,94.68907325,0.7,3.776,-0.808809578
2023,YR2023,"Congo, Dem. Rep.",COD,17.43982318,-1.480511904,..,..,..,..,-1.689066291,30.5,65.916,61.895,-2.044862032,12.8,-1.408575654,-1.670736194,119.937561,13.8,4.484,-1.21333003
2023,YR2023,"Congo, Rep.",COG,8.952115876,-1.345278859,..,..,..,..,-1.334287405,38.4,68.882,65.772,0.019162007,14.56953642,-1.239406347,-1.020587325,89.00003052,33.3,19.898,-1.154166698
2023,YR2023,Costa Rica,CRI,3.800476573,0.653749406,..,55.47368625,966.9714504,51.55,0.260196477,85.4,63.926,80.799,0.984186828,47.36842105,0.543547571,0.389316648,..,28.8,8.325,1.069906354
2023,YR2023,Cote d'Ivoire,CIV,15.20474884,-0.313007414,..,..,..,..,-0.359512031,40.7,67.835,61.944,-0.631788194,13.7254902,-0.116081379,-0.461197138,101.6504974,14.9,2.27,-0.375480622
2023,YR2023,Croatia,HRV,3.357268619,0.181928679,..,..,..,..,0.712653697,83.2,69.877,78.47317073,0.59771204,31.78807947,0.643900275,0.360605568,..,23.9,6.086,0.569745064
2023,YR2023,Cuba,CUB,1.307012841,-0.05509086,..,..,..,..,-0.475527823,71.3,63.662,78.085,0.384215951,55.74468085,-1.501361966,-0.453039199,98.40624237,6.7,1.719,-1.248908997
2023,YR2023,Cyprus,CYP,1.179084651,0.332707405,..,..,..,..,0.737739921,91.2,79.761,81.648,0.409627169,14.28571429,0.778258264,0.628040314,..,11.2,6.098,0.974570155
2023,YR2023,Czechia,CZE,1.730518021,0.767809868,39.29445272,41.55118936,3525.588364,67.78,1.114011407,86,77.299,79.87804878,0.967361629,26,1.30448854,1.142183661,..,22.2,2.579,1.076549172
2023,YR2023,Denmark,DNK,0.756712777,2.376053095,7.434024505,44.43324831,2483.13781,50.01,2.015648842,98.8,80.754,81.85365854,0.85084796,43.57541899,1.839519858,1.908935905,..,17.9,5.094,1.664699316
2023,YR2023,Djibouti,DJI,2.490075784,-0.78092742,..,..,..,..,-0.731475413,65,33.555,65.987,-0.516700983,26.15384615,-0.933053493,-1.125167727,..,1.2,26.154,-1.274346471
2023,YR2023,Dominica,DMA,12.10972171,0.544514537,..,..,..,..,0.260825008,83.8,..,71.132,1.285264254,37.5,0.308252662,0.624852598,89.88308716,0.6,..,0.786084831
2023,YR2023,Dominican Republic,DOM,4.29425304,-0.449474931,..,..,..,..,0.128034413,84.6,68.712,73.72,0.239014015,27.89473684,0.171186909,-0.128592283,94.71645355,18.7,5.555,0.325887054
2023,YR2023,East Asia & Pacific (IDA & IBRD),TEA,7.553082484,..,..,..,..,..,..,..,73.27933261,75.90856436,..,23.31002331,..,..,101.8160019,8.615730812,3.990239378,..
2023,YR2023,Ecuador,ECU,7.995473633,-0.647337437,..,..,..,..,-0.494244993,72.7,67.882,77.392,-0.338139981,43.06569343,-0.718200982,-0.957790792,97.30069733,20,3.51,-0.061911304
2023,YR2023,"Egypt, Arab Rep.",EGY,10.60031116,-0.747790396,..,..,..,..,-0.239516973,72.7,45.483,71.633,-0.866764307,27.53378378,-0.665456295,-0.184178427,90.30618286,11.6,7.334,-1.379389763
2023,YR2023,El Salvador,SLV,4.450412566,-0.56131506,..,..,..,..,0.050439022,67.7,64.642,72.099,0.0023324,27.38095238,-0.307905406,-0.369357318,91.05136108,2.1,2.992,-0.474436671
2023,YR2023,Equatorial Guinea,GNQ,3.093410455,-1.570372701,..,..,..,..,-1.320349097,60.4,62.214,63.707,-0.235371336,31,-1.474425912,-1.338686466,..,1.8,8.367,-1.676851034
2023,YR2023,Eritrea,ERI,..,-1.475264907,..,..,..,..,-1.793756127,20,80.545,68.624,-0.792767763,..,-2.362993002,-1.762055755,..,0,5.586,-1.862361073
2023,YR2023,Estonia,EST,1.926658365,1.538122296,44.59721488,1.78784267,2880.943565,60.93,1.263469934,93.2,81.335,78.4902439,0.660533905,28.71287129,1.429643512,1.426388979,..,20.2,6.378,1.219925523
2023,YR2023,Eswatini,SWZ,6.779136219,-0.734985471,..,..,..,..,-0.884958327,57.6,50.067,64.123,-0.357591271,17.14285714,-0.717471898,-0.597746074,113.5388107,4.3,35.086,-1.164638162
2023,YR2023,Ethiopia,ETH,35.78648078,-0.465061635,..,..,..,..,-0.768662095,..,69.15,67.315,-1.969567776,41.31355932,-1.021079421,-0.670203269,84.47217926,17,3.402,-1.060667157
2023,YR2023,Europe & Central Asia (IDA & IBRD),TEC,4.537852769,..,44.39945444,62.98715002,..,82.59335764,..,..,68.96387375,74.7300564,..,25.06288589,..,..,97.42687988,9.483953942,5.160330972,..
2023,YR2023,Fiji,FJI,11.73291026,0.506272018,..,..,..,..,0.490778685,79.3,60.333,67.316,0.74434346,10.90909091,-0.090223096,0.304903954,107.6482103,1,4.322,0.186145917
2023,YR2023,Finland,FIN,2.305870622,2.221516609,4.08736811,31.82651352,5866.626075,32.66,1.738606572,93.5,79.704,81.68536585,0.713986695,46,1.765149355,1.967045903,..,13.1,7.151,1.63263607
2023,YR2023,France,FRA,1.740502752,1.184821844,0.587854672,47.1513489,3138.35191,46.47,1.14462626,86.8,73.688,82.92926829,0.343697965,37.78162912,1.153505445,1.180570841,..,36.6,7.335,1.154601336
2023,YR2023,Gabon,GAB,6.308829293,-1.01552844,..,..,..,..,-0.779809296,71.9,53.288,68.337,-0.335527301,24.48979592,-0.70481956,-0.87269336,..,25.1,20.278,-0.919151187
2023,YR2023,"Gambia, The",GMB,23.22462834,-0.281129718,..,..,..,..,-0.590593457,45.9,48.696,65.86,-0.012019929,8.620689655,-0.63958782,-0.374314547,93.74525035,2.9,6.479,-0.04100858
2023,YR2023,Georgia,GEO,6.015795081,0.617694795,..,..,..,..,0.791285872,81.9,68.863,74.496,-0.335554123,18.43971631,0.946578145,0.177279338,103.3378983,8.5,11.537,0.034713134
2023,YR2023,Germany,DEU,0.841992092,1.664166212,26.61580799,69.77173421,2925.37272,77.6,1.185416698,92.5,79.861,80.54146341,0.586989284,35.19021739,1.456974983,1.551207781,..,38.7,3.068,1.461385727
2023,YR2023,Ghana,GHA,20.94306878,-0.099021114,..,..,..,..,-0.092661589,69.9,64.854,65.498,-0.021620704,14.54545455,-0.180652201,-0.099637888,..,7.7,3.063,0.410351545
2023,YR2023,Greece,GRC,3.343435145,0.097846925,9.639819385,90.32763246,1868.755073,79.08,0.148003027,85,69.273,81.53658537,0.239744067,23,0.578935325,0.213158578,..,11,11.066,1.012167215
2023,YR2023,Grenada,GRD,3.187058273,0.55816859,..,..,..,..,-0.006056052,74.1,..,75.205,1.018019199,31.25,0.314693749,0.604949296,..,0.2,..,0.753503501
2023,YR2023,Guatemala,GTM,9.686707094,-1.121612906,..,..,..,..,-0.897167265,56.1,62.055,72.602,-0.244364932,20,-0.290354937,-1.07527709,103.0463867,10.1,2.344,-0.533699274
2023,YR2023,Guinea,GIN,29.47143977,-0.897673428,..,..,..,..,-0.9079386,26.5,53.161,60.74,-0.877875149,29.62962963,-1.076057434,-1.113966107,..,26.1,5.244,-1.145053148
2023,YR2023,Guinea-Bissau,GNB,34.01552099,-1.17836988,..,..,..,..,-1.432584286,32.5,62.57,64.085,-0.32766524,9.803921569,-1.249875188,-1.436436892,..,13.4,2.65,-0.436878204
2023,YR2023,Guyana,GUY,9.743620709,-0.383745015,..,..,..,..,-0.294487,81.7,53.362,70.18,-0.055172037,36.61971831,-0.563037872,-0.342232913,98.9540329,5.2,12.025,0.148810402
2023,YR2023,Haiti,HTI,17.45712992,-1.443874121,..,..,..,..,-2.225333929,..,66.592,64.936,-1.434521794,..,-1.390601754,-1.363607526,..,2.8,14.556,-1.179977417
2023,YR2023,Honduras,HND,11.97879484,-1.111958146,..,..,..,..,-0.795222759,58.3,59.326,72.884,-0.459217161,27.34375,-0.550886929,-1.095008135,86.55229187,11,6.07,-0.453701526
2023,YR2023,Hungary,HUN,2.900756506,-0.000498131,7.061606037,62.53435328,2493.391257,64.22,0.372758895,91.5,78.074,76.77073171,0.731891811,14.07035176,0.318309367,0.427084535,..,22.6,4.107,0.359528899
2023,YR2023,IBRD only,IBD,7.68614228,..,16.09584745,14.13319025,..,70.19722707,..,..,66.0320973,74.52096995,..,25.71916138,..,..,103.9576111,14.65380588,5.164780802,..
2023,YR2023,Iceland,ISL,4.283123737,1.551306129,..,..,15892.41585,10.33,1.555120945,99.8,86.713,82.60731707,1.214403749,47.61904762,1.284443855,1.721117616,..,2.9,3.518,1.445901752
2023,YR2023,IDA & IBRD total,IBT,8.507809045,..,15.97956496,14.4266345,..,68.44036365,..,..,65.80518871,72.00082092,..,24.84888449,..,..,101.9996033,12.80140058,5.03556816,..
2023,YR2023,IDA blend,IDB,20.58417468,..,..,22.55591653,..,19.77,..,..,67.1946018,62.46216433,..,20.4879938,..,..,..,7.420096133,4.415089752,..
2023,YR2023,IDA only,IDX,19.73455087,..,..,..,..,..,..,..,63.94270191,67.05383189,..,24.48537378,..,..,103.3656693,8.85492747,4.748146829,..
2023,YR2023,IDA total,IDA,20.02762286,..,..,22.55591653,..,19.77,..,..,65.10226312,65.45352231,..,23.53751492,..,..,..,8.560395802,4.62580357,..
2023,YR2023,India,IND,16.19318936,-0.366014749,..,..,..,..,0.475110143,..,57.922,72.003,-0.63507694,15.24163569,-0.136969581,0.188364565,112.0312309,4.4,4.172,0.094404489
2023,YR2023,Indonesia,IDN,12.52942148,-0.486872196,..,..,..,..,0.580326378,69.2,69.073,71.146,-0.404375315,21.56521739,0.301378757,-0.153604463,100.2281066,5.3,3.308,0.138982818
2023,YR2023,"Iran, Islamic Rep.",IRN,12.83576447,-1.23189044,..,..,..,..,-1.022396922,79.6,44.233,77.654,-1.694100976,5.594405594,-1.687473536,-1.060954928,..,7.7,9.041,-1.453584194
2023,YR2023,Iraq,IRQ,3.106031214,-1.321037531,..,..,..,..,-1.389606357,81.7,43.022,72.324,-2.413098097,29.05198777,-1.438327312,-1.693166852,..,1.5,15.447,-0.958918929
2023,YR2023,Ireland,IRL,0.875702556,1.575288892,4.342281451,85.99037795,2459.078618,82.36,1.591145515,96.5,77.226,82.86097561,0.901911557,23.125,1.749363899,1.633583546,..,4,4.288,1.483456016
2023,YR2023,Israel,ISR,1.286145939,0.829359412,17.50269795,14.09158665,2435.439995,96.52,1.145369768,87,73.636,83.19512195,-1.464848399,24.16666667,1.121797919,0.783846438,..,10.5,3.596,0.644264638
2023,YR2023,Italy,ITA,1.869240261,0.550129175,5.439829267,79.82158566,2317.730291,76.77,0.611036897,87,66.696,83.7,0.583320737,32.25,0.644031763,0.390358686,..,14.5,7.627,1.115530849
2023,YR2023,Jamaica,JAM,9.023869169,-0.112082988,..,..,..,..,0.407290459,83.4,71.915,71.479,0.384837329,28.57142857,0.098033436,-0.174516574,84.46170807,1.6,4.4,0.564285994
2023,YR2023,Japan,JPN,0.937452749,1.395660639,28.54715577,87.22375882,3040.65375,84.82,1.631265044,87,81.51,84.04121951,0.951136231,10.34482759,1.4693259,1.535539389,..,15.2,2.6,1.105505347
2023,YR2023,Jordan,JOR,4.811978188,0.08865869,..,..,..,..,0.386213511,92.5,40.916,77.814,-0.202734202,12.30769231,0.217705458,0.257768124,98.29949188,4.5,17.969,-0.774707794
2023,YR2023,Kazakhstan,KAZ,3.825003114,-0.266593069,..,..,..,..,0.146814674,92.9,79.801,74.402,-0.273346007,18.36734694,0.065954529,-0.446781367,100.5227655,11.7,4.821,-1.0038414
2023,YR2023,Kenya,KEN,21.80995639,-0.770913005,..,22.55591653,543.7657432,19.77,-0.303605199,35,67.459,63.646,-0.937771916,23.27586207,-0.390806586,-0.326221645,..,10.3,5.567,-0.124170683
2023,YR2023,Kiribati,KIR,..,0.411750495,..,..,..,..,-0.096573107,88,..,66.473,1.099889398,6.666666667,-0.278862417,0.587936819,93.35189056,11.8,..,1.089840889
2023,YR2023,"Korea, Dem. People's Rep.",PRK,..,-1.584476352,..,..,..,..,-1.484099746,..,88.77,73.642,-0.366169572,17.61280932,-2.386330366,-1.6428684,..,1.3,2.831,-1.979208708
2023,YR2023,"Korea, Rep.",KOR,1.595605728,0.894088566,33.02441364,84.64720757,5351.122331,79.05,1.404807329,97.4,70.658,83.42926829,0.609834731,19.06354515,1.122523189,1.248502254,..,5.9,2.675,0.85959518
2023,YR2023,Kuwait,KWT,0.468735686,0.206611827,..,..,..,..,0.007540271,99.7,75.613,83.18780488,0.408179194,3.076923077,0.32092154,0.341668487,..,11.4,2.127,-0.594156504
2023,YR2023,Kyrgyz Republic,KGZ,9.492161082,-1.221095324,..,..,..,..,-0.890727878,88.5,69.259,72.24878049,-0.481219769,20,-0.616720378,-1.174122453,96.17982722,6.7,3.991,-0.723200381
2023,YR2023,Lao PDR,LAO,16.13905684,-0.973836362,..,..,..,..,-0.643278599,63.6,68.437,68.964,0.814461768,21.95121951,-0.927797914,-0.832905531,96.76164046,19,1.188,-1.632254362
2023,YR2023,Latin America & Caribbean (IDA & IBRD),TLA,6.633528807,..,4.965892412,-7.464545817,..,64.71704987,..,..,68.66951787,75.56992584,..,33.1163066,..,..,104.6634674,23.64099422,6.277058031,..
2023,YR2023,Latvia,LVA,3.91326312,0.698113978,0,33.82712074,2370.27307,47.81,0.696560979,92.2,76.639,75.67804878,0.591089129,32,1.172222614,1.039860964,..,17.5,6.465,0.993027687
2023,YR2023,Lebanon,LBN,0.966455367,-1.227062464,..,..,..,..,-1.58038187,83.5,50.726,77.817,-1.519039154,6.25,-1.014461637,-1.165075183,79.78897858,0.8,11.543,-0.654260397
2023,YR2023,Lesotho,LSO,6.639229331,-0.509478509,..,..,..,..,-0.953606308,48,59.98,57.375,-0.305760801,26.44628099,-0.590149462,-0.480017185,86.37055697,21.3,16.457,0.029938033
2023,YR2023,Liberia,LBR,34.55580866,-0.888349295,..,..,..,..,-1.355364323,23.5,77.755,62.163,-0.11620944,10.95890411,-0.923699856,-1.031630754,..,1.2,2.933,0.053893935
2023,YR2023,Libya,LBY,1.774784652,-1.525018811,..,..,..,..,-1.635889053,88.5,51.86,69.339,-2.16801548,16.47058824,-1.945918322,-1.769776106,..,0.2,18.753,-1.391116977
2023,YR2023,Liechtenstein,LIE,..,1.710172415,..,..,..,..,1.627819538,97.3,..,84.84146341,1.61275816,28,1.621230841,1.712673545,..,42.6,..,1.403935194
2023,YR2023,Lithuania,LTU,2.715391,0.78154552,..,72.13231871,2340.154718,61.44,1.050121188,88.5,78.175,76.98780488,0.742111504,28.36879433,1.33804214,1.267196178,..,17.8,6.841,1.07111299
2023,YR2023,Luxembourg,LUX,0.212423662,1.926659107,..,106.2876625,4656.891087,70.39,1.9142133,99.3,74.007,83.35853659,1.054001689,33.33333333,1.929063201,1.752434731,..,55.8,5.184,1.632662892
2023,YR2023,Madagascar,MDG,22.40473889,-1.000182152,..,..,..,..,-1.022776127,20.4,86.342,63.632,-0.690745652,18.54304636,-0.799546599,-0.974946022,135.7880531,3.1,3.069,-0.31951648
2023,YR2023,Malawi,MWI,30.37923388,-0.602811515,..,..,..,..,-0.859506547,18,67.847,67.353,-0.235615641,20.7253886,-0.772310615,-0.15549551,135.4289283,22.9,5.033,0.075614944
2023,YR2023,Malaysia,MYS,7.785903839,0.295621365,..,..,..,..,0.875369668,97.7,69.753,76.657,0.168514699,13.51351351,0.660894275,0.571915448,98.84369026,8.8,3.869,0.087619409
2023,YR2023,Maldives,MDV,5.105201144,-0.396943331,..,..,..,..,-0.127973482,84.7,65.907,81.041,0.530120909,4.597701149,-0.67203939,-0.078601524,97.54308686,0.1,4.241,-0.137529925
2023,YR2023,Mali,MLI,32.49041239,-0.861831546,..,..,..,..,-1.138598084,35.1,70.935,60.439,-2.729136229,28.57142857,-0.679561257,-0.977649748,74.4169693,7.5,2.956,-1.011747122
2023,YR2023,Malta,MLT,0.003894581,0.109746583,..,..,..,..,0.397335052,92.1,80.377,83.50731707,0.858121693,27.84810127,0.687359095,0.702327609,..,7.6,3.11,0.913654506
2023,YR2023,Marshall Islands,MHL,19.47180872,0.411750495,..,..,..,..,0.069975346,65.7,..,66.945,1.184979081,12.12121212,-0.422844559,0.676997244,..,0.3,..,1.125557542
2023,YR2023,Mauritania,MRT,18.74292463,-0.822652638,..,..,..,..,-0.763598621,37.4,42.003,68.484,-0.503423989,23.29545455,-0.997108281,-0.639136493,111.7692795,1.1,10.446,-0.656128466
2023,YR2023,Mauritius,MUS,4.005971908,0.45319736,..,..,..,..,0.710137606,79.5,64.698,73.41219512,0.775418818,20,1.064478636,0.805268526,110.9115829,0,5.571,0.61570698
2023,YR2023,Mexico,MEX,3.838183241,-1.020578742,6.558347549,13.87950997,1400.945532,88.66,-0.198361441,81.2,66.026,75.069,-0.630761027,50,-0.171988308,-0.806393921,..,19,2.765,-0.115086064
2023,YR2023,"Micronesia, Fed. Sts.",FSM,23.28258451,0.783704281,..,..,..,..,0.23234731,..,..,67.198,1.080778599,14.28571429,-0.580112159,0.643969178,..,0,..,1.085135579
2023,YR2023,"Middle East, North Africa, Afghanistan & Pakistan (IDA & IBRD)",TMN,12.814771,..,..,..,..,..,..,..,47.31940317,71.31945609,..,16.98653681,..,..,97.48094177,4.725071203,8.919076142,..
2023,YR2023,Moldova,MDA,7.084548485,-0.280338466,..,..,..,..,-0.164951995,80.2,72.367,71.198,-0.683699608,38.61386139,0.105498053,-0.152658582,..,11.4,1.555,0.236791402
2023,YR2023,Monaco,MCO,..,1.251356125,..,..,..,..,2.022952557,99.1,..,86.372,1.184979081,45.83333333,1.350545764,1.476898909,..,99.2,..,0.653967857
2023,YR2023,Mongolia,MNG,9.920602813,-0.492604405,..,..,..,..,-0.471535772,83,64.985,72.12243902,0.592669785,17.10526316,-0.17553468,-0.184480712,95.77623108,19.8,5.503,0.250342101
2023,YR2023,Montenegro,MNE,5.472186501,-0.079309873,..,..,..,..,0.247063115,89.8,59.846,77.58780488,0.069302291,20.98765432,0.374201149,-0.042156469,106.1096191,9.2,14.621,0.342006296
2023,YR2023,Morocco,MAR,11.06461987,-0.536348581,..,..,..,..,-0.03591511,91,47.775,75.313,-0.367761225,24.30379747,-0.064207993,-0.127505928,114.4730911,1.6,9.044,-0.489260077
2023,YR2023,Mozambique,MOZ,25.91145116,-0.828437746,..,..,..,..,-0.716628909,19.8,79.162,63.611,-1.268691301,43.2,-0.708528399,-1.026323438,120.0051615,18,3.519,-0.593393087
2023,YR2023,Myanmar,MMR,22.72223097,-1.216499329,..,..,..,..,-1.752802014,58.5,59.642,66.889,-2.125270128,..,-1.436849356,-1.616940856,..,3.9,3.032,-1.843598604
2023,YR2023,Namibia,NAM,7.677657669,0.110072032,..,..,..,..,0.030896656,64.4,60.389,67.385,0.544777215,44.23076923,-0.062260792,0.445467591,..,24.5,19.365,0.583879411
2023,YR2023,Nauru,NRU,..,0.588616431,..,..,..,..,-0.067808069,..,..,62.109,0.976578057,10.52631579,0.009585857,-0.018410901,100.6410294,0,..,0.64049381
2023,YR2023,Nepal,NPL,21.29871311,-0.507927954,..,..,..,..,-0.80780375,55.8,42.273,70.354,-0.226184994,33.08823529,-0.661413729,-0.462669462,122.9840624,23.6,10.628,-0.02311586
2023,YR2023,Netherlands,NLD,1.722556878,1.867100477,8.823796062,87.63070435,3398.51558,83.52,1.625531912,97,85.497,81.91463415,0.658281982,40,1.790966392,1.642504454,..,25.3,3.537,1.5562644
2023,YR2023,New Zealand,NZL,..,2.084095478,2.45398773,31.53316997,3625.662496,55.44,1.529976845,96.2,83.274,83.00487805,1.358569622,44.26229508,1.910228372,1.705708027,..,30.6,3.729,1.68778348
2023,YR2023,Nicaragua,NIC,15.32857463,-1.388440132,..,..,..,..,-1.08494556,58.2,68.085,74.947,-0.125550047,51.64835165,-0.878058851,-1.278186917,105.9080505,10,4.716,-1.38733542
2023,YR2023,Niger,NER,32.50582185,-0.563843966,..,..,..,..,-0.64091593,23.2,73.43,61.183,-1.668859601,..,-0.816925287,-0.708088696,68.52601624,18.2,0.425,-0.695484281
2023,YR2023,Nigeria,NGA,22.72493804,-1.040974379,..,..,..,..,-0.847906709,39.2,83.415,54.462,-1.768438339,3.910614525,-0.936865151,-0.887689292,..,11.6,3.074,-0.548258185
2023,YR2023,North Macedonia,MKD,6.627098574,-0.348615468,..,..,..,..,-0.051317345,87.2,65.889,75.31609756,0.170306504,42.5,0.427339256,-0.168044895,..,15.4,13.174,0.1626973
2023,YR2023,Norway,NOR,2.080148441,2.113521576,0.095549214,-741.0286981,4649.295606,46.29,1.799935341,99,80.318,83.11219512,0.892857432,46.15384615,1.597523451,1.833981514,..,5.6,3.572,1.777254343
2023,YR2023,Oman,OMN,2.448123506,0.215157956,..,..,..,..,0.274613231,95.3,69.98,80.031,0.586623669,0,0.43453747,0.612812102,95.56137085,1.7,3.176,-1.004403591
2023,YR2023,Pakistan,PAK,23.33426537,-0.999357462,..,..,..,..,-0.57779038,27.4,54.876,67.649,-1.932730794,20.46783626,-0.901008189,-0.859885514,..,9.8,5.408,-0.959140301
2023,YR2023,Palau,PLW,2.989826826,0.588616431,..,..,..,..,0.442303985,..,..,69.269,1.080778599,6.25,0.401355356,0.93546778,95.89322382,100,..,1.085135579
2023,YR2023,Panama,PAN,2.45028213,-0.628094196,..,..,..,..,-0.209720731,78,70.545,79.594,0.213101849,22.53521127,0.118782818,-0.34598121,94.5526123,27.7,6.544,0.547549784
2023,YR2023,Papua New Guinea,PNG,16.95959081,-0.657154024,..,..,..,..,-0.802389979,24.1,52.735,66.134,-0.478844821,2.702702703,-0.642708242,-0.539805591,..,0.7,2.661,0.005011123
2023,YR2023,Paraguay,PRY,11.5802751,-1.057722926,..,..,..,..,-0.462065369,78.1,74.22,73.844,0.082041629,22.5,-0.078939348,-0.582174599,92.37779236,14.3,5.794,0.042024303
2023,YR2023,Peru,PER,7.240503999,-0.721040905,..,..,..,..,-0.491872787,79.5,76.588,77.74,-0.521785557,38.75968992,0.292205185,-0.538132668,107.4897537,16.8,4.899,0.060481496
2023,YR2023,Philippines,PHL,9.400366529,-0.537639976,..,..,..,..,0.15409191,83.8,63.476,69.833,-0.56605047,27.33118971,0.164254963,-0.418147117,93.40895249,3.7,2.222,-0.016837973
2023,YR2023,Poland,POL,2.765371095,0.565399945,60.27187337,48.8511372,2656.737416,84.61,0.4214378,86.4,74.689,78.50731707,0.559584558,29.34782609,0.780193567,0.458741248,..,38,2.743,0.626450896
2023,YR2023,Portugal,PRT,2.11415912,0.69631207,..,77.7202529,1845.235964,63.08,0.98755002,85.8,77.653,82.2804878,0.712578118,36.08695652,0.75535655,1.0676651,..,17.2,6.509,1.211282969
2023,YR2023,Qatar,QAT,0.292779131,0.70220983,..,..,..,..,1.19741261,99.7,88.579,82.368,0.993381143,4.444444444,0.977040887,0.932885051,..,5.8,0.13,-0.970600128
2023,YR2023,Romania,ROU,3.87724564,0.040495344,..,..,..,..,-0.092665948,89.2,66.732,76.60731707,0.373643965,19.09090909,0.318900615,0.437425792,..,24.4,5.589,0.503180325
2023,YR2023,Russian Federation,RUS,2.972235898,-1.104678273,..,..,..,..,-0.712461889,92.2,75.719,73.25463415,-1.134333849,16.44444444,-1.122071862,-1.187642694,97.74620056,8.6,3.076,-1.285539627
2023,YR2023,Rwanda,RWA,26.61212749,0.671653092,..,..,..,..,0.388362646,34.2,65.948,67.785,0.108091474,61.25,0.124717452,0.205150455,151.8948212,9.1,12.352,-0.902328312
2023,YR2023,Samoa,WSM,10.97385808,0.727086067,..,..,..,..,0.492577106,58.1,46.301,71.698,1.0981884,12.96296296,-0.270534545,0.900673032,102.2881356,0.3,4.977,1.019602895
2023,YR2023,San Marino,SMR,..,1.251356125,..,..,..,..,1.201681733,87,..,85.706,1.184979081,33.33333333,0.931279719,1.476898909,95.12036133,..,..,1.24682343
2023,YR2023,Sao Tome and Principe,STP,13.706408,0.360224694,..,..,..,..,-0.902435243,61.5,23.573,69.718,0.440705031,14.54545455,-0.940236151,-0.694839358,..,0.2,9.071,0.252305746
2023,YR2023,Saudi Arabia,SAU,2.457692991,0.536042988,..,..,..,..,0.796441078,100,65.234,78.732,-0.21322453,19.86754967,0.517070889,0.414570838,..,14.2,4.008,-1.416692495
2023,YR2023,Senegal,SEN,17.41125121,0.057832226,..,..,..,..,0.069675192,60.6,51.682,68.683,-0.138591379,46.06060606,-0.345079482,-0.273632854,82.59095764,15.5,2.8,0.133976579
2023,YR2023,Serbia,SRB,3.78659627,-0.447204262,..,..,..,..,0.007634319,85.4,72.173,76.22097561,-0.039109707,34.8,0.137915701,-0.074504487,..,8.1,8.268,-0.05500016
2023,YR2023,Seychelles,SYC,2.496453356,1.628847718,..,..,..,..,0.624744177,87.4,..,74.95853659,0.763500512,22.85714286,0.211075112,0.432935119,97.13591766,32.8,..,0.55641067
2023,YR2023,Sierra Leone,SLE,29.0697648,-0.574557841,..,..,..,..,-1.155583739,20.6,54.844,61.786,-0.238688722,28.18791946,-1.064179897,-0.832963288,153.0924032,5.1,3.153,-0.296392292
2023,YR2023,Singapore,SGP,0.028849802,2.040184021,..,..,..,..,2.317471981,94.3,76.097,82.89512195,1.42420423,29.12621359,2.308591366,1.753175378,..,2.5,3.444,-0.065411933
2023,YR2023,Slovak Republic,SVK,2.125167925,0.292565286,5.67201402,57.25461054,3204.156562,59.47,0.229512304,87.2,76.455,78.01707317,0.573219299,22,0.601919115,0.603365183,..,37.6,5.84,0.912476003
2023,YR2023,Slovenia,SVN,1.519321619,0.776647091,19.67991998,48.89891633,2878.154437,57.79,1.039294004,90.4,76.701,81.97804878,0.818632841,37.77777778,0.731421769,1.038807869,..,40.1,3.652,1.079099417
2023,YR2023,Solomon Islands,SLB,..,-0.134710744,..,..,..,..,-0.733603537,42.5,85.817,70.528,0.445870101,8,-0.780060709,-0.262915134,84.73824234,0.2,1.455,0.340079069
2023,YR2023,Somalia,SOM,..,-1.732833624,..,..,..,..,-1.980202556,..,34.794,58.816,-2.377600908,19.7080292,-1.879818201,-2.212004662,21.19832993,0,18.941,-1.662681341
2023,YR2023,South Africa,ZAF,2.616810424,-0.284670442,..,..,..,..,-0.256946683,75.7,62.712,66.139,-0.665642023,45.86466165,-0.223697945,0.086235084,..,12.7,32.098,0.74489218
2023,YR2023,South Asia (IDA & IBRD),TSA,15.52512824,..,..,..,..,..,..,..,58.28125802,72.32476488,..,17.72068511,..,..,107.6617584,4.456864898,4.305251766,..
2023,YR2023,South Sudan,SSD,..,-1.969555378,..,..,..,..,-2.32788825,..,74.58,57.617,-2.186107874,32.36363636,-2.117244959,-2.138235807,..,15.5,12.477,-1.684179783
2023,YR2023,Spain,ESP,2.499726361,0.629368722,1.558554362,77.08040712,2296.708042,68.51,0.752065539,95.4,74.586,83.88292683,0.287291557,44.28571429,0.693764329,0.822885692,..,17.9,12.179,1.194729686
2023,YR2023,Sri Lanka,LKA,8.123912645,-0.383976996,..,..,..,..,-0.252278894,51.2,54.854,77.483,-0.508541286,5.333333333,-0.507761836,-0.090676814,..,3.4,5.997,-0.231143683
2023,YR2023,St. Kitts and Nevis,KNA,1.510919204,0.413433611,..,..,..,..,0.38041082,76.4,..,72.145,0.92339325,31.25,0.541928887,0.47954756,..,4.5,..,0.774220765
2023,YR2023,St. Lucia,LCA,1.125208605,0.544128418,..,..,..,..,0.07383462,70.1,75.474,72.697,1.018019199,11.11111111,0.397178859,0.605028093,100.6740417,0.9,11.092,0.862668753
2023,YR2023,St. Vincent and the Grenadines,VCT,4.200632806,0.737308145,..,..,..,..,0.07383462,76,74.223,71.23,1.018019199,18.18181818,0.31760639,0.572212458,109.7347528,0.5,18.574,0.831284881
2023,YR2023,Sub-Saharan Africa (excluding high income),SSA,16.2795852,..,..,22.55591653,..,19.77,..,..,71.64622114,62.06547988,..,26.2121401,..,..,98.29827118,12.78262149,6.181448098,..
2023,YR2023,Sub-Saharan Africa (IDA & IBRD),TSS,17.87546704,..,..,22.55591653,..,19.77,..,..,71.37273916,62.60291349,..,27.03399766,..,..,98.29821014,13.66616417,5.887753617,..
2023,YR2023,Sudan,SDN,30.27567601,-1.502067089,..,..,..,..,-1.977062106,..,..,66.331,-2.466938972,..,-1.603139162,-1.67417717,..,2.8,..,-1.604848266
2023,YR2023,Suriname,SUR,7.474500241,-0.404351592,..,..,..,..,-0.967238128,78.4,60.078,73.631,0.412738472,29.41176471,-0.728055537,-0.06225745,65.9849472,8.5,7.631,0.353224784
2023,YR2023,Sweden,SWE,0.992411153,2.028246164,0.317207608,28.27422913,4252.627779,24.88,1.601383328,95.7,83.988,83.3097561,0.758365273,46.41833811,1.718017101,1.604023457,..,15.5,7.611,1.574831605
2023,YR2023,Switzerland,CHE,0.624912461,2.021999121,..,51.21784716,2515.371931,44.47,2.134927034,97.3,83.998,84.05609756,1.071443915,38.5,1.729380012,1.761725664,..,12.1,4.043,1.665026903
2023,YR2023,Syrian Arab Republic,SYR,..,-1.75022471,..,..,..,..,-1.788162112,..,39.882,72.12,-2.750606775,10.8,-1.810112953,-2.035180092,79.64617157,0.7,13.187,-1.854182601
2023,YR2023,Tajikistan,TJK,22.85886211,-1.378733397,..,..,..,..,-0.772318006,56.8,42.697,71.79,-0.472821504,26.98412698,-1.178222895,-1.277231216,100.6200784,22.3,11.546,-1.634670138
2023,YR2023,Tanzania,TZA,23.68714738,-0.319897324,..,..,..,..,-0.455080926,29.1,84.968,66.995,-0.052751601,37.40458015,-0.588394701,-0.373498291,93.0738199,32.4,2.582,-0.533726752
2023,YR2023,Thailand,THA,8.562775987,-0.489050776,..,..,..,..,0.171705812,89.5,75.312,76.412,-0.280302882,18.83767535,0.158257782,0.244872749,103.4898957,13.4,0.733,-0.450371355
2023,YR2023,Timor-Leste,TLS,16.86013986,-0.226704165,..,..,..,..,-0.84195441,34,66.215,67.689,0.260184526,36.92307692,-0.487927586,-0.834021986,123.3379745,5.2,1.521,0.433426917
2023,YR2023,Togo,TGO,18.13083205,-0.619174957,..,..,..,..,-0.578052044,37,59.153,62.739,-0.954195142,19.78021978,-0.493230194,-0.527499735,120.2493286,22.1,1.948,-0.78270787
2023,YR2023,Tonga,TON,17.50560131,-0.308315754,..,..,..,..,-0.115239479,58.5,54.499,72.895,1.087574005,7.142857143,-0.393207431,0.548529506,102.6369427,0.1,2.262,0.870985329
2023,YR2023,Trinidad and Tobago,TTO,0.823767652,-0.374148548,..,..,..,..,-0.043643255,84.7,67.097,73.49,0.401362389,28.57142857,-0.13073504,-0.283585638,92.75067139,2,4.21,0.620708883
2023,YR2023,Tunisia,TUN,9.331241229,-0.341899782,..,..,..,..,-0.300515085,72.4,51.249,76.508,-0.630951107,16.23376623,-0.619132638,-0.13898319,103.5299301,5.2,15.106,-0.212896988
2023,YR2023,Turkiye,TUR,6.159480502,-0.50248909,36.30512931,71.70268622,1852.749145,81.35,-0.247911587,86,59.364,77.156,-1.011080384,19.83333333,-0.229510218,-0.511972904,..,5.7,9.388,-0.860576987
2023,YR2023,Turkmenistan,TKM,11.29165273,-1.423624277,..,..,..,..,-1.206499577,..,50.468,70.073,-0.111424536,25.6,-2.068097591,-1.486578226,..,3.2,4.099,-1.883262753
2023,YR2023,Tuvalu,TUV,..,0.646379948,..,..,..,..,-0.449751288,74.3,..,67.105,1.189081907,6.25,-0.190622672,1.010824084,101.9217072,0,..,1.2235322
2023,YR2023,Uganda,UGA,24.08957469,-1.042574763,..,..,..,..,-0.549508572,15.3,81.929,68.252,-0.695506096,33.81294964,-0.517365336,-0.474925846,..,16.1,2.787,-0.695845246
2023,YR2023,Ukraine,UKR,7.551945463,-0.686146319,..,..,..,..,-0.3573201,82.4,..,73.422,-1.429823399,20.43269231,-0.266427398,-0.888317406,..,12.3,..,-0.100543134
2023,YR2023,United Arab Emirates,ARE,0.701206778,1.073663831,..,..,..,..,1.604281902,100,78.581,82.909,0.677530944,50,1.042391419,0.881900132,106.2599487,15.9,2.151,-1.09494102
2023,YR2023,United Kingdom,GBR,0.575689228,1.480913877,1.565798918,44.29677924,2146.76681,75.54,1.161142707,96.3,77.032,81.23809756,0.514935672,34.61538462,1.536566734,1.398365974,..,39.9,3.984,1.261623979
2023,YR2023,United States,USA,0.989069219,1.123432636,16.77399692,-8.351910289,6392.264884,81.59,1.217200994,93.1,73.572,78.38536585,0.029424749,28.96551724,1.393732786,1.327677846,..,15.9,3.638,0.877519071
2023,YR2023,Uruguay,URY,6.091009398,1.57394731,..,..,..,..,0.850249708,89.9,75.706,78.138,0.964887142,26.26262626,0.675111055,0.717662573,..,2.4,8.355,1.283793807
2023,YR2023,Uzbekistan,UZB,20.1676496,-0.80752933,..,..,..,..,-0.283767521,89,60.873,72.388,-0.154609963,33.57142857,-0.576817334,-0.832810998,93.48882592,9.5,4.46,-1.30965662
2023,YR2023,Vanuatu,VUT,..,-0.014865154,..,..,..,..,-0.568605483,45.7,60.461,71.477,0.932254612,1.923076923,-0.119526424,0.141380534,106.5286993,0.1,5.082,0.627497435
2023,YR2023,"Venezuela, RB",VEN,..,-1.690005183,..,..,..,..,-1.599200964,..,57.353,72.514,-1.189028025,..,-2.026247501,-2.151533604,108.4356995,39,5.485,-1.531320691
2023,YR2023,Viet Nam,VNM,11.86167116,-0.415814281,..,..,..,..,0.1264669,78.1,79.278,74.588,-0.036380734,30.26052104,-0.382607728,-0.085471876,122.4941519,2.9,1.645,-1.241853714
2023,YR2023,"Yemen, Rep.",YEM,..,-1.648933291,..,..,..,..,-2.275420427,..,33.793,69.295,-2.56293869,0,-1.843050718,-1.838976264,..,0.6,17.091,-1.550216913
2023,YR2023,Zambia,ZMB,2.230120343,-0.477706879,..,..,..,..,-0.658970058,33,59.769,66.349,0.201727286,14.97005988,-0.498100042,-0.529127419,..,41.3,5.905,-0.047946263
2023,YR2023,Zimbabwe,ZWE,4.108253656,-1.261216044,..,..,..,..,-1.170334935,38.4,66.105,62.775,-0.934447467,30.68181818,-1.338358641,-1.277142525,..,28.3,8.759,-1.092633009
2023,YR2023,Arab World,ARB,4.930174677,..,..,..,..,..,..,..,47.99973966,72.44467836,..,17.72823779,..,..,91.71102142,4.369921851,9.581397143,..
2023,YR2023,Caribbean small states,CSS,3.53405993,..,..,..,..,..,..,..,65.75184454,73.171645,..,26.35658915,..,..,92.0170517,6.124145394,7.821884021,..
2023,YR2023,Central Europe and the Baltics,CEB,2.733167334,..,40.9822439,49.34468667,2800.402029,73.78753386,..,..,73.91204592,77.89678365,..,25.53191489,..,..,97.06095886,28.13527117,4.014051053,..
2023,YR2023,Early-demographic dividend,EAR,10.58867986,..,20.45148026,39.01803479,..,86.00194962,..,..,59.50522834,71.79624498,..,25.13650913,..,..,104.5032578,9.79625874,5.260029505,..
2023,YR2023,East Asia & Pacific,EAS,5.666120545,..,31.93919819,35.6050943,..,83.05568347,..,..,73.8550174,76.65951833,..,22.52733282,..,..,101.6542511,16.20891793,3.857711655,..
2023,YR2023,East Asia & Pacific (excluding high income),EAP,7.565822887,..,..,..,..,..,..,..,73.47174646,75.88068309,..,22.79963953,..,..,101.7375336,7.33793106,3.972396589,..
2023,YR2023,Euro area,EMU,1.546306531,..,8.904751229,67.77125236,2821.916048,66.56801486,..,..,75.01163545,82.19200762,..,34.53253896,..,..,101.9304428,19.26557412,6.557963146,..
2023,YR2023,Europe & Central Asia,ECS,1.999617226,..,12.91658738,48.96845006,..,67.81011533,..,..,72.60484392,78.38701832,..,31.11799493,..,..,99.8422699,12.69488637,5.586352535,..
2023,YR2023,Europe & Central Asia (excluding high income),ECA,6.983805649,..,36.30512931,71.70268622,..,81.35,..,..,63.35101297,74.79871528,..,26.18526623,..,..,97.77237701,9.907316848,7.333127511,..
2023,YR2023,European Union,EUU,1.63311614,..,12.46360537,63.50097933,2849.402189,66.26277786,..,..,75.01525674,81.41145038,..,32.95364657,..,..,101.4471283,20.09644948,6.025065807,..
2023,YR2023,Fragile and conflict affected situations,FCS,18.30952798,..,..,..,..,..,..,..,65.10763907,63.37328126,..,21.875,..,..,96.54376221,8.572144713,5.20087834,..
2023,YR2023,Heavily indebted poor countries (HIPC),HPC,22.80717146,..,..,..,..,..,..,..,67.58734633,64.71590542,..,27.29516288,..,..,102.91465,13.422468,4.226617652,..
2023,YR2023,High income,HIC,1.335536132,..,16.88866257,11.09136514,4204.537573,76.94148592,..,92.3,75.05608149,80.15001512,..,30.34161212,..,..,99.42687988,18.26249263,4.338660165,..
2023,YR2023,Late-demographic dividend,LTE,6.076582525,..,12.51546996,0.374008034,..,59.69904896,..,..,73.77412255,77.13012054,..,23.63738528,..,..,101.1360931,15.90003002,4.805538352,..
2023,YR2023,Latin America & Caribbean,LCN,6.404244818,..,4.965892412,-7.464545817,..,64.71704987,..,..,68.52427834,75.64352933,..,35.69958848,..,..,104.5054092,22.84835778,6.207431309,..
2023,YR2023,Latin America & Caribbean (excluding high income),LAC,5.761205711,..,4.081558306,-13.16260864,..,64.69862733,..,..,69.07411315,75.49860133,..,36.62613982,..,..,104.5733185,21.19357345,6.101589843,..
2023,YR2023,Least developed countries: UN classification,LDC,20.15874989,..,..,..,..,..,..,..,65.29535296,66.51610026,..,26.6571835,..,..,..,10.88737538,4.946423147,..
2023,YR2023,Low & middle income,LMY,8.837431943,..,11.09459969,6.886234757,..,66.47012308,..,..,65.57225215,71.97400488,..,24.9047508,..,..,101.9733887,11.65698977,5.087677414,..
2023,YR2023,Low income,LIC,26.65345355,..,..,..,..,..,..,24.4,64.10754705,64.51789579,..,22.71332106,..,..,101.2584076,9.470799154,5.297353888,..
2023,YR2023,Lower middle income,LMC,15.44810213,..,..,22.55591653,..,19.77,..,50.9,61.26774659,69.59637466,..,23.34956404,..,..,102.7583923,9.364049151,4.413936003,..
2023,YR2023,"Middle East, North Africa, Afghanistan & Pakistan",MEA,6.29612734,..,17.50269795,14.09158665,..,96.52,..,..,49.71998285,72.08394124,..,17.13176413,..,..,97.82354736,6.045272983,8.078864426,..
2023,YR2023,"Middle East, North Africa, Afghanistan & Pakistan (excluding high income)",MNA,12.75663086,..,..,..,..,..,..,..,47.31940317,71.27588499,..,16.98653681,..,..,97.42363739,4.727809894,8.919076142,..
2023,YR2023,Middle income,MIC,8.639023069,..,11.09459969,6.886234757,..,66.47012308,..,..,65.68777451,72.74319387,..,25.4187665,..,..,102.1162033,11.99218186,5.071622525,..
2023,YR2023,North America,NAC,1.046561261,..,15.23448063,-17.9194746,6501.400172,81.00628492,..,..,74.29080288,78.73282137,..,29.70168612,..,..,96.8839035,13.67527634,3.840737513,..
2023,YR2023,OECD members,OED,1.460669709,..,17.07927657,11.93703659,3673.860647,77.48216707,..,..,73.35472588,80.1615573,..,32.82863732,..,..,100.459671,20.4630102,4.825673308,..
2023,YR2023,Other small states,OSS,3.096662178,..,9.762308998,..,..,29.91572449,..,..,64.18365597,73.56469451,..,24.3650047,..,..,..,8.888057565,8.428542226,..
2023,YR2023,Pacific island small states,PSS,..,..,..,..,..,..,..,..,67.2449848,69.2745949,..,8.638743455,..,..,..,7.170561128,3.181085508,..
2023,YR2023,Post-demographic dividend,PST,1.235872602,..,16.27381226,9.353821473,4356.026076,76.9740158,..,..,75.60394208,80.82283464,..,33.52266399,..,..,99.18131256,19.68907354,4.466412923,..
2023,YR2023,Pre-demographic dividend,PRE,18.07254256,..,..,22.55591653,..,19.77,..,..,70.21705562,62.16362989,..,25.14827995,..,..,97.98300171,12.09835489,4.700607933,..
2023,YR2023,Small states,SST,3.764240875,..,9.762308998,..,..,29.91572449,..,..,64.88636802,72.90071976,..,21.50655022,..,..,100.4212799,7.545449795,7.666090513,..
2023,YR2023,South Asia,SAS,15.52512824,..,..,..,..,..,..,..,58.28125802,72.32476488,..,17.72068511,..,..,107.6617584,4.456864898,4.305251766,..
2023,YR2023,Sub-Saharan Africa,SSF,17.87546704,..,..,22.55591653,..,19.77,..,..,71.37273916,62.60291349,..,27.03399766,..,..,98.29821014,13.66616417,5.887753617,..
2023,YR2023,Upper middle income,UMC,6.922127626,..,11.18987773,6.205523193,..,68.49883779,..,78.5,70.30540988,76.1953051,..,26.94101966,..,..,101.3914566,13.41064099,5.662411862,..
2023,YR2023,World,WLD,4.106829135,..,16.15633437,10.53232424,..,75.55099469,..,65.4,67.26613093,73.32971628,..,26.73574852,..,..,101.7617035,14.9497849,4.915954069,..
